month_start,provider_code,provider_name,provider_parent_name,provider_type,total_waiting,within_18_wks,known_start,over_52_wks,pct_within_18_wks
2025-04-01,NPR01,ABOUT HEALTH HQ,NHS SOMERSET INTEGRATED CARE BOARD,Independent sector / other,1652,1596,1652,0,96.6
2025-04-01,RCF,AIREDALE NHS FOUNDATION TRUST,NHS WEST YORKSHIRE INTEGRATED CARE BOARD,NHS trust,13752,9817,13752,70,71.4
2025-04-01,RBS,ALDER HEY CHILDREN'S NHS FOUNDATION TRUST,NHS CHESHIRE AND MERSEYSIDE INTEGRATED CARE BOARD,NHS trust,20962,11350,20962,374,54.1
2025-04-01,NT401,ALEXANDRA HOSPITAL,NHS GREATER MANCHESTER INTEGRATED CARE BOARD,Independent sector / other,701,593,701,1,84.6
2025-04-01,NX5,ANGLIA COMMUNITY EYE SERVICE LTD,NHS CAMBRIDGESHIRE AND PETERBOROUGH INTEGRATED CARE BOARD,Independent sector / other,1116,1099,1116,0,98.5
2025-04-01,RTK,ASHFORD AND ST PETER'S HOSPITALS NHS FOUNDATION TRUST,NHS SURREY HEARTLANDS INTEGRATED CARE BOARD,NHS trust,59337,34093,59337,763,57.5
2025-04-01,NVC01,ASHTEAD HOSPITAL,NHS SURREY HEARTLANDS INTEGRATED CARE BOARD,Independent sector / other,998,739,998,6,74.0
2025-04-01,RF4,"BARKING, HAVERING AND REDBRIDGE UNIVERSITY HOSPITALS NHS TRUST",NHS NORTH EAST LONDON INTEGRATED CARE BOARD,NHS trust,56694,39348,56694,560,69.4
2025-04-01,RFF,BARNSLEY HOSPITAL NHS FOUNDATION TRUST,NHS SOUTH YORKSHIRE INTEGRATED CARE BOARD,NHS trust,24704,17332,24704,119,70.2
2025-04-01,R1H,BARTS HEALTH NHS TRUST,NHS NORTH EAST LONDON INTEGRATED CARE BOARD,NHS trust,123295,68323,123295,3678,55.4
2025-04-01,NT402,BATH CLINIC,"NHS BATH AND NORTH EAST SOMERSET, SWINDON AND WILTSHIRE INTEGRATED CARE BOARD",Independent sector / other,752,638,752,1,84.8
2025-04-01,NRP,BEACON MEDICAL SERVICES GROUP LIMITED,NHS GREATER MANCHESTER INTEGRATED CARE BOARD,Independent sector / other,348,347,348,0,99.7
2025-04-01,NVC0I,BEACON PARK HOSPITAL,NHS STAFFORDSHIRE AND STOKE-ON-TRENT INTEGRATED CARE BOARD,Independent sector / other,957,790,957,0,82.5
2025-04-01,NT403,BEARDWOOD HOSPITAL,NHS LANCASHIRE AND SOUTH CUMBRIA INTEGRATED CARE BOARD,Independent sector / other,2621,1993,2621,2,76.0
2025-04-01,NT404,BEAUMONT HOSPITAL,NHS GREATER MANCHESTER INTEGRATED CARE BOARD,Independent sector / other,2288,1830,2288,0,80.0
2025-04-01,RC9,BEDFORDSHIRE HOSPITALS NHS FOUNDATION TRUST,"NHS BEDFORDSHIRE, LUTON AND MILTON KEYNES INTEGRATED CARE BOARD",NHS trust,100723,53667,100723,2781,53.3
2025-04-01,NWF01,BENENDEN HOSPITAL,NHS KENT AND MEDWAY INTEGRATED CARE BOARD,Independent sector / other,1447,981,1447,72,67.8
2025-04-01,RWX,BERKSHIRE HEALTHCARE NHS FOUNDATION TRUST,NHS FRIMLEY INTEGRATED CARE BOARD,NHS trust,84,83,84,0,98.8
2025-04-01,RYW,BIRMINGHAM COMMUNITY HEALTHCARE NHS FOUNDATION TRUST,NHS BIRMINGHAM AND SOLIHULL INTEGRATED CARE BOARD,NHS trust,15848,10434,15848,52,65.8
2025-04-01,RQ3,BIRMINGHAM WOMEN'S AND CHILDREN'S NHS FOUNDATION TRUST,NHS BIRMINGHAM AND SOLIHULL INTEGRATED CARE BOARD,NHS trust,26303,15300,26303,102,58.2
2025-04-01,NT405,BISHOPS WOOD HOSPITAL,NHS NORTH WEST LONDON INTEGRATED CARE BOARD,Independent sector / other,556,456,556,2,82.0
2025-04-01,NT406,BLACKHEATH HOSPITAL,NHS SOUTH EAST LONDON INTEGRATED CARE BOARD,Independent sector / other,1427,1029,1427,26,72.1
2025-04-01,RXL,BLACKPOOL TEACHING HOSPITALS NHS FOUNDATION TRUST,NHS LANCASHIRE AND SOUTH CUMBRIA INTEGRATED CARE BOARD,NHS trust,34168,19021,34168,1322,55.7
2025-04-01,NVC31,BLAKELANDS HOSPITAL,"NHS BEDFORDSHIRE, LUTON AND MILTON KEYNES INTEGRATED CARE BOARD",Independent sector / other,2304,1691,2304,22,73.4
2025-04-01,RMC,BOLTON NHS FOUNDATION TRUST,NHS GREATER MANCHESTER INTEGRATED CARE BOARD,NHS trust,38173,20964,38173,1254,54.9
2025-04-01,NVC27,BOSTON WEST HOSPITAL,NHS LINCOLNSHIRE INTEGRATED CARE BOARD,Independent sector / other,1690,1112,1690,19,65.8
2025-04-01,TAD,BRADFORD DISTRICT CARE NHS FOUNDATION TRUST,NHS WEST YORKSHIRE INTEGRATED CARE BOARD,NHS trust,563,391,563,6,69.4
2025-04-01,RAE,BRADFORD TEACHING HOSPITALS NHS FOUNDATION TRUST,NHS WEST YORKSHIRE INTEGRATED CARE BOARD,NHS trust,32541,20562,32541,149,63.2
2025-04-01,RXQ,BUCKINGHAMSHIRE HEALTHCARE NHS TRUST,"NHS BUCKINGHAMSHIRE, OXFORDSHIRE AND BERKSHIRE WEST INTEGRATED CARE BOARD",NHS trust,48548,27752,48548,1300,57.2
2025-04-01,A4M8P,BUCKSHAW HOSPITAL,NHS LANCASHIRE AND SOUTH CUMBRIA INTEGRATED CARE BOARD,Independent sector / other,3087,2010,3087,44,65.1
2025-04-01,RWY,CALDERDALE AND HUDDERSFIELD NHS FOUNDATION TRUST,NHS WEST YORKSHIRE INTEGRATED CARE BOARD,NHS trust,36191,24573,36191,38,67.9
2025-04-01,RGT,CAMBRIDGE UNIVERSITY HOSPITALS NHS FOUNDATION TRUST,NHS CAMBRIDGESHIRE AND PETERBOROUGH INTEGRATED CARE BOARD,NHS trust,65322,37559,65322,2528,57.5
2025-04-01,RT1,CAMBRIDGESHIRE AND PETERBOROUGH NHS FOUNDATION TRUST,NHS CAMBRIDGESHIRE AND PETERBOROUGH INTEGRATED CARE BOARD,NHS trust,339,177,339,70,52.2
2025-04-01,NL3,CARE PLUS GROUP,NHS HUMBER AND NORTH YORKSHIRE INTEGRATED CARE BOARD,Independent sector / other,224,214,224,0,95.5
2025-04-01,NT451,CAVELL HOSPITAL,NHS NORTH CENTRAL LONDON INTEGRATED CARE BOARD,Independent sector / other,1370,968,1370,3,70.7
2025-04-01,NT408,CHAUCER HOSPITAL,NHS KENT AND MEDWAY INTEGRATED CARE BOARD,Independent sector / other,815,636,815,0,78.0
2025-04-01,RQM,CHELSEA AND WESTMINSTER HOSPITAL NHS FOUNDATION TRUST,NHS NORTH WEST LONDON INTEGRATED CARE BOARD,NHS trust,67299,39720,67299,474,59.0
2025-04-01,NT409,CHELSFIELD PARK HOSPITAL,NHS SOUTH EAST LONDON INTEGRATED CARE BOARD,Independent sector / other,639,545,639,2,85.3
2025-04-01,RFS,CHESTERFIELD ROYAL HOSPITAL NHS FOUNDATION TRUST,NHS DERBY AND DERBYSHIRE INTEGRATED CARE BOARD,NHS trust,28992,16113,28992,852,55.6
2025-04-01,NT410,CHILTERN HOSPITAL,"NHS BUCKINGHAMSHIRE, OXFORDSHIRE AND BERKSHIRE WEST INTEGRATED CARE BOARD",Independent sector / other,496,400,496,1,80.6
2025-04-01,F9Z4V,CIRCLE READING HOSPITAL,"NHS BUCKINGHAMSHIRE, OXFORDSHIRE AND BERKSHIRE WEST INTEGRATED CARE BOARD",Independent sector / other,1609,1219,1609,4,75.8
2025-04-01,B3M1X,CLAREMONT PRIVATE HOSPITAL,NHS SOUTH YORKSHIRE INTEGRATED CARE BOARD,Independent sector / other,1967,1498,1967,2,76.2
2025-04-01,NT411,CLEMENTINE CHURCHILL HOSPITAL,NHS NORTH WEST LONDON INTEGRATED CARE BOARD,Independent sector / other,1858,1854,1858,1,99.8
2025-04-01,NVC28,CLIFTON PARK HOSPITAL,NHS HUMBER AND NORTH YORKSHIRE INTEGRATED CARE BOARD,Independent sector / other,1606,975,1606,30,60.7
2025-04-01,NVC29,COBALT HOSPITAL,NHS NORTH EAST AND NORTH CUMBRIA INTEGRATED CARE BOARD,Independent sector / other,1982,1336,1982,50,67.4
2025-04-01,NLG,COMMUNITAS CLINICS,NHS SOUTH WEST LONDON INTEGRATED CARE BOARD,Independent sector / other,8987,6231,8987,0,69.3
2025-04-01,AAV,COMMUNITY HEALTH AND EYECARE LIMITED,NHS LANCASHIRE AND SOUTH CUMBRIA INTEGRATED CARE BOARD,Independent sector / other,3635,3563,3635,0,98.0
2025-04-01,NMG,CORA HEALTH MSK (FORMERLY CONNECT HEALTH LTD),NHS NORTH EAST AND NORTH CUMBRIA INTEGRATED CARE BOARD,Independent sector / other,13538,12230,13538,0,90.3
2025-04-01,RJ8,CORNWALL PARTNERSHIP NHS FOUNDATION TRUST,NHS CORNWALL AND THE ISLES OF SCILLY INTEGRATED CARE BOARD,NHS trust,557,546,557,6,98.0
2025-04-01,DFY01,COTSWOLDS SURGICAL PARTNERS,"NHS BATH AND NORTH EAST SOMERSET, SWINDON AND WILTSHIRE INTEGRATED CARE BOARD",Independent sector / other,133,130,133,0,97.7
2025-04-01,RJR,COUNTESS OF CHESTER HOSPITAL NHS FOUNDATION TRUST,NHS CHESHIRE AND MERSEYSIDE INTEGRATED CARE BOARD,NHS trust,38026,18123,38026,2438,47.7
2025-04-01,RXP,COUNTY DURHAM AND DARLINGTON NHS FOUNDATION TRUST,NHS NORTH EAST AND NORTH CUMBRIA INTEGRATED CARE BOARD,NHS trust,37018,25108,37018,299,67.8
2025-04-01,RJ6,CROYDON HEALTH SERVICES NHS TRUST,NHS SOUTH WEST LONDON INTEGRATED CARE BOARD,NHS trust,34440,23547,34440,859,68.4
2025-04-01,RX4,"CUMBRIA, NORTHUMBERLAND, TYNE AND WEAR NHS FOUNDATION TRUST",NHS NORTH EAST AND NORTH CUMBRIA INTEGRATED CARE BOARD,NHS trust,196,194,196,0,99.0
2025-04-01,RN7,DARTFORD AND GRAVESHAM NHS TRUST,NHS KENT AND MEDWAY INTEGRATED CARE BOARD,NHS trust,31268,18945,31268,678,60.6
2025-04-01,NVL,DMC DERMATOLOGY,NHS GREATER MANCHESTER INTEGRATED CARE BOARD,Independent sector / other,226,226,226,0,100.0
2025-04-01,NCN,DMC HEALTHCARE,NHS SOUTH EAST LONDON INTEGRATED CARE BOARD,Independent sector / other,2226,2206,2226,0,99.1
2025-04-01,RP5,DONCASTER AND BASSETLAW TEACHING HOSPITALS NHS FOUNDATION TRUST,NHS SOUTH YORKSHIRE INTEGRATED CARE BOARD,NHS trust,54292,33036,54292,1471,60.8
2025-04-01,NNE,DORKING HEALTHCARE LIMITED (DHC),NHS SURREY HEARTLANDS INTEGRATED CARE BOARD,Independent sector / other,6063,5349,6063,1,88.2
2025-04-01,RBD,DORSET COUNTY HOSPITAL NHS FOUNDATION TRUST,NHS DORSET INTEGRATED CARE BOARD,NHS trust,22484,13243,22484,448,58.9
2025-04-01,NT412,DROITWICH SPA HOSPITAL,NHS HEREFORDSHIRE AND WORCESTERSHIRE INTEGRATED CARE BOARD,Independent sector / other,1976,1303,1976,1,65.9
2025-04-01,NT447,DUCHY HOSPITAL,NHS HUMBER AND NORTH YORKSHIRE INTEGRATED CARE BOARD,Independent sector / other,477,313,477,0,65.6
2025-04-01,NVC04,DUCHY HOSPITAL,NHS CORNWALL AND THE ISLES OF SCILLY INTEGRATED CARE BOARD,Independent sector / other,2078,1059,2078,20,51.0
2025-04-01,RWH,EAST AND NORTH HERTFORDSHIRE TEACHING NHS TRUST,NHS HERTFORDSHIRE AND WEST ESSEX INTEGRATED CARE BOARD,NHS trust,55898,35048,55898,1067,62.7
2025-04-01,RJN,EAST CHESHIRE NHS TRUST,NHS CHESHIRE AND MERSEYSIDE INTEGRATED CARE BOARD,NHS trust,13541,8017,13541,109,59.2
2025-04-01,RVV,EAST KENT HOSPITALS UNIVERSITY NHS FOUNDATION TRUST,NHS KENT AND MEDWAY INTEGRATED CARE BOARD,NHS trust,83118,44923,83118,2648,54.0
2025-04-01,RXR,EAST LANCASHIRE HOSPITALS NHS TRUST,NHS LANCASHIRE AND SOUTH CUMBRIA INTEGRATED CARE BOARD,NHS trust,60237,34011,60237,2598,56.5
2025-04-01,RDE,EAST SUFFOLK AND NORTH ESSEX NHS FOUNDATION TRUST,NHS SUFFOLK AND NORTH EAST ESSEX INTEGRATED CARE BOARD,NHS trust,91895,50687,91895,3233,55.2
2025-04-01,RXC,EAST SUSSEX HEALTHCARE NHS TRUST,NHS SUSSEX INTEGRATED CARE BOARD,NHS trust,63185,37939,63185,1013,60.0
2025-04-01,NT445,EDGBASTON HOSPITAL,NHS BIRMINGHAM AND SOLIHULL INTEGRATED CARE BOARD,Independent sector / other,1,1,1,0,100.0
2025-04-01,M9U8M,ENDOCARE DIAGNOSTICS LTD,NHS GREATER MANCHESTER INTEGRATED CARE BOARD,Independent sector / other,104,104,104,0,100.0
2025-04-01,RVR,EPSOM AND ST HELIER UNIVERSITY HOSPITALS NHS TRUST,NHS SOUTH WEST LONDON INTEGRATED CARE BOARD,NHS trust,49751,32361,49751,847,65.0
2025-04-01,NVM,EPSOMEDICAL GROUP,NHS SURREY HEARTLANDS INTEGRATED CARE BOARD,Independent sector / other,2788,2472,2788,9,88.7
2025-04-01,NVC05,EUXTON HALL HOSPITAL,NHS LANCASHIRE AND SOUTH CUMBRIA INTEGRATED CARE BOARD,Independent sector / other,3167,2163,3167,50,68.3
2025-04-01,NVC0Y,EXETER MEDICAL,NHS DEVON INTEGRATED CARE BOARD,Independent sector / other,334,294,334,2,88.0
2025-04-01,ACM,EYE CARE MEDICAL LTD,NHS CHESHIRE AND MERSEYSIDE INTEGRATED CARE BOARD,Independent sector / other,6,6,6,0,100.0
2025-04-01,Y9S1N,FAIRFIELD INDEPENDENT HOSPITAL,NHS CHESHIRE AND MERSEYSIDE INTEGRATED CARE BOARD,Independent sector / other,2107,1503,2107,0,71.3
2025-04-01,NDJ,FIRST COMMUNITY HEALTH AND CARE CIC,NHS SURREY HEARTLANDS INTEGRATED CARE BOARD,Independent sector / other,749,742,749,0,99.1
2025-04-01,NVC06,FITZWILLIAM HOSPITAL,NHS CAMBRIDGESHIRE AND PETERBOROUGH INTEGRATED CARE BOARD,Independent sector / other,6056,3495,6056,49,57.7
2025-04-01,RDU,FRIMLEY HEALTH NHS FOUNDATION TRUST,NHS FRIMLEY INTEGRATED CARE BOARD,NHS trust,72206,38894,72206,3110,53.9
2025-04-01,NVC07,FULWOOD HALL HOSPITAL,NHS LANCASHIRE AND SOUTH CUMBRIA INTEGRATED CARE BOARD,Independent sector / other,5765,3685,5765,54,63.9
2025-04-01,RR7,GATESHEAD HEALTH NHS FOUNDATION TRUST,NHS NORTH EAST AND NORTH CUMBRIA INTEGRATED CARE BOARD,NHS trust,13067,9073,13067,16,69.4
2025-04-01,RLT,GEORGE ELIOT HOSPITAL NHS TRUST,NHS COVENTRY AND WARWICKSHIRE INTEGRATED CARE BOARD,NHS trust,20260,11764,20260,746,58.1
2025-04-01,K8I4X,GLENDON WOOD HOSPITAL,NHS NORTHAMPTONSHIRE INTEGRATED CARE BOARD,Independent sector / other,1553,1145,1553,12,73.7
2025-04-01,RTE,GLOUCESTERSHIRE HOSPITALS NHS FOUNDATION TRUST,NHS GLOUCESTERSHIRE INTEGRATED CARE BOARD,NHS trust,67389,46484,67389,93,69.0
2025-04-01,NT417,GORING HALL HOSPITAL,NHS SUSSEX INTEGRATED CARE BOARD,Independent sector / other,1168,590,1168,7,50.5
2025-04-01,NWV01,GP CARE UK,"NHS BRISTOL, NORTH SOMERSET AND SOUTH GLOUCESTERSHIRE INTEGRATED CARE BOARD",Independent sector / other,829,826,829,0,99.6
2025-04-01,RP4,GREAT ORMOND STREET HOSPITAL FOR CHILDREN NHS FOUNDATION TRUST,NHS NORTH CENTRAL LONDON INTEGRATED CARE BOARD,NHS trust,8145,5567,8145,237,68.3
2025-04-01,RN3,GREAT WESTERN HOSPITALS NHS FOUNDATION TRUST,"NHS BATH AND NORTH EAST SOMERSET, SWINDON AND WILTSHIRE INTEGRATED CARE BOARD",NHS trust,37512,21678,37512,816,57.8
2025-04-01,RJ1,GUY'S AND ST THOMAS' NHS FOUNDATION TRUST,NHS SOUTH EAST LONDON INTEGRATED CARE BOARD,NHS trust,120654,73392,120654,2384,60.8
2025-04-01,RW1,HAMPSHIRE AND ISLE OF WIGHT HEALTHCARE NHS FOUNDATION TRUST,NHS HAMPSHIRE AND ISLE OF WIGHT INTEGRATED CARE BOARD,NHS trust,3961,3675,3961,0,92.8
2025-04-01,NT418,HAMPSHIRE CLINIC,NHS HAMPSHIRE AND ISLE OF WIGHT INTEGRATED CARE BOARD,Independent sector / other,235,163,235,4,69.4
2025-04-01,RN5,HAMPSHIRE HOSPITALS NHS FOUNDATION TRUST,NHS HAMPSHIRE AND ISLE OF WIGHT INTEGRATED CARE BOARD,NHS trust,50934,29596,50934,1421,58.1
2025-04-01,NT419,HARBOUR HOSPITAL,NHS DORSET INTEGRATED CARE BOARD,Independent sector / other,157,131,157,0,83.4
2025-04-01,RCD,HARROGATE AND DISTRICT NHS FOUNDATION TRUST,NHS HUMBER AND NORTH YORKSHIRE INTEGRATED CARE BOARD,NHS trust,20824,14653,20824,1,70.4
2025-04-01,NYR,HEALTHSHARE DIAGNOSTICS,NHS KENT AND MEDWAY INTEGRATED CARE BOARD,Independent sector / other,1642,1319,1642,28,80.3
2025-04-01,NRL,HEART NETWORKS,NHS GREATER MANCHESTER INTEGRATED CARE BOARD,Independent sector / other,364,364,364,0,100.0
2025-04-01,NT416,HENDON HOSPITAL,NHS NORTH CENTRAL LONDON INTEGRATED CARE BOARD,Independent sector / other,1131,793,1131,0,70.1
2025-04-01,R1A,HEREFORDSHIRE AND WORCESTERSHIRE HEALTH AND CARE NHS TRUST,NHS HEREFORDSHIRE AND WORCESTERSHIRE INTEGRATED CARE BOARD,NHS trust,96,93,96,0,96.9
2025-04-01,NT420,HIGHFIELD HOSPITAL,NHS GREATER MANCHESTER INTEGRATED CARE BOARD,Independent sector / other,988,821,988,0,83.1
2025-04-01,RQX,HOMERTON HEALTHCARE NHS FOUNDATION TRUST,NHS NORTH EAST LONDON INTEGRATED CARE BOARD,NHS trust,36385,22809,36385,151,62.7
2025-04-01,NT448,HUDDERSFIELD PRIVATE HOSPITAL,NHS WEST YORKSHIRE INTEGRATED CARE BOARD,Independent sector / other,644,603,644,0,93.6
2025-04-01,RWA,HULL UNIVERSITY TEACHING HOSPITALS NHS TRUST,NHS HUMBER AND NORTH YORKSHIRE INTEGRATED CARE BOARD,NHS trust,77991,44306,77991,2799,56.8
2025-04-01,RYJ,IMPERIAL COLLEGE HEALTHCARE NHS TRUST,NHS NORTH WEST LONDON INTEGRATED CARE BOARD,NHS trust,88412,53248,88412,1749,60.2
2025-04-01,NXP,INDEPENDENT HEALTH GROUP,"NHS BATH AND NORTH EAST SOMERSET, SWINDON AND WILTSHIRE INTEGRATED CARE BOARD",Independent sector / other,1077,1058,1077,1,98.2
2025-04-01,NV1,INHEALTH LIMITED,"NHS BUCKINGHAMSHIRE, OXFORDSHIRE AND BERKSHIRE WEST INTEGRATED CARE BOARD",Independent sector / other,534,533,534,0,99.8
2025-04-01,NCR,ISIGHT,NHS CHESHIRE AND MERSEYSIDE INTEGRATED CARE BOARD,Independent sector / other,809,767,809,0,94.8
2025-04-01,R1F,ISLE OF WIGHT NHS TRUST,NHS HAMPSHIRE AND ISLE OF WIGHT INTEGRATED CARE BOARD,NHS trust,13685,8109,13685,70,59.3
2025-04-01,RGP,JAMES PAGET UNIVERSITY HOSPITALS NHS FOUNDATION TRUST,NHS NORFOLK AND WAVENEY INTEGRATED CARE BOARD,NHS trust,34991,19003,34991,1720,54.3
2025-04-01,RYY,KENT COMMUNITY HEALTH NHS FOUNDATION TRUST,NHS KENT AND MEDWAY INTEGRATED CARE BOARD,NHS trust,3324,3321,3324,0,99.9
2025-04-01,RNQ,KETTERING GENERAL HOSPITAL NHS FOUNDATION TRUST,NHS NORTHAMPTONSHIRE INTEGRATED CARE BOARD,NHS trust,24850,16533,24850,171,66.5
2025-04-01,ADP02,KIMS HOSPITAL (NEWNHAM COURT),NHS KENT AND MEDWAY INTEGRATED CARE BOARD,Independent sector / other,964,864,964,2,89.6
2025-04-01,RJZ,KING'S COLLEGE HOSPITAL NHS FOUNDATION TRUST,NHS SOUTH EAST LONDON INTEGRATED CARE BOARD,NHS trust,87610,54554,87610,1340,62.3
2025-04-01,NT421,KINGS OAK HOSPITAL,NHS NORTH CENTRAL LONDON INTEGRATED CARE BOARD,Independent sector / other,912,734,912,9,80.5
2025-04-01,RAX,KINGSTON AND RICHMOND NHS FOUNDATION TRUST,NHS SOUTH WEST LONDON INTEGRATED CARE BOARD,NHS trust,42245,27907,42245,263,66.1
2025-04-01,RW5,LANCASHIRE & SOUTH CUMBRIA NHS FOUNDATION TRUST,NHS LANCASHIRE AND SOUTH CUMBRIA INTEGRATED CARE BOARD,NHS trust,2881,2811,2881,0,97.6
2025-04-01,RXN,LANCASHIRE TEACHING HOSPITALS NHS FOUNDATION TRUST,NHS LANCASHIRE AND SOUTH CUMBRIA INTEGRATED CARE BOARD,NHS trust,61521,33726,61521,1642,54.8
2025-04-01,NLE01,LANCASTER HOUSE CONSULTING DIAGNOSTICS SURGICAL LTD HQ,NHS GREATER MANCHESTER INTEGRATED CARE BOARD,Independent sector / other,667,653,667,0,97.9
2025-04-01,NT449,LANCASTER PRIVATE HOSPITAL,NHS LANCASHIRE AND SOUTH CUMBRIA INTEGRATED CARE BOARD,Independent sector / other,432,319,432,2,73.8
2025-04-01,RY6,LEEDS COMMUNITY HEALTHCARE NHS TRUST,NHS WEST YORKSHIRE INTEGRATED CARE BOARD,NHS trust,4,0,4,0,0.0
2025-04-01,RR8,LEEDS TEACHING HOSPITALS NHS TRUST,NHS WEST YORKSHIRE INTEGRATED CARE BOARD,NHS trust,89037,57942,89037,2484,65.1
2025-04-01,RJ2,LEWISHAM AND GREENWICH NHS TRUST,NHS SOUTH EAST LONDON INTEGRATED CARE BOARD,NHS trust,55501,30948,55501,2711,55.8
2025-04-01,NT450,LINCOLN PRIVATE HOSPITAL,NHS LINCOLNSHIRE INTEGRATED CARE BOARD,Independent sector / other,1231,851,1231,2,69.1
2025-04-01,RP7,LINCOLNSHIRE PARTNERSHIP NHS FOUNDATION TRUST,NHS LINCOLNSHIRE INTEGRATED CARE BOARD,NHS trust,41,38,41,1,92.7
2025-04-01,RBQ,LIVERPOOL HEART AND CHEST HOSPITAL NHS FOUNDATION TRUST,NHS CHESHIRE AND MERSEYSIDE INTEGRATED CARE BOARD,NHS trust,6132,4167,6132,57,68.0
2025-04-01,REM,LIVERPOOL UNIVERSITY HOSPITALS NHS FOUNDATION TRUST,NHS CHESHIRE AND MERSEYSIDE INTEGRATED CARE BOARD,NHS trust,71230,38268,71230,3019,53.7
2025-04-01,REP,LIVERPOOL WOMEN'S NHS FOUNDATION TRUST,NHS CHESHIRE AND MERSEYSIDE INTEGRATED CARE BOARD,NHS trust,16877,8480,16877,418,50.2
2025-04-01,NR5,LIVEWELL SOUTHWEST,NHS DEVON INTEGRATED CARE BOARD,Independent sector / other,55,51,55,0,92.7
2025-04-01,NL8,LOCALA COMMUNITY PARTNERSHIPS CIC,NHS WEST YORKSHIRE INTEGRATED CARE BOARD,Independent sector / other,1189,1075,1189,0,90.4
2025-04-01,NT422,LONDON INDEPENDENT HOSPITAL,NHS NORTH EAST LONDON INTEGRATED CARE BOARD,Independent sector / other,3792,2264,3792,127,59.7
2025-04-01,R1K,LONDON NORTH WEST UNIVERSITY HEALTHCARE NHS TRUST,NHS NORTH WEST LONDON INTEGRATED CARE BOARD,NHS trust,85703,44745,85703,2864,52.2
2025-04-01,RWF,MAIDSTONE AND TUNBRIDGE WELLS NHS TRUST,NHS KENT AND MEDWAY INTEGRATED CARE BOARD,NHS trust,46245,33532,46245,1,72.5
2025-04-01,NN5,MANCHESTER SURGICAL SERVICES LTD,NHS GREATER MANCHESTER INTEGRATED CARE BOARD,Independent sector / other,282,266,282,0,94.3
2025-04-01,R0A,MANCHESTER UNIVERSITY NHS FOUNDATION TRUST,NHS GREATER MANCHESTER INTEGRATED CARE BOARD,NHS trust,193114,98574,193114,8443,51.0
2025-04-01,NT423,MANOR HOSPITAL,"NHS BEDFORDSHIRE, LUTON AND MILTON KEYNES INTEGRATED CARE BOARD",Independent sector / other,842,496,842,5,58.9
2025-04-01,AY1,MEDEFER,NHS NORTH CENTRAL LONDON INTEGRATED CARE BOARD,Independent sector / other,1779,1230,1779,14,69.1
2025-04-01,RPA,MEDWAY NHS FOUNDATION TRUST,NHS KENT AND MEDWAY INTEGRATED CARE BOARD,NHS trust,40171,21427,40171,1718,53.3
2025-04-01,NT424,MERIDEN HOSPITAL,NHS COVENTRY AND WARWICKSHIRE INTEGRATED CARE BOARD,Independent sector / other,1792,1482,1792,3,82.7
2025-04-01,RBN,MERSEY AND WEST LANCASHIRE TEACHING HOSPITALS NHS TRUST,NHS CHESHIRE AND MERSEYSIDE INTEGRATED CARE BOARD,NHS trust,76488,49000,76488,2064,64.1
2025-04-01,RW4,MERSEY CARE NHS FOUNDATION TRUST,NHS CHESHIRE AND MERSEYSIDE INTEGRATED CARE BOARD,NHS trust,46,40,46,2,87.0
2025-04-01,RAJ,MID AND SOUTH ESSEX NHS FOUNDATION TRUST,NHS MID AND SOUTH ESSEX INTEGRATED CARE BOARD,NHS trust,172805,81233,172805,10951,47.0
2025-04-01,RBT,MID CHESHIRE HOSPITALS NHS FOUNDATION TRUST,NHS CHESHIRE AND MERSEYSIDE INTEGRATED CARE BOARD,NHS trust,35586,19621,35586,1613,55.1
2025-04-01,RXF,MID YORKSHIRE TEACHING NHS TRUST,NHS WEST YORKSHIRE INTEGRATED CARE BOARD,NHS trust,55318,33964,55318,369,61.4
2025-04-01,S4E3I,MIDLAND EYE (EYE-DOCS LTD),NHS BIRMINGHAM AND SOLIHULL INTEGRATED CARE BOARD,Independent sector / other,516,514,516,0,99.6
2025-04-01,RRE,MIDLANDS PARTNERSHIP UNIVERSITY NHS FOUNDATION TRUST,NHS STAFFORDSHIRE AND STOKE-ON-TRENT INTEGRATED CARE BOARD,NHS trust,6540,6321,6540,2,96.7
2025-04-01,RD8,MILTON KEYNES UNIVERSITY HOSPITAL NHS FOUNDATION TRUST,"NHS BEDFORDSHIRE, LUTON AND MILTON KEYNES INTEGRATED CARE BOARD",NHS trust,31773,14883,31773,1556,46.8
2025-04-01,RP6,MOORFIELDS EYE HOSPITAL NHS FOUNDATION TRUST,NHS NORTH CENTRAL LONDON INTEGRATED CARE BOARD,NHS trust,33331,27575,33331,22,82.7
2025-04-01,NT455,MOUNT ALVERNIA HOSPITAL,NHS SURREY HEARTLANDS INTEGRATED CARE BOARD,Independent sector / other,217,183,217,1,84.3
2025-04-01,NVC08,MOUNT STUART HOSPITAL,NHS DEVON INTEGRATED CARE BOARD,Independent sector / other,1964,1212,1964,18,61.7
2025-04-01,NVC09,NEW HALL HOSPITAL,"NHS BATH AND NORTH EAST SOMERSET, SWINDON AND WILTSHIRE INTEGRATED CARE BOARD",Independent sector / other,3460,2385,3460,34,68.9
2025-04-01,R7W2O,NEWCASTLE NEWMEDICA LTD,NHS NORTH EAST AND NORTH CUMBRIA INTEGRATED CARE BOARD,Independent sector / other,287,284,287,0,99.0
2025-04-01,N8R1N,NEWMEDICA - BERKSHIRE,NHS FRIMLEY INTEGRATED CARE BOARD,Independent sector / other,588,548,588,0,93.2
2025-04-01,C5Y9L,NEWMEDICA - BERKSHIRE - BRACKNELL,NHS FRIMLEY INTEGRATED CARE BOARD,Independent sector / other,31,30,31,0,96.8
2025-04-01,S1Z4X,NEWMEDICA - BIRMINGHAM,NHS BIRMINGHAM AND SOLIHULL INTEGRATED CARE BOARD,Independent sector / other,663,645,663,0,97.3
2025-04-01,C9A7J,NEWMEDICA - BRADFORD & HUDDERSFIELD,NHS WEST YORKSHIRE INTEGRATED CARE BOARD,Independent sector / other,163,161,163,0,98.8
2025-04-01,ACG22,NEWMEDICA - BRIGG - RIVERSIDE SURGERY,NHS HUMBER AND NORTH YORKSHIRE INTEGRATED CARE BOARD,Independent sector / other,768,752,768,0,97.9
2025-04-01,ACG20,NEWMEDICA - BRISTOL - LITFIELD HOUSE,"NHS BRISTOL, NORTH SOMERSET AND SOUTH GLOUCESTERSHIRE INTEGRATED CARE BOARD",Independent sector / other,244,242,244,0,99.2
2025-04-01,H2K1G,NEWMEDICA - BROMSGROVE,NHS HEREFORDSHIRE AND WORCESTERSHIRE INTEGRATED CARE BOARD,Independent sector / other,206,205,206,0,99.5
2025-04-01,Q1S8W,NEWMEDICA - BURY ST EDMUNDS,NHS SUFFOLK AND NORTH EAST ESSEX INTEGRATED CARE BOARD,Independent sector / other,1,1,1,0,100.0
2025-04-01,F1Y1H,NEWMEDICA - CHESHIRE OAKS,NHS CHESHIRE AND MERSEYSIDE INTEGRATED CARE BOARD,Independent sector / other,157,157,157,0,100.0
2025-04-01,F0R0W,NEWMEDICA - DARLINGTON,NHS NORTH EAST AND NORTH CUMBRIA INTEGRATED CARE BOARD,Independent sector / other,33,33,33,0,100.0
2025-04-01,ACG36,NEWMEDICA - EXETER - GLEN HOUSE,NHS DEVON INTEGRATED CARE BOARD,Independent sector / other,217,210,217,0,96.8
2025-04-01,ACG13,NEWMEDICA - GLOUCESTER (ASPEN MEDICAL CENTRE),NHS GLOUCESTERSHIRE INTEGRATED CARE BOARD,Independent sector / other,311,286,311,0,92.0
2025-04-01,L0D9W,NEWMEDICA - GLOUCESTER (BRIGHOUSE COURT),NHS GLOUCESTERSHIRE INTEGRATED CARE BOARD,Independent sector / other,884,836,884,0,94.6
2025-04-01,L4R3R,NEWMEDICA - HAMPSHIRE,NHS HAMPSHIRE AND ISLE OF WIGHT INTEGRATED CARE BOARD,Independent sector / other,843,793,843,0,94.1
2025-04-01,Z1E5F,NEWMEDICA - HARROGATE,NHS HUMBER AND NORTH YORKSHIRE INTEGRATED CARE BOARD,Independent sector / other,131,131,131,0,100.0
2025-04-01,F7F6D,NEWMEDICA - HERTFORSHIRE - WELWYN GARDEN CITY,NHS HERTFORDSHIRE AND WEST ESSEX INTEGRATED CARE BOARD,Independent sector / other,55,55,55,0,100.0
2025-04-01,ACG37,NEWMEDICA - IPSWICH,NHS SUFFOLK AND NORTH EAST ESSEX INTEGRATED CARE BOARD,Independent sector / other,563,561,563,0,99.6
2025-04-01,ACG38,NEWMEDICA - LANGFORD,"NHS BRISTOL, NORTH SOMERSET AND SOUTH GLOUCESTERSHIRE INTEGRATED CARE BOARD",Independent sector / other,361,354,361,0,98.1
2025-04-01,N6Z0R,NEWMEDICA - LINCOLN,NHS LINCOLNSHIRE INTEGRATED CARE BOARD,Independent sector / other,53,53,53,0,100.0
2025-04-01,Z2L9B,NEWMEDICA - MANCHESTER WEST,NHS GREATER MANCHESTER INTEGRATED CARE BOARD,Independent sector / other,279,263,279,0,94.3
2025-04-01,ACG26,NEWMEDICA - NORTH DERBYSHIRE - MIDLAND COURT,NHS DERBY AND DERBYSHIRE INTEGRATED CARE BOARD,Independent sector / other,930,919,930,0,98.8
2025-04-01,M4C5R,NEWMEDICA - NORTHAMPTON,NHS NORTHAMPTONSHIRE INTEGRATED CARE BOARD,Independent sector / other,825,822,825,0,99.6
2025-04-01,B5M7B,NEWMEDICA - NORWICH,NHS NORFOLK AND WAVENEY INTEGRATED CARE BOARD,Independent sector / other,888,870,888,0,98.0
2025-04-01,B1A5K,NEWMEDICA - NOTTINGHAM,NHS NOTTINGHAM AND NOTTINGHAMSHIRE INTEGRATED CARE BOARD,Independent sector / other,672,639,672,0,95.1
2025-04-01,J3J8Z,NEWMEDICA - OXFORDSHIRE,"NHS BUCKINGHAMSHIRE, OXFORDSHIRE AND BERKSHIRE WEST INTEGRATED CARE BOARD",Independent sector / other,467,460,467,0,98.5
2025-04-01,P5Y6K,NEWMEDICA - SHREWSBURY,"NHS SHROPSHIRE, TELFORD AND WREKIN INTEGRATED CARE BOARD",Independent sector / other,245,242,245,0,98.8
2025-04-01,ACG39,NEWMEDICA - SWINDON,"NHS BATH AND NORTH EAST SOMERSET, SWINDON AND WILTSHIRE INTEGRATED CARE BOARD",Independent sector / other,150,135,150,0,90.0
2025-04-01,ACG24,NEWMEDICA - TEESSIDE - NORTH ORMESBY,NHS NORTH EAST AND NORTH CUMBRIA INTEGRATED CARE BOARD,Independent sector / other,901,897,901,0,99.6
2025-04-01,ACG40,NEWMEDICA - WAKEFIELD,NHS WEST YORKSHIRE INTEGRATED CARE BOARD,Independent sector / other,480,473,480,0,98.5
2025-04-01,ACG31,NEWMEDICA - WORCESTER,NHS HEREFORDSHIRE AND WORCESTERSHIRE INTEGRATED CARE BOARD,Independent sector / other,536,533,536,0,99.4
2025-04-01,ACG30,NEWMEDICA - WORKSOP - DUKERIES,NHS NOTTINGHAM AND NOTTINGHAMSHIRE INTEGRATED CARE BOARD,Independent sector / other,124,122,124,0,98.4
2025-04-01,R3I5E,NEWMEDICA -TELFORD,"NHS SHROPSHIRE, TELFORD AND WREKIN INTEGRATED CARE BOARD",Independent sector / other,2,2,2,0,100.0
2025-04-01,H4J9P,NEWMEDICA AZTEC WEST,"NHS BRISTOL, NORTH SOMERSET AND SOUTH GLOUCESTERSHIRE INTEGRATED CARE BOARD",Independent sector / other,622,607,622,0,97.6
2025-04-01,ACG19,NEWMEDICA COMMUNITY OPHTHALMOLOGY - LEEDS,NHS WEST YORKSHIRE INTEGRATED CARE BOARD,Independent sector / other,578,573,578,0,99.1
2025-04-01,ACG12,NEWMEDICA COMMUNITY OPHTHALMOLOGY - NORTH EAST LINCOLNSHIRE - GRIMSBY,NHS HUMBER AND NORTH YORKSHIRE INTEGRATED CARE BOARD,Independent sector / other,686,678,686,0,98.8
2025-04-01,A4Q9X,NEWMEDICA LEICESTER,"NHS LEICESTER, LEICESTERSHIRE AND RUTLAND INTEGRATED CARE BOARD",Independent sector / other,226,225,226,0,99.6
2025-04-01,ACG08,NEWMEDICA OPHTHALMOLOGY - NUNEATON - CAMP HILL - GP LED HEALTH CENTRE,NHS COVENTRY AND WARWICKSHIRE INTEGRATED CARE BOARD,Independent sector / other,23,21,23,0,91.3
2025-04-01,G4H0I,NEWMEDICA SUFFOLK - BURY ST EDMUNDS - CLARITY HOUSE,NHS SUFFOLK AND NORTH EAST ESSEX INTEGRATED CARE BOARD,Independent sector / other,462,460,462,0,99.6
2025-04-01,RM1,NORFOLK AND NORWICH UNIVERSITY HOSPITALS NHS FOUNDATION TRUST,NHS NORFOLK AND WAVENEY INTEGRATED CARE BOARD,NHS trust,80247,42577,80247,3714,53.1
2025-04-01,RVJ,NORTH BRISTOL NHS TRUST,"NHS BRISTOL, NORTH SOMERSET AND SOUTH GLOUCESTERSHIRE INTEGRATED CARE BOARD",NHS trust,42914,27093,42914,219,63.1
2025-04-01,RNN,NORTH CUMBRIA INTEGRATED CARE NHS FOUNDATION TRUST,NHS NORTH EAST AND NORTH CUMBRIA INTEGRATED CARE BOARD,NHS trust,38932,21987,38932,941,56.5
2025-04-01,NVC11,NORTH DOWNS HOSPITAL,NHS SURREY HEARTLANDS INTEGRATED CARE BOARD,Independent sector / other,1579,1056,1579,31,66.9
2025-04-01,RVW,NORTH TEES AND HARTLEPOOL NHS FOUNDATION TRUST,NHS NORTH EAST AND NORTH CUMBRIA INTEGRATED CARE BOARD,NHS trust,20692,15276,20692,202,73.8
2025-04-01,RGN,NORTH WEST ANGLIA NHS FOUNDATION TRUST,NHS CAMBRIDGESHIRE AND PETERBOROUGH INTEGRATED CARE BOARD,NHS trust,77355,40844,77355,2977,52.8
2025-04-01,RNS,NORTHAMPTON GENERAL HOSPITAL NHS TRUST,NHS NORTHAMPTONSHIRE INTEGRATED CARE BOARD,NHS trust,41962,26021,41962,713,62.0
2025-04-01,RM3,NORTHERN CARE ALLIANCE NHS FOUNDATION TRUST,NHS GREATER MANCHESTER INTEGRATED CARE BOARD,NHS trust,138872,72730,138872,4974,52.4
2025-04-01,RJL,NORTHERN LINCOLNSHIRE AND GOOLE NHS FOUNDATION TRUST,NHS HUMBER AND NORTH YORKSHIRE INTEGRATED CARE BOARD,NHS trust,41245,24589,41245,964,59.6
2025-04-01,RTF,NORTHUMBRIA HEALTHCARE NHS FOUNDATION TRUST,NHS NORTH EAST AND NORTH CUMBRIA INTEGRATED CARE BOARD,NHS trust,35988,28613,35988,15,79.5
2025-04-01,DFQ,NORWICH & NORFOLK SURGICAL LTD (N2S),NHS NORFOLK AND WAVENEY INTEGRATED CARE BOARD,Independent sector / other,900,736,900,0,81.8
2025-04-01,RX1,NOTTINGHAM UNIVERSITY HOSPITALS NHS TRUST,NHS NOTTINGHAM AND NOTTINGHAMSHIRE INTEGRATED CARE BOARD,NHS trust,83094,47878,83094,1940,57.6
2025-04-01,NQH,NOVUS HEALTH LTD,NHS WEST YORKSHIRE INTEGRATED CARE BOARD,Independent sector / other,738,716,738,0,97.0
2025-04-01,G3Q3Z,NUFFIELD HEALTH HIGHGATE HOSPITAL,NHS NORTH CENTRAL LONDON INTEGRATED CARE BOARD,Independent sector / other,843,688,843,4,81.6
2025-04-01,R0F4N,NUFFIELD HEALTH PARKSIDE HOSPITAL,NHS SOUTH WEST LONDON INTEGRATED CARE BOARD,Independent sector / other,992,481,992,236,48.5
2025-04-01,H4I8B,NUFFIELD HEALTH THE HOLLY HOSPITAL,NHS HERTFORDSHIRE AND WEST ESSEX INTEGRATED CARE BOARD,Independent sector / other,3065,2498,3065,12,81.5
2025-04-01,NT202,"NUFFIELD HEALTH, BOURNEMOUTH HOSPITAL",NHS DORSET INTEGRATED CARE BOARD,Independent sector / other,522,326,522,6,62.5
2025-04-01,NT204,"NUFFIELD HEALTH, BRENTWOOD HOSPITAL",NHS MID AND SOUTH ESSEX INTEGRATED CARE BOARD,Independent sector / other,1514,1117,1514,12,73.8
2025-04-01,NT205,"NUFFIELD HEALTH, BRIGHTON HOSPITAL",NHS SUSSEX INTEGRATED CARE BOARD,Independent sector / other,724,292,724,36,40.3
2025-04-01,NT206,"NUFFIELD HEALTH, BRISTOL HOSPITAL (CHESTERFIELD)","NHS BRISTOL, NORTH SOMERSET AND SOUTH GLOUCESTERSHIRE INTEGRATED CARE BOARD",Independent sector / other,389,313,389,1,80.5
2025-04-01,NT209,"NUFFIELD HEALTH, CAMBRIDGE HOSPITAL",NHS CAMBRIDGESHIRE AND PETERBOROUGH INTEGRATED CARE BOARD,Independent sector / other,388,240,388,7,61.9
2025-04-01,NT211,"NUFFIELD HEALTH, CHELTENHAM HOSPITAL",NHS GLOUCESTERSHIRE INTEGRATED CARE BOARD,Independent sector / other,34,17,34,1,50.0
2025-04-01,NT212,"NUFFIELD HEALTH, CHICHESTER HOSPITAL",NHS SUSSEX INTEGRATED CARE BOARD,Independent sector / other,1272,438,1272,94,34.4
2025-04-01,NT213,"NUFFIELD HEALTH, DERBY HOSPITAL",NHS DERBY AND DERBYSHIRE INTEGRATED CARE BOARD,Independent sector / other,1283,564,1283,35,44.0
2025-04-01,NT215,"NUFFIELD HEALTH, EXETER HOSPITAL",NHS DEVON INTEGRATED CARE BOARD,Independent sector / other,473,193,473,124,40.8
2025-04-01,NT216,"NUFFIELD HEALTH, GUILDFORD HOSPITAL",NHS SURREY HEARTLANDS INTEGRATED CARE BOARD,Independent sector / other,486,199,486,161,40.9
2025-04-01,NT218,"NUFFIELD HEALTH, HAYWARDS HEATH HOSPITAL",NHS SUSSEX INTEGRATED CARE BOARD,Independent sector / other,378,239,378,2,63.2
2025-04-01,NT219,"NUFFIELD HEALTH, HEREFORD HOSPITAL",NHS HEREFORDSHIRE AND WORCESTERSHIRE INTEGRATED CARE BOARD,Independent sector / other,206,193,206,0,93.7
2025-04-01,NT225,"NUFFIELD HEALTH, LEEDS HOSPITAL",NHS WEST YORKSHIRE INTEGRATED CARE BOARD,Independent sector / other,1478,749,1478,241,50.7
2025-04-01,NT226,"NUFFIELD HEALTH, LEICESTER HOSPITAL","NHS LEICESTER, LEICESTERSHIRE AND RUTLAND INTEGRATED CARE BOARD",Independent sector / other,533,452,533,7,84.8
2025-04-01,NT229,"NUFFIELD HEALTH, NEWCASTLE UPON TYNE HOSPITAL",NHS NORTH EAST AND NORTH CUMBRIA INTEGRATED CARE BOARD,Independent sector / other,578,350,578,8,60.6
2025-04-01,NT230,"NUFFIELD HEALTH, NORTH STAFFORDSHIRE HOSPITAL",NHS STAFFORDSHIRE AND STOKE-ON-TRENT INTEGRATED CARE BOARD,Independent sector / other,1471,986,1471,14,67.0
2025-04-01,NT233,"NUFFIELD HEALTH, PLYMOUTH HOSPITAL",NHS DEVON INTEGRATED CARE BOARD,Independent sector / other,1022,574,1022,5,56.2
2025-04-01,NT235,"NUFFIELD HEALTH, SHREWSBURY HOSPITAL","NHS SHROPSHIRE, TELFORD AND WREKIN INTEGRATED CARE BOARD",Independent sector / other,168,113,168,0,67.3
2025-04-01,NT238,"NUFFIELD HEALTH, TAUNTON HOSPITAL",NHS SOMERSET INTEGRATED CARE BOARD,Independent sector / other,279,156,279,16,55.9
2025-04-01,NT237,"NUFFIELD HEALTH, TEES HOSPITAL",NHS NORTH EAST AND NORTH CUMBRIA INTEGRATED CARE BOARD,Independent sector / other,1436,1027,1436,0,71.5
2025-04-01,NT210,"NUFFIELD HEALTH, THE GROSVENOR HOSPITAL, CHESTER",NHS CHESHIRE AND MERSEYSIDE INTEGRATED CARE BOARD,Independent sector / other,316,249,316,2,78.8
2025-04-01,NT239,"NUFFIELD HEALTH, TUNBRIDGE WELLS HOSPITAL",NHS KENT AND MEDWAY INTEGRATED CARE BOARD,Independent sector / other,158,87,158,9,55.1
2025-04-01,NT224,"NUFFIELD HEALTH, WARWICKSHIRE HOSPITAL",NHS COVENTRY AND WARWICKSHIRE INTEGRATED CARE BOARD,Independent sector / other,269,216,269,3,80.3
2025-04-01,NT214,"NUFFIELD HEALTH, WESSEX HOSPITAL",NHS HAMPSHIRE AND ISLE OF WIGHT INTEGRATED CARE BOARD,Independent sector / other,555,358,555,4,64.5
2025-04-01,NT241,"NUFFIELD HEALTH, WOKING HOSPITAL",NHS SURREY HEARTLANDS INTEGRATED CARE BOARD,Independent sector / other,642,435,642,59,67.8
2025-04-01,NT242,"NUFFIELD HEALTH, WOLVERHAMPTON HOSPITAL",NHS BLACK COUNTRY INTEGRATED CARE BOARD,Independent sector / other,543,453,543,3,83.4
2025-04-01,NT245,"NUFFIELD HEALTH, YORK HOSPITAL",NHS HUMBER AND NORTH YORKSHIRE INTEGRATED CARE BOARD,Independent sector / other,542,435,542,0,80.3
2025-04-01,NT244,NUFFIELD HOSPITAL OXFORD (THE MANOR),"NHS BUCKINGHAMSHIRE, OXFORDSHIRE AND BERKSHIRE WEST INTEGRATED CARE BOARD",Independent sector / other,65,62,65,1,95.4
2025-04-01,NVC12,OAKLANDS HOSPITAL,NHS GREATER MANCHESTER INTEGRATED CARE BOARD,Independent sector / other,4176,3032,4176,7,72.6
2025-04-01,NVC13,OAKS HOSPITAL,NHS SUFFOLK AND NORTH EAST ESSEX INTEGRATED CARE BOARD,Independent sector / other,709,366,709,27,51.6
2025-04-01,DXV,OMNES HEALTHCARE LTD,NHS GREATER MANCHESTER INTEGRATED CARE BOARD,Independent sector / other,8197,7235,8197,11,88.3
2025-04-01,NNH,OPTEGRA UK,NHS SURREY HEARTLANDS INTEGRATED CARE BOARD,Independent sector / other,6034,5847,6034,13,96.9
2025-04-01,NQM01,ORTHOPAEDICS & SPINE SPECIALIST HOSPITAL SITE,NHS CAMBRIDGESHIRE AND PETERBOROUGH INTEGRATED CARE BOARD,Independent sector / other,161,146,161,0,90.7
2025-04-01,Q2Y5H,OVIVA UK LTD,NHS SOUTH EAST LONDON INTEGRATED CARE BOARD,Independent sector / other,4937,4937,4937,0,100.0
2025-04-01,RTH,OXFORD UNIVERSITY HOSPITALS NHS FOUNDATION TRUST,"NHS BUCKINGHAMSHIRE, OXFORDSHIRE AND BERKSHIRE WEST INTEGRATED CARE BOARD",NHS trust,87990,50393,87990,2854,57.3
2025-04-01,RPG,OXLEAS NHS FOUNDATION TRUST,NHS SOUTH EAST LONDON INTEGRATED CARE BOARD,NHS trust,2007,1087,2007,312,54.2
2025-04-01,NVC14,PARK HILL HOSPITAL,NHS SOUTH YORKSHIRE INTEGRATED CARE BOARD,Independent sector / other,798,576,798,3,72.2
2025-04-01,NT427,PARK HOSPITAL,NHS NOTTINGHAM AND NOTTINGHAMSHIRE INTEGRATED CARE BOARD,Independent sector / other,1117,863,1117,9,77.3
2025-04-01,NEQ,PHOENIX HEALTH SOLUTIONS LIMITED HQ,NHS WEST YORKSHIRE INTEGRATED CARE BOARD,Independent sector / other,579,564,579,0,97.4
2025-04-01,DTT,PHOENIX PUBLIC HEALTH LTD,NHS CHESHIRE AND MERSEYSIDE INTEGRATED CARE BOARD,Independent sector / other,329,180,329,27,54.7
2025-04-01,NVC15,PINEHILL HOSPITAL,NHS HERTFORDSHIRE AND WEST ESSEX INTEGRATED CARE BOARD,Independent sector / other,1534,1119,1534,4,72.9
2025-04-01,NEY,PIONEER HEALTHCARE LIMITED,NHS SOUTH YORKSHIRE INTEGRATED CARE BOARD,Independent sector / other,2949,1550,2949,100,52.6
2025-04-01,D3O0Z,PLYMOUTH NEWMEDICA LTD,NHS DEVON INTEGRATED CARE BOARD,Independent sector / other,404,385,404,0,95.3
2025-04-01,RHU,PORTSMOUTH HOSPITALS UNIVERSITY NHS TRUST,NHS HAMPSHIRE AND ISLE OF WIGHT INTEGRATED CARE BOARD,NHS trust,61771,32894,61771,2812,53.3
2025-04-01,NTP13,PRACTICE PLUS GROUP HOSPITAL - BARLBOROUGH,NHS DERBY AND DERBYSHIRE INTEGRATED CARE BOARD,Independent sector / other,2139,1509,2139,5,70.5
2025-04-01,NTPH2,PRACTICE PLUS GROUP HOSPITAL - EMERSONS GREEN,"NHS BRISTOL, NORTH SOMERSET AND SOUTH GLOUCESTERSHIRE INTEGRATED CARE BOARD",Independent sector / other,5193,4345,5193,0,83.7
2025-04-01,NTP15,PRACTICE PLUS GROUP HOSPITAL - ILFORD,NHS NORTH EAST LONDON INTEGRATED CARE BOARD,Independent sector / other,5952,4338,5952,8,72.9
2025-04-01,NTPH5,PRACTICE PLUS GROUP HOSPITAL - PLYMOUTH,NHS DEVON INTEGRATED CARE BOARD,Independent sector / other,1365,1082,1365,40,79.3
2025-04-01,NTPH1,PRACTICE PLUS GROUP HOSPITAL - SHEPTON MALLET,NHS SOMERSET INTEGRATED CARE BOARD,Independent sector / other,2603,2008,2603,2,77.1
2025-04-01,NTP11,PRACTICE PLUS GROUP HOSPITAL - SOUTHAMPTON,NHS HAMPSHIRE AND ISLE OF WIGHT INTEGRATED CARE BOARD,Independent sector / other,8057,5273,8057,19,65.4
2025-04-01,M2Y6D,PRACTICE PLUS GROUP HOSPITAL BIRMINGHAM,NHS BIRMINGHAM AND SOLIHULL INTEGRATED CARE BOARD,Independent sector / other,247,244,247,0,98.8
2025-04-01,NTPAE,PRACTICE PLUS GROUP OPHTHALMOLOGY - NORTH WEST,NHS GREATER MANCHESTER INTEGRATED CARE BOARD,Independent sector / other,1635,1444,1635,0,88.3
2025-04-01,NTPH3,PRACTICE PLUS GROUP SURGICAL CENTRE - DEVIZES,"NHS BATH AND NORTH EAST SOMERSET, SWINDON AND WILTSHIRE INTEGRATED CARE BOARD",Independent sector / other,3067,2380,3067,19,77.6
2025-04-01,NTP16,PRACTICE PLUS GROUP SURGICAL CENTRE - GILLINGHAM,NHS KENT AND MEDWAY INTEGRATED CARE BOARD,Independent sector / other,1050,739,1050,161,70.4
2025-04-01,NTPAD,PRACTICE PLUS GROUP SURGICAL CENTRE - ST MARYS PORTSMOUTH,NHS HAMPSHIRE AND ISLE OF WIGHT INTEGRATED CARE BOARD,Independent sector / other,1968,1825,1968,0,92.7
2025-04-01,ADN,PRIMARY INTEGRATED COMMUNITY SERVICES LTD,NHS NOTTINGHAM AND NOTTINGHAMSHIRE INTEGRATED CARE BOARD,Independent sector / other,3335,1442,3335,70,43.2
2025-04-01,NT428,PRINCESS MARGARET HOSPITAL,NHS FRIMLEY INTEGRATED CARE BOARD,Independent sector / other,100,81,100,0,81.0
2025-04-01,NT429,PRIORY HOSPITAL,NHS BIRMINGHAM AND SOLIHULL INTEGRATED CARE BOARD,Independent sector / other,872,689,872,0,79.0
2025-04-01,NAM01,PROBUS SURGICAL CENTRE,NHS CORNWALL AND THE ISLES OF SCILLY INTEGRATED CARE BOARD,Independent sector / other,1115,1050,1115,1,94.2
2025-04-01,NQX,PROVIDE ENTERPRISES,NHS SUFFOLK AND NORTH EAST ESSEX INTEGRATED CARE BOARD,Independent sector / other,54,54,54,0,100.0
2025-04-01,RPC,QUEEN VICTORIA HOSPITAL NHS FOUNDATION TRUST,NHS SUSSEX INTEGRATED CARE BOARD,NHS trust,18115,10669,18115,397,58.9
2025-04-01,GEC01,RAPID INVESTIGATION SERVICE,NHS HAMPSHIRE AND ISLE OF WIGHT INTEGRATED CARE BOARD,Independent sector / other,103,103,103,0,100.0
2025-04-01,NVC16,RENACRES HOSPITAL,NHS LANCASHIRE AND SOUTH CUMBRIA INTEGRATED CARE BOARD,Independent sector / other,4500,3353,4500,5,74.5
2025-04-01,NT430,RIDGEWAY HOSPITAL,"NHS BATH AND NORTH EAST SOMERSET, SWINDON AND WILTSHIRE INTEGRATED CARE BOARD",Independent sector / other,342,258,342,1,75.4
2025-04-01,NVC19,RIVERS HOSPITAL,NHS HERTFORDSHIRE AND WEST ESSEX INTEGRATED CARE BOARD,Independent sector / other,4045,2830,4045,80,70.0
2025-04-01,NVC17,ROWLEY HALL HOSPITAL,NHS STAFFORDSHIRE AND STOKE-ON-TRENT INTEGRATED CARE BOARD,Independent sector / other,2474,1700,2474,2,68.7
2025-04-01,RHW,ROYAL BERKSHIRE NHS FOUNDATION TRUST,"NHS BUCKINGHAMSHIRE, OXFORDSHIRE AND BERKSHIRE WEST INTEGRATED CARE BOARD",NHS trust,38136,29053,38136,42,76.2
2025-04-01,REF,ROYAL CORNWALL HOSPITALS NHS TRUST,NHS CORNWALL AND THE ISLES OF SCILLY INTEGRATED CARE BOARD,NHS trust,40680,28556,40680,347,70.2
2025-04-01,RH8,ROYAL DEVON UNIVERSITY HEALTHCARE NHS FOUNDATION TRUST,NHS DEVON INTEGRATED CARE BOARD,NHS trust,71873,43206,71873,2211,60.1
2025-04-01,RAL,ROYAL FREE LONDON NHS FOUNDATION TRUST,NHS NORTH CENTRAL LONDON INTEGRATED CARE BOARD,NHS trust,149182,84028,149182,3899,56.3
2025-04-01,RAN,ROYAL NATIONAL ORTHOPAEDIC HOSPITAL NHS TRUST,NHS NORTH WEST LONDON INTEGRATED CARE BOARD,NHS trust,8511,5889,8511,48,69.2
2025-04-01,RGM,ROYAL PAPWORTH HOSPITAL NHS FOUNDATION TRUST,NHS CAMBRIDGESHIRE AND PETERBOROUGH INTEGRATED CARE BOARD,NHS trust,7141,4607,7141,56,64.5
2025-04-01,RA2,ROYAL SURREY NHS FOUNDATION TRUST,NHS SURREY HEARTLANDS INTEGRATED CARE BOARD,NHS trust,30221,16634,30221,1354,55.0
2025-04-01,RD1,ROYAL UNITED HOSPITALS BATH NHS FOUNDATION TRUST,"NHS BATH AND NORTH EAST SOMERSET, SWINDON AND WILTSHIRE INTEGRATED CARE BOARD",NHS trust,41371,25077,41371,641,60.6
2025-04-01,NT431,RUNNYMEDE HOSPITAL,NHS SURREY HEARTLANDS INTEGRATED CARE BOARD,Independent sector / other,102,93,102,0,91.2
2025-04-01,RNZ,SALISBURY NHS FOUNDATION TRUST,"NHS BATH AND NORTH EAST SOMERSET, SWINDON AND WILTSHIRE INTEGRATED CARE BOARD",NHS trust,28004,18191,28004,572,65.0
2025-04-01,RXK,SANDWELL AND WEST BIRMINGHAM HOSPITALS NHS TRUST,NHS BLACK COUNTRY INTEGRATED CARE BOARD,NHS trust,65225,35998,65225,1251,55.2
2025-04-01,NT433,SARUM ROAD HOSPITAL,NHS HAMPSHIRE AND ISLE OF WIGHT INTEGRATED CARE BOARD,Independent sector / other,374,274,374,0,73.3
2025-04-01,NT434,SAXON CLINIC,"NHS BEDFORDSHIRE, LUTON AND MILTON KEYNES INTEGRATED CARE BOARD",Independent sector / other,608,419,608,15,68.9
2025-04-01,RCU,SHEFFIELD CHILDREN'S NHS FOUNDATION TRUST,NHS SOUTH YORKSHIRE INTEGRATED CARE BOARD,NHS trust,12177,8042,12177,244,66.0
2025-04-01,RHQ,SHEFFIELD TEACHING HOSPITALS NHS FOUNDATION TRUST,NHS SOUTH YORKSHIRE INTEGRATED CARE BOARD,NHS trust,91946,58598,91946,1885,63.7
2025-04-01,NT435,SHELBURNE HOSPITAL,"NHS BUCKINGHAMSHIRE, OXFORDSHIRE AND BERKSHIRE WEST INTEGRATED CARE BOARD",Independent sector / other,162,96,162,0,59.3
2025-04-01,RK5,SHERWOOD FOREST HOSPITALS NHS FOUNDATION TRUST,NHS NOTTINGHAM AND NOTTINGHAMSHIRE INTEGRATED CARE BOARD,NHS trust,35319,22489,35319,453,63.7
2025-04-01,NT436,SHIRLEY OAKS HOSPITAL,NHS SOUTH WEST LONDON INTEGRATED CARE BOARD,Independent sector / other,911,669,911,2,73.4
2025-04-01,R1D,SHROPSHIRE COMMUNITY HEALTH NHS TRUST,"NHS SHROPSHIRE, TELFORD AND WREKIN INTEGRATED CARE BOARD",NHS trust,9431,5496,9431,281,58.3
2025-04-01,NLX,SIRONA CARE & HEALTH,"NHS BRISTOL, NORTH SOMERSET AND SOUTH GLOUCESTERSHIRE INTEGRATED CARE BOARD",Independent sector / other,7410,5551,7410,0,74.9
2025-04-01,NT437,SLOANE HOSPITAL,NHS SOUTH EAST LONDON INTEGRATED CARE BOARD,Independent sector / other,825,658,825,13,79.8
2025-04-01,RH5,SOMERSET NHS FOUNDATION TRUST,NHS SOMERSET INTEGRATED CARE BOARD,NHS trust,58470,37589,58470,1438,64.3
2025-04-01,NFH,SOMERSET SURGICAL SERVICES HQ,"NHS BRISTOL, NORTH SOMERSET AND SOUTH GLOUCESTERSHIRE INTEGRATED CARE BOARD",Independent sector / other,992,900,992,0,90.7
2025-04-01,RTR,SOUTH TEES HOSPITALS NHS FOUNDATION TRUST,NHS NORTH EAST AND NORTH CUMBRIA INTEGRATED CARE BOARD,NHS trust,56803,34680,56803,1569,61.1
2025-04-01,R0B,SOUTH TYNESIDE AND SUNDERLAND NHS FOUNDATION TRUST,NHS NORTH EAST AND NORTH CUMBRIA INTEGRATED CARE BOARD,NHS trust,57410,43053,57410,25,75.0
2025-04-01,RJC,SOUTH WARWICKSHIRE UNIVERSITY NHS FOUNDATION TRUST,NHS COVENTRY AND WARWICKSHIRE INTEGRATED CARE BOARD,NHS trust,31909,20640,31909,504,64.7
2025-04-01,RXG,SOUTH WEST YORKSHIRE PARTNERSHIP NHS FOUNDATION TRUST,NHS WEST YORKSHIRE INTEGRATED CARE BOARD,NHS trust,4075,3957,4075,0,97.1
2025-04-01,NT490,SOUTHEND PRIVATE HOSPITAL,NHS MID AND SOUTH ESSEX INTEGRATED CARE BOARD,Independent sector / other,1303,1221,1303,0,93.7
2025-04-01,NPG19,SPAMEDICA BEDFORD,"NHS BEDFORDSHIRE, LUTON AND MILTON KEYNES INTEGRATED CARE BOARD",Independent sector / other,190,186,190,0,97.9
2025-04-01,D5P5H,SPAMEDICA BEXHILL,NHS SUSSEX INTEGRATED CARE BOARD,Independent sector / other,127,126,127,0,99.2
2025-04-01,NPG11,SPAMEDICA BIRMINGHAM,NHS BIRMINGHAM AND SOLIHULL INTEGRATED CARE BOARD,Independent sector / other,243,232,243,0,95.5
2025-04-01,C3Y0A,SPAMEDICA BLACKPOOL,NHS LANCASHIRE AND SOUTH CUMBRIA INTEGRATED CARE BOARD,Independent sector / other,158,154,158,0,97.5
2025-04-01,NPG08,SPAMEDICA BOLTON,NHS GREATER MANCHESTER INTEGRATED CARE BOARD,Independent sector / other,203,194,203,0,95.6
2025-04-01,I2C7H,SPAMEDICA BRADFORD,NHS WEST YORKSHIRE INTEGRATED CARE BOARD,Independent sector / other,141,133,141,0,94.3
2025-04-01,I9A4A,SPAMEDICA BRIGHTON,NHS SUSSEX INTEGRATED CARE BOARD,Independent sector / other,216,208,216,0,96.3
2025-04-01,P1B7M,SPAMEDICA BRISTOL,"NHS BRISTOL, NORTH SOMERSET AND SOUTH GLOUCESTERSHIRE INTEGRATED CARE BOARD",Independent sector / other,84,82,84,0,97.6
2025-04-01,Y8L9S,SPAMEDICA BROMLEY,NHS SOUTH EAST LONDON INTEGRATED CARE BOARD,Independent sector / other,358,349,358,0,97.5
2025-04-01,O6X7Z,SPAMEDICA CAMBRIDGE,NHS CAMBRIDGESHIRE AND PETERBOROUGH INTEGRATED CARE BOARD,Independent sector / other,84,84,84,0,100.0
2025-04-01,E1U4T,SPAMEDICA CARLISLE,NHS NORTH EAST AND NORTH CUMBRIA INTEGRATED CARE BOARD,Independent sector / other,123,122,123,0,99.2
2025-04-01,NPG16,SPAMEDICA CHELMSFORD,NHS MID AND SOUTH ESSEX INTEGRATED CARE BOARD,Independent sector / other,194,191,194,0,98.5
2025-04-01,V4U1Y,SPAMEDICA CHESTER,NHS CHESHIRE AND MERSEYSIDE INTEGRATED CARE BOARD,Independent sector / other,81,78,81,0,96.3
2025-04-01,T4I8V,SPAMEDICA CHESTERFIELD,NHS DERBY AND DERBYSHIRE INTEGRATED CARE BOARD,Independent sector / other,83,80,83,0,96.4
2025-04-01,J2H6H,SPAMEDICA COLCHESTER,NHS SUFFOLK AND NORTH EAST ESSEX INTEGRATED CARE BOARD,Independent sector / other,99,96,99,0,97.0
2025-04-01,NPG21,SPAMEDICA COVENTRY,NHS COVENTRY AND WARWICKSHIRE INTEGRATED CARE BOARD,Independent sector / other,182,178,182,0,97.8
2025-04-01,V8N5R,SPAMEDICA DALSTON,NHS NORTH EAST LONDON INTEGRATED CARE BOARD,Independent sector / other,226,215,226,0,95.1
2025-04-01,NPG23,SPAMEDICA DERBY,NHS DERBY AND DERBYSHIRE INTEGRATED CARE BOARD,Independent sector / other,178,172,178,0,96.6
2025-04-01,T8V3L,SPAMEDICA DONCASTER,NHS SOUTH YORKSHIRE INTEGRATED CARE BOARD,Independent sector / other,96,90,96,0,93.8
2025-04-01,M7C9Q,SPAMEDICA EPSOM,NHS SURREY HEARTLANDS INTEGRATED CARE BOARD,Independent sector / other,229,225,229,0,98.3
2025-04-01,M5E1S,SPAMEDICA EXETER,NHS DEVON INTEGRATED CARE BOARD,Independent sector / other,181,174,181,0,96.1
2025-04-01,NPG07,SPAMEDICA EYE HOSPITAL (WAKEFIELD),NHS WEST YORKSHIRE INTEGRATED CARE BOARD,Independent sector / other,360,155,360,198,43.1
2025-04-01,Z9Z1G,SPAMEDICA GATESHEAD,NHS NORTH EAST AND NORTH CUMBRIA INTEGRATED CARE BOARD,Independent sector / other,161,159,161,0,98.8
2025-04-01,A0C5S,SPAMEDICA GLOUCESTER,NHS GLOUCESTERSHIRE INTEGRATED CARE BOARD,Independent sector / other,72,69,72,0,95.8
2025-04-01,Z5J5V,SPAMEDICA HAYDOCK,NHS CHESHIRE AND MERSEYSIDE INTEGRATED CARE BOARD,Independent sector / other,167,164,167,0,98.2
2025-04-01,J0M7P,SPAMEDICA HEREFORD DIAGNOSTIC AND TREATMENT CENTRE,NHS HEREFORDSHIRE AND WORCESTERSHIRE INTEGRATED CARE BOARD,Independent sector / other,11,11,11,0,100.0
2025-04-01,NPG18,SPAMEDICA HULL,NHS HUMBER AND NORTH YORKSHIRE INTEGRATED CARE BOARD,Independent sector / other,198,198,198,0,100.0
2025-04-01,Q8X0X,SPAMEDICA ISLE OF WIGHT COMMUNITY DIAGNOSTIC & TREATMENT CENTRE,NHS HAMPSHIRE AND ISLE OF WIGHT INTEGRATED CARE BOARD,Independent sector / other,27,27,27,0,100.0
2025-04-01,R1G7E,SPAMEDICA KENDAL,NHS LANCASHIRE AND SOUTH CUMBRIA INTEGRATED CARE BOARD,Independent sector / other,210,206,210,0,98.1
2025-04-01,P0C3F,SPAMEDICA LEEDS,NHS WEST YORKSHIRE INTEGRATED CARE BOARD,Independent sector / other,82,79,82,0,96.3
2025-04-01,L9D3Z,SPAMEDICA LEICESTER,"NHS LEICESTER, LEICESTERSHIRE AND RUTLAND INTEGRATED CARE BOARD",Independent sector / other,74,72,74,0,97.3
2025-04-01,NPG06,SPAMEDICA LIVERPOOL,NHS CHESHIRE AND MERSEYSIDE INTEGRATED CARE BOARD,Independent sector / other,315,305,315,0,96.8
2025-04-01,K9J3O,SPAMEDICA LUTON,"NHS BEDFORDSHIRE, LUTON AND MILTON KEYNES INTEGRATED CARE BOARD",Independent sector / other,152,145,152,0,95.4
2025-04-01,NPG01,SPAMEDICA MANCHESTER,NHS GREATER MANCHESTER INTEGRATED CARE BOARD,Independent sector / other,173,165,173,0,95.4
2025-04-01,G3O5P,SPAMEDICA NEWARK,NHS NOTTINGHAM AND NOTTINGHAMSHIRE INTEGRATED CARE BOARD,Independent sector / other,226,222,226,0,98.2
2025-04-01,NPG15,SPAMEDICA NEWCASTLE-UNDER-LYME,NHS STAFFORDSHIRE AND STOKE-ON-TRENT INTEGRATED CARE BOARD,Independent sector / other,201,197,201,0,98.0
2025-04-01,G5X2Q,SPAMEDICA NORTH TYNESIDE,NHS NORTH EAST AND NORTH CUMBRIA INTEGRATED CARE BOARD,Independent sector / other,82,79,82,0,96.3
2025-04-01,M3R0W,SPAMEDICA NORWICH,NHS NORFOLK AND WAVENEY INTEGRATED CARE BOARD,Independent sector / other,122,120,122,0,98.4
2025-04-01,O1P6X,SPAMEDICA OLDHAM,NHS GREATER MANCHESTER INTEGRATED CARE BOARD,Independent sector / other,186,180,186,0,96.8
2025-04-01,O5Y9D,SPAMEDICA OXFORD,"NHS BUCKINGHAMSHIRE, OXFORDSHIRE AND BERKSHIRE WEST INTEGRATED CARE BOARD",Independent sector / other,104,101,104,0,97.1
2025-04-01,B9J4U,SPAMEDICA PETERBOROUGH,NHS CAMBRIDGESHIRE AND PETERBOROUGH INTEGRATED CARE BOARD,Independent sector / other,161,153,161,0,95.0
2025-04-01,L6O7H,SPAMEDICA POOLE,NHS DORSET INTEGRATED CARE BOARD,Independent sector / other,315,313,315,0,99.4
2025-04-01,A1U4J,SPAMEDICA PORTSMOUTH,NHS HAMPSHIRE AND ISLE OF WIGHT INTEGRATED CARE BOARD,Independent sector / other,70,67,70,0,95.7
2025-04-01,NPG17,SPAMEDICA PRESTON,NHS LANCASHIRE AND SOUTH CUMBRIA INTEGRATED CARE BOARD,Independent sector / other,134,133,134,0,99.3
2025-04-01,B4N1U,SPAMEDICA ROMFORD,NHS NORTH EAST LONDON INTEGRATED CARE BOARD,Independent sector / other,231,214,231,0,92.6
2025-04-01,I1H7K,SPAMEDICA SALE,NHS GREATER MANCHESTER INTEGRATED CARE BOARD,Independent sector / other,51,49,51,0,96.1
2025-04-01,NPG10,SPAMEDICA SHEFFIELD,NHS SOUTH YORKSHIRE INTEGRATED CARE BOARD,Independent sector / other,116,111,116,0,95.7
2025-04-01,M0N7E,SPAMEDICA SITTINGBOURNE,NHS KENT AND MEDWAY INTEGRATED CARE BOARD,Independent sector / other,130,109,130,0,83.8
2025-04-01,NPG13,SPAMEDICA SKELMERSDALE,NHS LANCASHIRE AND SOUTH CUMBRIA INTEGRATED CARE BOARD,Independent sector / other,190,183,190,0,96.3
2025-04-01,J7V1N,SPAMEDICA SOLIHULL,NHS BIRMINGHAM AND SOLIHULL INTEGRATED CARE BOARD,Independent sector / other,183,180,183,0,98.4
2025-04-01,B9M3W,SPAMEDICA SOUTHAMPTON,NHS HAMPSHIRE AND ISLE OF WIGHT INTEGRATED CARE BOARD,Independent sector / other,413,395,413,5,95.6
2025-04-01,NPG22,SPAMEDICA STOCKTON-ON-TEES,NHS NORTH EAST AND NORTH CUMBRIA INTEGRATED CARE BOARD,Independent sector / other,152,149,152,0,98.0
2025-04-01,H1T2P,SPAMEDICA SWINDON,"NHS BATH AND NORTH EAST SOMERSET, SWINDON AND WILTSHIRE INTEGRATED CARE BOARD",Independent sector / other,60,59,60,0,98.3
2025-04-01,G6S7A,SPAMEDICA TAUNTON,NHS SOMERSET INTEGRATED CARE BOARD,Independent sector / other,247,240,247,0,97.2
2025-04-01,V5F1D,SPAMEDICA TELFORD,"NHS SHROPSHIRE, TELFORD AND WREKIN INTEGRATED CARE BOARD",Independent sector / other,119,118,119,0,99.2
2025-04-01,E3D4A,SPAMEDICA TRURO,NHS CORNWALL AND THE ISLES OF SCILLY INTEGRATED CARE BOARD,Independent sector / other,184,178,184,0,96.7
2025-04-01,Q1W6P,SPAMEDICA WATFORD,NHS HERTFORDSHIRE AND WEST ESSEX INTEGRATED CARE BOARD,Independent sector / other,128,119,128,0,93.0
2025-04-01,A1D1B,SPAMEDICA WEMBLEY,NHS NORTH WEST LONDON INTEGRATED CARE BOARD,Independent sector / other,19,19,19,0,100.0
2025-04-01,NPG14,SPAMEDICA WIDNES,NHS CHESHIRE AND MERSEYSIDE INTEGRATED CARE BOARD,Independent sector / other,99,95,99,0,96.0
2025-04-01,NPG02,SPAMEDICA WIRRAL,NHS CHESHIRE AND MERSEYSIDE INTEGRATED CARE BOARD,Independent sector / other,189,184,189,0,97.4
2025-04-01,T8R5I,SPAMEDICA WOKINGHAM,"NHS BUCKINGHAMSHIRE, OXFORDSHIRE AND BERKSHIRE WEST INTEGRATED CARE BOARD",Independent sector / other,126,123,126,0,97.6
2025-04-01,NPG20,SPAMEDICA WOLVERHAMPTON,NHS BLACK COUNTRY INTEGRATED CARE BOARD,Independent sector / other,243,233,243,0,95.9
2025-04-01,J3X4C,SPAMEDICA WORCESTER,NHS HEREFORDSHIRE AND WORCESTERSHIRE INTEGRATED CARE BOARD,Independent sector / other,108,106,108,0,98.1
2025-04-01,NN8,SPENCER PRIVATE HOSPITALS LTD,NHS KENT AND MEDWAY INTEGRATED CARE BOARD,Independent sector / other,3227,1965,3227,116,60.9
2025-04-01,NT312,SPIRE ALEXANDRA HOSPITAL,NHS KENT AND MEDWAY INTEGRATED CARE BOARD,Independent sector / other,1506,1376,1506,0,91.4
2025-04-01,NT302,SPIRE BRISTOL HOSPITAL,"NHS BRISTOL, NORTH SOMERSET AND SOUTH GLOUCESTERSHIRE INTEGRATED CARE BOARD",Independent sector / other,742,470,742,2,63.3
2025-04-01,NT315,SPIRE BUSHEY HOSPITAL,NHS HERTFORDSHIRE AND WEST ESSEX INTEGRATED CARE BOARD,Independent sector / other,847,838,847,0,98.9
2025-04-01,NT317,SPIRE CAMBRIDGE LEA HOSPITAL,NHS CAMBRIDGESHIRE AND PETERBOROUGH INTEGRATED CARE BOARD,Independent sector / other,342,234,342,2,68.4
2025-04-01,NT324,SPIRE CHESHIRE HOSPITAL,NHS CHESHIRE AND MERSEYSIDE INTEGRATED CARE BOARD,Independent sector / other,1110,814,1110,11,73.3
2025-04-01,NT345,SPIRE CLARE PARK HOSPITAL,NHS FRIMLEY INTEGRATED CARE BOARD,Independent sector / other,347,308,347,0,88.8
2025-04-01,NT344,SPIRE DUNEDIN HOSPITAL,"NHS BUCKINGHAMSHIRE, OXFORDSHIRE AND BERKSHIRE WEST INTEGRATED CARE BOARD",Independent sector / other,259,197,259,6,76.1
2025-04-01,NT348,SPIRE ELLAND HOSPITAL,NHS WEST YORKSHIRE INTEGRATED CARE BOARD,Independent sector / other,1476,1241,1476,4,84.1
2025-04-01,NT347,SPIRE FYLDE COAST HOSPITAL,NHS LANCASHIRE AND SOUTH CUMBRIA INTEGRATED CARE BOARD,Independent sector / other,3486,2745,3486,24,78.7
2025-04-01,NT308,SPIRE GATWICK PARK HOSPITAL,NHS SURREY HEARTLANDS INTEGRATED CARE BOARD,Independent sector / other,1016,648,1016,23,63.8
2025-04-01,NT316,SPIRE HARPENDEN HOSPITAL,NHS HERTFORDSHIRE AND WEST ESSEX INTEGRATED CARE BOARD,Independent sector / other,620,605,620,0,97.6
2025-04-01,NT319,SPIRE HARTSWOOD HOSPITAL,NHS MID AND SOUTH ESSEX INTEGRATED CARE BOARD,Independent sector / other,1499,1089,1499,6,72.6
2025-04-01,NT351,SPIRE HULL AND EAST RIDING HOSPITAL,NHS HUMBER AND NORTH YORKSHIRE INTEGRATED CARE BOARD,Independent sector / other,2707,2671,2707,0,98.7
2025-04-01,NT332,SPIRE LEEDS HOSPITAL,NHS WEST YORKSHIRE INTEGRATED CARE BOARD,Independent sector / other,907,767,907,4,84.6
2025-04-01,NT322,SPIRE LEICESTER HOSPITAL,"NHS LEICESTER, LEICESTERSHIRE AND RUTLAND INTEGRATED CARE BOARD",Independent sector / other,589,386,589,7,65.5
2025-04-01,NT321,SPIRE LITTLE ASTON HOSPITAL,NHS STAFFORDSHIRE AND STOKE-ON-TRENT INTEGRATED CARE BOARD,Independent sector / other,1706,1421,1706,1,83.3
2025-04-01,NT337,SPIRE LIVERPOOL HOSPITAL,NHS CHESHIRE AND MERSEYSIDE INTEGRATED CARE BOARD,Independent sector / other,3395,3240,3395,0,95.4
2025-04-01,NT314,SPIRE LONDON EAST,NHS NORTH EAST LONDON INTEGRATED CARE BOARD,Independent sector / other,2559,1904,2559,11,74.4
2025-04-01,NT327,SPIRE MANCHESTER HOSPITAL,NHS GREATER MANCHESTER INTEGRATED CARE BOARD,Independent sector / other,974,787,974,3,80.8
2025-04-01,NT350,SPIRE METHLEY PARK HOSPITAL,NHS WEST YORKSHIRE INTEGRATED CARE BOARD,Independent sector / other,1313,1075,1313,1,81.9
2025-04-01,NT364,SPIRE MONTEFIORE HOSPITAL,NHS SUSSEX INTEGRATED CARE BOARD,Independent sector / other,426,327,426,0,76.8
2025-04-01,NT325,SPIRE MURRAYFIELD HOSPITAL,NHS CHESHIRE AND MERSEYSIDE INTEGRATED CARE BOARD,Independent sector / other,544,510,544,1,93.8
2025-04-01,NT318,SPIRE NORWICH HOSPITAL,NHS NORFOLK AND WAVENEY INTEGRATED CARE BOARD,Independent sector / other,451,395,451,3,87.6
2025-04-01,NT30A,SPIRE NOTTINGHAM HOSPITAL,NHS NOTTINGHAM AND NOTTINGHAMSHIRE INTEGRATED CARE BOARD,Independent sector / other,581,460,581,0,79.2
2025-04-01,NT320,SPIRE PARKWAY HOSPITAL,NHS BIRMINGHAM AND SOLIHULL INTEGRATED CARE BOARD,Independent sector / other,1229,964,1229,17,78.4
2025-04-01,NT305,SPIRE PORTSMOUTH HOSPITAL,NHS HAMPSHIRE AND ISLE OF WIGHT INTEGRATED CARE BOARD,Independent sector / other,397,295,397,2,74.3
2025-04-01,NT339,SPIRE REGENCY HOSPITAL,NHS CHESHIRE AND MERSEYSIDE INTEGRATED CARE BOARD,Independent sector / other,1805,1768,1805,0,98.0
2025-04-01,NT301,SPIRE SOUTH BANK HOSPITAL,NHS HEREFORDSHIRE AND WORCESTERSHIRE INTEGRATED CARE BOARD,Independent sector / other,872,660,872,4,75.7
2025-04-01,NT304,SPIRE SOUTHAMPTON HOSPITAL,NHS HAMPSHIRE AND ISLE OF WIGHT INTEGRATED CARE BOARD,Independent sector / other,575,329,575,7,57.2
2025-04-01,NT3X3,SPIRE ST ANTHONY'S HOSPITAL,NHS SOUTH WEST LONDON INTEGRATED CARE BOARD,Independent sector / other,1040,950,1040,3,91.3
2025-04-01,NT343,SPIRE THAMES VALLEY HOSPITAL,"NHS BUCKINGHAMSHIRE, OXFORDSHIRE AND BERKSHIRE WEST INTEGRATED CARE BOARD",Independent sector / other,426,327,426,0,76.8
2025-04-01,NT333,SPIRE WASHINGTON HOSPITAL,NHS NORTH EAST AND NORTH CUMBRIA INTEGRATED CARE BOARD,Independent sector / other,1479,1240,1479,13,83.8
2025-04-01,NT313,SPIRE WELLESLEY HOSPITAL,NHS MID AND SOUTH ESSEX INTEGRATED CARE BOARD,Independent sector / other,1228,531,1228,8,43.2
2025-04-01,NVC18,SPRINGFIELD HOSPITAL,NHS MID AND SOUTH ESSEX INTEGRATED CARE BOARD,Independent sector / other,4550,3292,4550,33,72.4
2025-04-01,NT446,ST EDMUNDS HOSPITAL,NHS SUFFOLK AND NORTH EAST ESSEX INTEGRATED CARE BOARD,Independent sector / other,637,407,637,4,63.9
2025-04-01,RJ7,ST GEORGE'S UNIVERSITY HOSPITALS NHS FOUNDATION TRUST,NHS SOUTH WEST LONDON INTEGRATED CARE BOARD,NHS trust,69860,42658,69860,1422,61.1
2025-04-01,NTE02,ST HUGH'S HOSPITAL,NHS HUMBER AND NORTH YORKSHIRE INTEGRATED CARE BOARD,Independent sector / other,2752,1773,2752,84,64.4
2025-04-01,AHP,ST MICHAEL'S CLINIC LIMITED,"NHS SHROPSHIRE, TELFORD AND WREKIN INTEGRATED CARE BOARD",Independent sector / other,1632,888,1632,17,54.4
2025-04-01,RWJ,STOCKPORT NHS FOUNDATION TRUST,NHS GREATER MANCHESTER INTEGRATED CARE BOARD,NHS trust,35204,19415,35204,1461,55.1
2025-04-01,NVC1H,STOURSIDE HOSPITAL,NHS BLACK COUNTRY INTEGRATED CARE BOARD,Independent sector / other,2941,2106,2941,21,71.6
2025-04-01,NDL01,SUFFOLK GP FEDERATION,NHS SUFFOLK AND NORTH EAST ESSEX INTEGRATED CARE BOARD,Independent sector / other,70,69,70,0,98.6
2025-04-01,G3Z1Q,SULIS HOSPITAL BATH (FOXCOTE AVENUE),"NHS BATH AND NORTH EAST SOMERSET, SWINDON AND WILTSHIRE INTEGRATED CARE BOARD",Independent sector / other,2902,2301,2902,5,79.3
2025-04-01,RTP,SURREY AND SUSSEX HEALTHCARE NHS TRUST,NHS SURREY HEARTLANDS INTEGRATED CARE BOARD,NHS trust,54524,30393,54524,915,55.7
2025-04-01,NYG,SUSSEX COMMUNITY DERMATOLOGY SERVICE,NHS SUSSEX INTEGRATED CARE BOARD,Independent sector / other,14330,12123,14330,3,84.6
2025-04-01,RDR,SUSSEX COMMUNITY NHS FOUNDATION TRUST,NHS SUSSEX INTEGRATED CARE BOARD,NHS trust,11730,8537,11730,4,72.8
2025-04-01,RMP,TAMESIDE AND GLOSSOP INTEGRATED CARE NHS FOUNDATION TRUST,NHS GREATER MANCHESTER INTEGRATED CARE BOARD,NHS trust,17206,12176,17206,0,70.8
2025-04-01,NVC0R,TEES VALLEY HOSPITAL,NHS NORTH EAST AND NORTH CUMBRIA INTEGRATED CARE BOARD,Independent sector / other,3883,3140,3883,3,80.9
2025-04-01,AAH,TETBURY HOSPITAL TRUST LTD,NHS GLOUCESTERSHIRE INTEGRATED CARE BOARD,Independent sector / other,282,273,282,1,96.8
2025-04-01,NVC02,THE BERKSHIRE INDEPENDENT HOSPITAL,"NHS BUCKINGHAMSHIRE, OXFORDSHIRE AND BERKSHIRE WEST INTEGRATED CARE BOARD",Independent sector / other,1228,900,1228,2,73.3
2025-04-01,NVC25,THE CHERWELL HOSPITAL,"NHS BUCKINGHAMSHIRE, OXFORDSHIRE AND BERKSHIRE WEST INTEGRATED CARE BOARD",Independent sector / other,2403,1321,2403,19,55.0
2025-04-01,RBV,THE CHRISTIE NHS FOUNDATION TRUST,NHS GREATER MANCHESTER INTEGRATED CARE BOARD,NHS trust,2878,2723,2878,0,94.6
2025-04-01,REN,THE CLATTERBRIDGE CANCER CENTRE NHS FOUNDATION TRUST,NHS CHESHIRE AND MERSEYSIDE INTEGRATED CARE BOARD,NHS trust,1015,995,1015,0,98.0
2025-04-01,RNA,THE DUDLEY GROUP NHS FOUNDATION TRUST,NHS BLACK COUNTRY INTEGRATED CARE BOARD,NHS trust,45469,27895,45469,801,61.3
2025-04-01,AJ8,THE GRANGE MEDICAL CENTRE HQ,NHS WEST YORKSHIRE INTEGRATED CARE BOARD,Independent sector / other,162,162,162,0,100.0
2025-04-01,S3H9L,THE HAMPTONS HOSPITAL LTD,NHS CAMBRIDGESHIRE AND PETERBOROUGH INTEGRATED CARE BOARD,Independent sector / other,2336,1942,2336,19,83.1
2025-04-01,RAS,THE HILLINGDON HOSPITALS NHS FOUNDATION TRUST,NHS NORTH WEST LONDON INTEGRATED CARE BOARD,NHS trust,31051,16683,31051,431,53.7
2025-04-01,NXM01,THE HORDER CENTRE - ST JOHNS ROAD,NHS SUSSEX INTEGRATED CARE BOARD,Independent sector / other,1200,800,1200,0,66.7
2025-04-01,DX1,THE NEW FOSCOTE HOSPITAL LTD,NHS NORTH CENTRAL LONDON INTEGRATED CARE BOARD,Independent sector / other,404,330,404,13,81.7
2025-04-01,RTD,THE NEWCASTLE UPON TYNE HOSPITALS NHS FOUNDATION TRUST,NHS NORTH EAST AND NORTH CUMBRIA INTEGRATED CARE BOARD,NHS trust,94496,68579,94496,1521,72.6
2025-04-01,NTX,THE ONE HEALTH GROUP PLC,NHS SOUTH YORKSHIRE INTEGRATED CARE BOARD,Independent sector / other,4309,3263,4309,122,75.7
2025-04-01,RQW,THE PRINCESS ALEXANDRA HOSPITAL NHS TRUST,NHS HERTFORDSHIRE AND WEST ESSEX INTEGRATED CARE BOARD,NHS trust,51395,25069,51395,2403,48.8
2025-04-01,RCX,"THE QUEEN ELIZABETH HOSPITAL, KING'S LYNN, NHS FOUNDATION TRUST",NHS NORFOLK AND WAVENEY INTEGRATED CARE BOARD,NHS trust,26884,15692,26884,593,58.4
2025-04-01,RL1,THE ROBERT JONES AND AGNES HUNT ORTHOPAEDIC HOSPITAL NHS FOUNDATION TRUST,"NHS SHROPSHIRE, TELFORD AND WREKIN INTEGRATED CARE BOARD",NHS trust,26090,11206,26090,2768,43.0
2025-04-01,RFR,THE ROTHERHAM NHS FOUNDATION TRUST,NHS SOUTH YORKSHIRE INTEGRATED CARE BOARD,NHS trust,31857,20975,31857,770,65.8
2025-04-01,RPY,THE ROYAL MARSDEN NHS FOUNDATION TRUST,NHS NORTH WEST LONDON INTEGRATED CARE BOARD,NHS trust,1848,1702,1848,3,92.1
2025-04-01,RRJ,THE ROYAL ORTHOPAEDIC HOSPITAL NHS FOUNDATION TRUST,NHS BIRMINGHAM AND SOLIHULL INTEGRATED CARE BOARD,NHS trust,12791,7124,12791,486,55.7
2025-04-01,RL4,THE ROYAL WOLVERHAMPTON NHS TRUST,NHS BLACK COUNTRY INTEGRATED CARE BOARD,NHS trust,86226,44954,86226,2189,52.1
2025-04-01,RXW,THE SHREWSBURY AND TELFORD HOSPITAL NHS TRUST,"NHS SHROPSHIRE, TELFORD AND WREKIN INTEGRATED CARE BOARD",NHS trust,41238,20459,41238,1312,49.6
2025-04-01,RET,THE WALTON CENTRE NHS FOUNDATION TRUST,NHS CHESHIRE AND MERSEYSIDE INTEGRATED CARE BOARD,NHS trust,17829,10770,17829,263,60.4
2025-04-01,NVC44,THE WESTBOURNE CENTRE,NHS BIRMINGHAM AND SOLIHULL INTEGRATED CARE BOARD,Independent sector / other,3206,2000,3206,4,62.4
2025-04-01,NVC20,THE YORKSHIRE CLINIC,NHS WEST YORKSHIRE INTEGRATED CARE BOARD,Independent sector / other,7678,5296,7678,77,69.0
2025-04-01,NT440,THORNBURY HOSPITAL,NHS SOUTH YORKSHIRE INTEGRATED CARE BOARD,Independent sector / other,578,444,578,4,76.8
2025-04-01,NT441,THREE SHIRES HOSPITAL,NHS NORTHAMPTONSHIRE INTEGRATED CARE BOARD,Independent sector / other,3369,2117,3369,18,62.8
2025-04-01,RA9,TORBAY AND SOUTH DEVON NHS FOUNDATION TRUST,NHS DEVON INTEGRATED CARE BOARD,NHS trust,34630,21927,34630,914,63.3
2025-04-01,NN4,TYNESIDE SURGICAL SERVICES LTD,NHS NORTH EAST AND NORTH CUMBRIA INTEGRATED CARE BOARD,Independent sector / other,1330,1154,1330,2,86.8
2025-04-01,RWD,UNITED LINCOLNSHIRE TEACHING HOSPITALS NHS TRUST,NHS LINCOLNSHIRE INTEGRATED CARE BOARD,NHS trust,70044,37687,70044,1775,53.8
2025-04-01,RRV,UNIVERSITY COLLEGE LONDON HOSPITALS NHS FOUNDATION TRUST,NHS NORTH CENTRAL LONDON INTEGRATED CARE BOARD,NHS trust,74183,43622,74183,1244,58.8
2025-04-01,RHM,UNIVERSITY HOSPITAL SOUTHAMPTON NHS FOUNDATION TRUST,NHS HAMPSHIRE AND ISLE OF WIGHT INTEGRATED CARE BOARD,NHS trust,62310,39295,62310,1218,63.1
2025-04-01,RRK,UNIVERSITY HOSPITALS BIRMINGHAM NHS FOUNDATION TRUST,NHS BIRMINGHAM AND SOLIHULL INTEGRATED CARE BOARD,NHS trust,105152,52299,105152,5199,49.7
2025-04-01,RA7,UNIVERSITY HOSPITALS BRISTOL AND WESTON NHS FOUNDATION TRUST,"NHS BRISTOL, NORTH SOMERSET AND SOUTH GLOUCESTERSHIRE INTEGRATED CARE BOARD",NHS trust,54894,34939,54894,766,63.6
2025-04-01,RKB,UNIVERSITY HOSPITALS COVENTRY AND WARWICKSHIRE NHS TRUST,NHS COVENTRY AND WARWICKSHIRE INTEGRATED CARE BOARD,NHS trust,83186,42404,83186,1939,51.0
2025-04-01,R0D,UNIVERSITY HOSPITALS DORSET NHS FOUNDATION TRUST,NHS DORSET INTEGRATED CARE BOARD,NHS trust,64489,39211,64489,2261,60.8
2025-04-01,RTG,UNIVERSITY HOSPITALS OF DERBY AND BURTON NHS FOUNDATION TRUST,NHS DERBY AND DERBYSHIRE INTEGRATED CARE BOARD,NHS trust,107930,58301,107930,2187,54.0
2025-04-01,RWE,UNIVERSITY HOSPITALS OF LEICESTER NHS TRUST,"NHS LEICESTER, LEICESTERSHIRE AND RUTLAND INTEGRATED CARE BOARD",NHS trust,107836,60414,107836,2108,56.0
2025-04-01,RTX,UNIVERSITY HOSPITALS OF MORECAMBE BAY NHS FOUNDATION TRUST,NHS LANCASHIRE AND SOUTH CUMBRIA INTEGRATED CARE BOARD,NHS trust,34603,23597,34603,486,68.2
2025-04-01,RJE,UNIVERSITY HOSPITALS OF NORTH MIDLANDS NHS TRUST,NHS STAFFORDSHIRE AND STOKE-ON-TRENT INTEGRATED CARE BOARD,NHS trust,66521,41263,66521,1672,62.0
2025-04-01,RK9,UNIVERSITY HOSPITALS PLYMOUTH NHS TRUST,NHS DEVON INTEGRATED CARE BOARD,NHS trust,48006,28723,48006,1755,59.8
2025-04-01,RYR,UNIVERSITY HOSPITALS SUSSEX NHS FOUNDATION TRUST,NHS SUSSEX INTEGRATED CARE BOARD,NHS trust,115225,57921,115225,6925,50.3
2025-04-01,NRF,UNIVERSITY OF SOUTHAMPTON AUDITORY IMPLANT SERVICE,NHS HAMPSHIRE AND ISLE OF WIGHT INTEGRATED CARE BOARD,Independent sector / other,203,120,203,17,59.1
2025-04-01,AQK,VERNOVA HEALTHCARE COMMUNITY INTEREST COMPANY,NHS CHESHIRE AND MERSEYSIDE INTEGRATED CARE BOARD,Independent sector / other,221,197,221,0,89.1
2025-04-01,RBK,WALSALL HEALTHCARE NHS TRUST,NHS BLACK COUNTRY INTEGRATED CARE BOARD,NHS trust,28560,19880,28560,102,69.6
2025-04-01,RWW,WARRINGTON AND HALTON TEACHING HOSPITALS NHS FOUNDATION TRUST,NHS CHESHIRE AND MERSEYSIDE INTEGRATED CARE BOARD,NHS trust,34476,19495,34476,1528,56.5
2025-04-01,RWG,WEST HERTFORDSHIRE TEACHING HOSPITALS NHS TRUST,NHS HERTFORDSHIRE AND WEST ESSEX INTEGRATED CARE BOARD,NHS trust,46181,28723,46181,934,62.2
2025-04-01,NVC21,WEST MIDLANDS HOSPITAL,NHS BLACK COUNTRY INTEGRATED CARE BOARD,Independent sector / other,976,539,976,22,55.2
2025-04-01,RGR,WEST SUFFOLK NHS FOUNDATION TRUST,NHS SUFFOLK AND NORTH EAST ESSEX INTEGRATED CARE BOARD,NHS trust,35560,19749,35560,1416,55.5
2025-04-01,RKE,WHITTINGTON HEALTH NHS TRUST,NHS NORTH CENTRAL LONDON INTEGRATED CARE BOARD,NHS trust,24535,15530,24535,293,63.3
2025-04-01,NVC22,WINFIELD HOSPITAL,NHS GLOUCESTERSHIRE INTEGRATED CARE BOARD,Independent sector / other,1626,1065,1626,11,65.5
2025-04-01,NT443,WINTERBOURNE HOSPITAL,NHS DORSET INTEGRATED CARE BOARD,Independent sector / other,276,255,276,0,92.4
2025-04-01,RBL,WIRRAL UNIVERSITY TEACHING HOSPITAL NHS FOUNDATION TRUST,NHS CHESHIRE AND MERSEYSIDE INTEGRATED CARE BOARD,NHS trust,46546,27793,46546,1136,59.7
2025-04-01,NVC23,WOODLAND HOSPITAL,NHS NORTHAMPTONSHIRE INTEGRATED CARE BOARD,Independent sector / other,4869,3160,4869,49,64.9
2025-04-01,NT457,WOODLANDS HOSPITAL,NHS NORTH EAST AND NORTH CUMBRIA INTEGRATED CARE BOARD,Independent sector / other,2051,1593,2051,1,77.7
2025-04-01,NVC40,WOODTHORPE HOSPITAL,NHS NOTTINGHAM AND NOTTINGHAMSHIRE INTEGRATED CARE BOARD,Independent sector / other,3522,2409,3522,5,68.4
2025-04-01,RWP,WORCESTERSHIRE ACUTE HOSPITALS NHS TRUST,NHS HEREFORDSHIRE AND WORCESTERSHIRE INTEGRATED CARE BOARD,NHS trust,55038,32644,55038,907,59.3
2025-04-01,RRF,"WRIGHTINGTON, WIGAN AND LEIGH TEACHING HOSPITALS NHS FOUNDATION TRUST",NHS GREATER MANCHESTER INTEGRATED CARE BOARD,NHS trust,50549,28609,50549,2001,56.6
2025-04-01,RLQ,WYE VALLEY NHS TRUST,NHS HEREFORDSHIRE AND WORCESTERSHIRE INTEGRATED CARE BOARD,NHS trust,27943,15912,27943,660,56.9
2025-04-01,RCB,YORK AND SCARBOROUGH TEACHING HOSPITALS NHS FOUNDATION TRUST,NHS HUMBER AND NORTH YORKSHIRE INTEGRATED CARE BOARD,NHS trust,49621,28104,49621,1149,56.6
2025-05-01,NPR01,ABOUT HEALTH HQ,NHS SOMERSET INTEGRATED CARE BOARD,Independent sector / other,1678,1606,1678,0,95.7
2025-05-01,RCF,AIREDALE NHS FOUNDATION TRUST,NHS WEST YORKSHIRE INTEGRATED CARE BOARD,NHS trust,13738,9988,13738,65,72.7
2025-05-01,RBS,ALDER HEY CHILDREN'S NHS FOUNDATION TRUST,NHS CHESHIRE AND MERSEYSIDE INTEGRATED CARE BOARD,NHS trust,19835,11146,19835,348,56.2
2025-05-01,NT401,ALEXANDRA HOSPITAL,NHS GREATER MANCHESTER INTEGRATED CARE BOARD,Independent sector / other,774,662,774,2,85.5
2025-05-01,NX5,ANGLIA COMMUNITY EYE SERVICE LTD,NHS CAMBRIDGESHIRE AND PETERBOROUGH INTEGRATED CARE BOARD,Independent sector / other,1754,1664,1754,1,94.9
2025-05-01,RTK,ASHFORD AND ST PETER'S HOSPITALS NHS FOUNDATION TRUST,NHS SURREY HEARTLANDS INTEGRATED CARE BOARD,NHS trust,57389,33868,57389,847,59.0
2025-05-01,NVC01,ASHTEAD HOSPITAL,NHS SURREY HEARTLANDS INTEGRATED CARE BOARD,Independent sector / other,796,649,796,1,81.5
2025-05-01,RF4,"BARKING, HAVERING AND REDBRIDGE UNIVERSITY HOSPITALS NHS TRUST",NHS NORTH EAST LONDON INTEGRATED CARE BOARD,NHS trust,56127,39295,56127,610,70.0
2025-05-01,RFF,BARNSLEY HOSPITAL NHS FOUNDATION TRUST,NHS SOUTH YORKSHIRE INTEGRATED CARE BOARD,NHS trust,26038,18754,26038,89,72.0
2025-05-01,R1H,BARTS HEALTH NHS TRUST,NHS NORTH EAST LONDON INTEGRATED CARE BOARD,NHS trust,135193,76264,135193,5111,56.4
2025-05-01,NT402,BATH CLINIC,"NHS BATH AND NORTH EAST SOMERSET, SWINDON AND WILTSHIRE INTEGRATED CARE BOARD",Independent sector / other,789,612,789,0,77.6
2025-05-01,NRP,BEACON MEDICAL SERVICES GROUP LIMITED,NHS GREATER MANCHESTER INTEGRATED CARE BOARD,Independent sector / other,352,344,352,0,97.7
2025-05-01,NVC0I,BEACON PARK HOSPITAL,NHS STAFFORDSHIRE AND STOKE-ON-TRENT INTEGRATED CARE BOARD,Independent sector / other,938,784,938,0,83.6
2025-05-01,NT403,BEARDWOOD HOSPITAL,NHS LANCASHIRE AND SOUTH CUMBRIA INTEGRATED CARE BOARD,Independent sector / other,2532,1936,2532,0,76.5
2025-05-01,NT404,BEAUMONT HOSPITAL,NHS GREATER MANCHESTER INTEGRATED CARE BOARD,Independent sector / other,2313,1787,2313,0,77.3
2025-05-01,RC9,BEDFORDSHIRE HOSPITALS NHS FOUNDATION TRUST,"NHS BEDFORDSHIRE, LUTON AND MILTON KEYNES INTEGRATED CARE BOARD",NHS trust,92335,53473,92335,2496,57.9
2025-05-01,NWF01,BENENDEN HOSPITAL,NHS KENT AND MEDWAY INTEGRATED CARE BOARD,Independent sector / other,1419,1016,1419,65,71.6
2025-05-01,RWX,BERKSHIRE HEALTHCARE NHS FOUNDATION TRUST,NHS FRIMLEY INTEGRATED CARE BOARD,NHS trust,80,80,80,0,100.0
2025-05-01,RYW,BIRMINGHAM COMMUNITY HEALTHCARE NHS FOUNDATION TRUST,NHS BIRMINGHAM AND SOLIHULL INTEGRATED CARE BOARD,NHS trust,16160,10902,16160,53,67.5
2025-05-01,RQ3,BIRMINGHAM WOMEN'S AND CHILDREN'S NHS FOUNDATION TRUST,NHS BIRMINGHAM AND SOLIHULL INTEGRATED CARE BOARD,NHS trust,27982,16219,27982,184,58.0
2025-05-01,NT405,BISHOPS WOOD HOSPITAL,NHS NORTH WEST LONDON INTEGRATED CARE BOARD,Independent sector / other,559,452,559,0,80.9
2025-05-01,NT406,BLACKHEATH HOSPITAL,NHS SOUTH EAST LONDON INTEGRATED CARE BOARD,Independent sector / other,1482,1072,1482,37,72.3
2025-05-01,RXL,BLACKPOOL TEACHING HOSPITALS NHS FOUNDATION TRUST,NHS LANCASHIRE AND SOUTH CUMBRIA INTEGRATED CARE BOARD,NHS trust,35010,19885,35010,1463,56.8
2025-05-01,NVC31,BLAKELANDS HOSPITAL,"NHS BEDFORDSHIRE, LUTON AND MILTON KEYNES INTEGRATED CARE BOARD",Independent sector / other,2324,1751,2324,16,75.3
2025-05-01,RMC,BOLTON NHS FOUNDATION TRUST,NHS GREATER MANCHESTER INTEGRATED CARE BOARD,NHS trust,37308,20824,37308,1294,55.8
2025-05-01,NVC27,BOSTON WEST HOSPITAL,NHS LINCOLNSHIRE INTEGRATED CARE BOARD,Independent sector / other,1547,1073,1547,8,69.4
2025-05-01,TAD,BRADFORD DISTRICT CARE NHS FOUNDATION TRUST,NHS WEST YORKSHIRE INTEGRATED CARE BOARD,NHS trust,573,398,573,6,69.5
2025-05-01,RAE,BRADFORD TEACHING HOSPITALS NHS FOUNDATION TRUST,NHS WEST YORKSHIRE INTEGRATED CARE BOARD,NHS trust,32565,21444,32565,163,65.8
2025-05-01,RXQ,BUCKINGHAMSHIRE HEALTHCARE NHS TRUST,"NHS BUCKINGHAMSHIRE, OXFORDSHIRE AND BERKSHIRE WEST INTEGRATED CARE BOARD",NHS trust,49038,28183,49038,1324,57.5
2025-05-01,A4M8P,BUCKSHAW HOSPITAL,NHS LANCASHIRE AND SOUTH CUMBRIA INTEGRATED CARE BOARD,Independent sector / other,3023,1961,3023,51,64.9
2025-05-01,RWY,CALDERDALE AND HUDDERSFIELD NHS FOUNDATION TRUST,NHS WEST YORKSHIRE INTEGRATED CARE BOARD,NHS trust,36204,24766,36204,51,68.4
2025-05-01,RGT,CAMBRIDGE UNIVERSITY HOSPITALS NHS FOUNDATION TRUST,NHS CAMBRIDGESHIRE AND PETERBOROUGH INTEGRATED CARE BOARD,NHS trust,65216,37536,65216,2830,57.6
2025-05-01,RT1,CAMBRIDGESHIRE AND PETERBOROUGH NHS FOUNDATION TRUST,NHS CAMBRIDGESHIRE AND PETERBOROUGH INTEGRATED CARE BOARD,NHS trust,316,148,316,70,46.8
2025-05-01,NL3,CARE PLUS GROUP,NHS HUMBER AND NORTH YORKSHIRE INTEGRATED CARE BOARD,Independent sector / other,234,223,234,0,95.3
2025-05-01,NT451,CAVELL HOSPITAL,NHS NORTH CENTRAL LONDON INTEGRATED CARE BOARD,Independent sector / other,1428,1065,1428,9,74.6
2025-05-01,NT408,CHAUCER HOSPITAL,NHS KENT AND MEDWAY INTEGRATED CARE BOARD,Independent sector / other,784,622,784,0,79.3
2025-05-01,RQM,CHELSEA AND WESTMINSTER HOSPITAL NHS FOUNDATION TRUST,NHS NORTH WEST LONDON INTEGRATED CARE BOARD,NHS trust,66800,39941,66800,738,59.8
2025-05-01,NT409,CHELSFIELD PARK HOSPITAL,NHS SOUTH EAST LONDON INTEGRATED CARE BOARD,Independent sector / other,691,576,691,7,83.4
2025-05-01,RFS,CHESTERFIELD ROYAL HOSPITAL NHS FOUNDATION TRUST,NHS DERBY AND DERBYSHIRE INTEGRATED CARE BOARD,NHS trust,31248,18305,31248,883,58.6
2025-05-01,NT410,CHILTERN HOSPITAL,"NHS BUCKINGHAMSHIRE, OXFORDSHIRE AND BERKSHIRE WEST INTEGRATED CARE BOARD",Independent sector / other,482,408,482,0,84.6
2025-05-01,F9Z4V,CIRCLE READING HOSPITAL,"NHS BUCKINGHAMSHIRE, OXFORDSHIRE AND BERKSHIRE WEST INTEGRATED CARE BOARD",Independent sector / other,1600,1214,1600,0,75.9
2025-05-01,B3M1X,CLAREMONT PRIVATE HOSPITAL,NHS SOUTH YORKSHIRE INTEGRATED CARE BOARD,Independent sector / other,1968,1492,1968,5,75.8
2025-05-01,NT411,CLEMENTINE CHURCHILL HOSPITAL,NHS NORTH WEST LONDON INTEGRATED CARE BOARD,Independent sector / other,1955,1937,1955,0,99.1
2025-05-01,NVC28,CLIFTON PARK HOSPITAL,NHS HUMBER AND NORTH YORKSHIRE INTEGRATED CARE BOARD,Independent sector / other,1657,1012,1657,17,61.1
2025-05-01,NVC29,COBALT HOSPITAL,NHS NORTH EAST AND NORTH CUMBRIA INTEGRATED CARE BOARD,Independent sector / other,1719,1182,1719,31,68.8
2025-05-01,NLG,COMMUNITAS CLINICS,NHS SOUTH WEST LONDON INTEGRATED CARE BOARD,Independent sector / other,10739,6485,10739,23,60.4
2025-05-01,AAV,COMMUNITY HEALTH AND EYECARE LIMITED,NHS LANCASHIRE AND SOUTH CUMBRIA INTEGRATED CARE BOARD,Independent sector / other,3655,3558,3655,0,97.3
2025-05-01,NMG,CORA HEALTH MSK (FORMERLY CONNECT HEALTH LTD),NHS NORTH EAST AND NORTH CUMBRIA INTEGRATED CARE BOARD,Independent sector / other,13549,12969,13549,17,95.7
2025-05-01,RJ8,CORNWALL PARTNERSHIP NHS FOUNDATION TRUST,NHS CORNWALL AND THE ISLES OF SCILLY INTEGRATED CARE BOARD,NHS trust,491,485,491,0,98.8
2025-05-01,DFY01,COTSWOLDS SURGICAL PARTNERS,"NHS BATH AND NORTH EAST SOMERSET, SWINDON AND WILTSHIRE INTEGRATED CARE BOARD",Independent sector / other,148,146,148,0,98.6
2025-05-01,RJR,COUNTESS OF CHESTER HOSPITAL NHS FOUNDATION TRUST,NHS CHESHIRE AND MERSEYSIDE INTEGRATED CARE BOARD,NHS trust,37180,18055,37180,2755,48.6
2025-05-01,RXP,COUNTY DURHAM AND DARLINGTON NHS FOUNDATION TRUST,NHS NORTH EAST AND NORTH CUMBRIA INTEGRATED CARE BOARD,NHS trust,38936,27245,38936,328,70.0
2025-05-01,RJ6,CROYDON HEALTH SERVICES NHS TRUST,NHS SOUTH WEST LONDON INTEGRATED CARE BOARD,NHS trust,36116,25147,36116,940,69.6
2025-05-01,RX4,"CUMBRIA, NORTHUMBERLAND, TYNE AND WEAR NHS FOUNDATION TRUST",NHS NORTH EAST AND NORTH CUMBRIA INTEGRATED CARE BOARD,NHS trust,199,194,199,0,97.5
2025-05-01,RN7,DARTFORD AND GRAVESHAM NHS TRUST,NHS KENT AND MEDWAY INTEGRATED CARE BOARD,NHS trust,31852,18969,31852,736,59.6
2025-05-01,NVL,DMC DERMATOLOGY,NHS GREATER MANCHESTER INTEGRATED CARE BOARD,Independent sector / other,189,189,189,0,100.0
2025-05-01,NCN,DMC HEALTHCARE,NHS SOUTH EAST LONDON INTEGRATED CARE BOARD,Independent sector / other,2155,2137,2155,0,99.2
2025-05-01,RP5,DONCASTER AND BASSETLAW TEACHING HOSPITALS NHS FOUNDATION TRUST,NHS SOUTH YORKSHIRE INTEGRATED CARE BOARD,NHS trust,54895,33651,54895,1609,61.3
2025-05-01,NNE,DORKING HEALTHCARE LIMITED (DHC),NHS SURREY HEARTLANDS INTEGRATED CARE BOARD,Independent sector / other,6051,5297,6051,2,87.5
2025-05-01,RBD,DORSET COUNTY HOSPITAL NHS FOUNDATION TRUST,NHS DORSET INTEGRATED CARE BOARD,NHS trust,22630,13473,22630,439,59.5
2025-05-01,NT412,DROITWICH SPA HOSPITAL,NHS HEREFORDSHIRE AND WORCESTERSHIRE INTEGRATED CARE BOARD,Independent sector / other,1788,1189,1788,2,66.5
2025-05-01,NT447,DUCHY HOSPITAL,NHS HUMBER AND NORTH YORKSHIRE INTEGRATED CARE BOARD,Independent sector / other,495,325,495,0,65.7
2025-05-01,NVC04,DUCHY HOSPITAL,NHS CORNWALL AND THE ISLES OF SCILLY INTEGRATED CARE BOARD,Independent sector / other,2051,1046,2051,6,51.0
2025-05-01,RWH,EAST AND NORTH HERTFORDSHIRE TEACHING NHS TRUST,NHS HERTFORDSHIRE AND WEST ESSEX INTEGRATED CARE BOARD,NHS trust,54413,34246,54413,1059,62.9
2025-05-01,RJN,EAST CHESHIRE NHS TRUST,NHS CHESHIRE AND MERSEYSIDE INTEGRATED CARE BOARD,NHS trust,13432,8139,13432,133,60.6
2025-05-01,RVV,EAST KENT HOSPITALS UNIVERSITY NHS FOUNDATION TRUST,NHS KENT AND MEDWAY INTEGRATED CARE BOARD,NHS trust,82146,44939,82146,2466,54.7
2025-05-01,RXR,EAST LANCASHIRE HOSPITALS NHS TRUST,NHS LANCASHIRE AND SOUTH CUMBRIA INTEGRATED CARE BOARD,NHS trust,57660,33690,57660,2264,58.4
2025-05-01,RDE,EAST SUFFOLK AND NORTH ESSEX NHS FOUNDATION TRUST,NHS SUFFOLK AND NORTH EAST ESSEX INTEGRATED CARE BOARD,NHS trust,91064,51448,91064,3252,56.5
2025-05-01,RXC,EAST SUSSEX HEALTHCARE NHS TRUST,NHS SUSSEX INTEGRATED CARE BOARD,NHS trust,61672,38225,61672,846,62.0
2025-05-01,NT445,EDGBASTON HOSPITAL,NHS BIRMINGHAM AND SOLIHULL INTEGRATED CARE BOARD,Independent sector / other,1,1,1,0,100.0
2025-05-01,M9U8M,ENDOCARE DIAGNOSTICS LTD,NHS GREATER MANCHESTER INTEGRATED CARE BOARD,Independent sector / other,122,122,122,0,100.0
2025-05-01,RVR,EPSOM AND ST HELIER UNIVERSITY HOSPITALS NHS TRUST,NHS SOUTH WEST LONDON INTEGRATED CARE BOARD,NHS trust,53903,35473,53903,950,65.8
2025-05-01,NVM,EPSOMEDICAL GROUP,NHS SURREY HEARTLANDS INTEGRATED CARE BOARD,Independent sector / other,2680,2378,2680,5,88.7
2025-05-01,NVC05,EUXTON HALL HOSPITAL,NHS LANCASHIRE AND SOUTH CUMBRIA INTEGRATED CARE BOARD,Independent sector / other,2950,2120,2950,19,71.9
2025-05-01,NVC0Y,EXETER MEDICAL,NHS DEVON INTEGRATED CARE BOARD,Independent sector / other,376,306,376,0,81.4
2025-05-01,ACM,EYE CARE MEDICAL LTD,NHS CHESHIRE AND MERSEYSIDE INTEGRATED CARE BOARD,Independent sector / other,8,8,8,0,100.0
2025-05-01,Y9S1N,FAIRFIELD INDEPENDENT HOSPITAL,NHS CHESHIRE AND MERSEYSIDE INTEGRATED CARE BOARD,Independent sector / other,2171,1581,2171,2,72.8
2025-05-01,NDJ,FIRST COMMUNITY HEALTH AND CARE CIC,NHS SURREY HEARTLANDS INTEGRATED CARE BOARD,Independent sector / other,792,781,792,0,98.6
2025-05-01,NVC06,FITZWILLIAM HOSPITAL,NHS CAMBRIDGESHIRE AND PETERBOROUGH INTEGRATED CARE BOARD,Independent sector / other,5877,3592,5877,35,61.1
2025-05-01,RDU,FRIMLEY HEALTH NHS FOUNDATION TRUST,NHS FRIMLEY INTEGRATED CARE BOARD,NHS trust,74488,41421,74488,2984,55.6
2025-05-01,NVC07,FULWOOD HALL HOSPITAL,NHS LANCASHIRE AND SOUTH CUMBRIA INTEGRATED CARE BOARD,Independent sector / other,5280,3553,5280,43,67.3
2025-05-01,RR7,GATESHEAD HEALTH NHS FOUNDATION TRUST,NHS NORTH EAST AND NORTH CUMBRIA INTEGRATED CARE BOARD,NHS trust,12931,8861,12931,1,68.5
2025-05-01,RLT,GEORGE ELIOT HOSPITAL NHS TRUST,NHS COVENTRY AND WARWICKSHIRE INTEGRATED CARE BOARD,NHS trust,20574,11997,20574,831,58.3
2025-05-01,K8I4X,GLENDON WOOD HOSPITAL,NHS NORTHAMPTONSHIRE INTEGRATED CARE BOARD,Independent sector / other,1357,1065,1357,9,78.5
2025-05-01,RTE,GLOUCESTERSHIRE HOSPITALS NHS FOUNDATION TRUST,NHS GLOUCESTERSHIRE INTEGRATED CARE BOARD,NHS trust,63551,43592,63551,75,68.6
2025-05-01,NT417,GORING HALL HOSPITAL,NHS SUSSEX INTEGRATED CARE BOARD,Independent sector / other,1107,575,1107,12,51.9
2025-05-01,NWV01,GP CARE UK,"NHS BRISTOL, NORTH SOMERSET AND SOUTH GLOUCESTERSHIRE INTEGRATED CARE BOARD",Independent sector / other,643,643,643,0,100.0
2025-05-01,RP4,GREAT ORMOND STREET HOSPITAL FOR CHILDREN NHS FOUNDATION TRUST,NHS NORTH CENTRAL LONDON INTEGRATED CARE BOARD,NHS trust,8342,5827,8342,234,69.9
2025-05-01,RN3,GREAT WESTERN HOSPITALS NHS FOUNDATION TRUST,"NHS BATH AND NORTH EAST SOMERSET, SWINDON AND WILTSHIRE INTEGRATED CARE BOARD",NHS trust,37476,22320,37476,764,59.6
2025-05-01,RJ1,GUY'S AND ST THOMAS' NHS FOUNDATION TRUST,NHS SOUTH EAST LONDON INTEGRATED CARE BOARD,NHS trust,120286,75660,120286,2602,62.9
2025-05-01,RW1,HAMPSHIRE AND ISLE OF WIGHT HEALTHCARE NHS FOUNDATION TRUST,NHS HAMPSHIRE AND ISLE OF WIGHT INTEGRATED CARE BOARD,NHS trust,4115,3834,4115,0,93.2
2025-05-01,NT418,HAMPSHIRE CLINIC,NHS HAMPSHIRE AND ISLE OF WIGHT INTEGRATED CARE BOARD,Independent sector / other,246,175,246,2,71.1
2025-05-01,RN5,HAMPSHIRE HOSPITALS NHS FOUNDATION TRUST,NHS HAMPSHIRE AND ISLE OF WIGHT INTEGRATED CARE BOARD,NHS trust,51559,30836,51559,1613,59.8
2025-05-01,NT419,HARBOUR HOSPITAL,NHS DORSET INTEGRATED CARE BOARD,Independent sector / other,145,125,145,0,86.2
2025-05-01,RCD,HARROGATE AND DISTRICT NHS FOUNDATION TRUST,NHS HUMBER AND NORTH YORKSHIRE INTEGRATED CARE BOARD,NHS trust,20141,14337,20141,1,71.2
2025-05-01,NYR,HEALTHSHARE DIAGNOSTICS,NHS KENT AND MEDWAY INTEGRATED CARE BOARD,Independent sector / other,1979,1672,1979,20,84.5
2025-05-01,NRL,HEART NETWORKS,NHS GREATER MANCHESTER INTEGRATED CARE BOARD,Independent sector / other,323,323,323,0,100.0
2025-05-01,NT416,HENDON HOSPITAL,NHS NORTH CENTRAL LONDON INTEGRATED CARE BOARD,Independent sector / other,1226,880,1226,0,71.8
2025-05-01,R1A,HEREFORDSHIRE AND WORCESTERSHIRE HEALTH AND CARE NHS TRUST,NHS HEREFORDSHIRE AND WORCESTERSHIRE INTEGRATED CARE BOARD,NHS trust,120,118,120,1,98.3
2025-05-01,NT420,HIGHFIELD HOSPITAL,NHS GREATER MANCHESTER INTEGRATED CARE BOARD,Independent sector / other,985,829,985,0,84.2
2025-05-01,RQX,HOMERTON HEALTHCARE NHS FOUNDATION TRUST,NHS NORTH EAST LONDON INTEGRATED CARE BOARD,NHS trust,36209,23052,36209,263,63.7
2025-05-01,NT448,HUDDERSFIELD PRIVATE HOSPITAL,NHS WEST YORKSHIRE INTEGRATED CARE BOARD,Independent sector / other,587,547,587,0,93.2
2025-05-01,RWA,HULL UNIVERSITY TEACHING HOSPITALS NHS TRUST,NHS HUMBER AND NORTH YORKSHIRE INTEGRATED CARE BOARD,NHS trust,78225,45208,78225,2850,57.8
2025-05-01,RYJ,IMPERIAL COLLEGE HEALTHCARE NHS TRUST,NHS NORTH WEST LONDON INTEGRATED CARE BOARD,NHS trust,86817,52362,86817,1729,60.3
2025-05-01,NXP,INDEPENDENT HEALTH GROUP,"NHS BATH AND NORTH EAST SOMERSET, SWINDON AND WILTSHIRE INTEGRATED CARE BOARD",Independent sector / other,1137,1121,1137,0,98.6
2025-05-01,NV1,INHEALTH LIMITED,"NHS BUCKINGHAMSHIRE, OXFORDSHIRE AND BERKSHIRE WEST INTEGRATED CARE BOARD",Independent sector / other,2681,2304,2681,0,85.9
2025-05-01,NCR,ISIGHT,NHS CHESHIRE AND MERSEYSIDE INTEGRATED CARE BOARD,Independent sector / other,914,872,914,0,95.4
2025-05-01,R1F,ISLE OF WIGHT NHS TRUST,NHS HAMPSHIRE AND ISLE OF WIGHT INTEGRATED CARE BOARD,NHS trust,13596,8344,13596,47,61.4
2025-05-01,RGP,JAMES PAGET UNIVERSITY HOSPITALS NHS FOUNDATION TRUST,NHS NORFOLK AND WAVENEY INTEGRATED CARE BOARD,NHS trust,34818,18865,34818,1717,54.2
2025-05-01,RYY,KENT COMMUNITY HEALTH NHS FOUNDATION TRUST,NHS KENT AND MEDWAY INTEGRATED CARE BOARD,NHS trust,3808,3802,3808,0,99.8
2025-05-01,RNQ,KETTERING GENERAL HOSPITAL NHS FOUNDATION TRUST,NHS NORTHAMPTONSHIRE INTEGRATED CARE BOARD,NHS trust,25656,17163,25656,254,66.9
2025-05-01,ADP02,KIMS HOSPITAL (NEWNHAM COURT),NHS KENT AND MEDWAY INTEGRATED CARE BOARD,Independent sector / other,1068,986,1068,2,92.3
2025-05-01,RJZ,KING'S COLLEGE HOSPITAL NHS FOUNDATION TRUST,NHS SOUTH EAST LONDON INTEGRATED CARE BOARD,NHS trust,83657,52038,83657,1584,62.2
2025-05-01,NT421,KINGS OAK HOSPITAL,NHS NORTH CENTRAL LONDON INTEGRATED CARE BOARD,Independent sector / other,952,771,952,10,81.0
2025-05-01,RAX,KINGSTON AND RICHMOND NHS FOUNDATION TRUST,NHS SOUTH WEST LONDON INTEGRATED CARE BOARD,NHS trust,41947,27711,41947,192,66.1
2025-05-01,RW5,LANCASHIRE & SOUTH CUMBRIA NHS FOUNDATION TRUST,NHS LANCASHIRE AND SOUTH CUMBRIA INTEGRATED CARE BOARD,NHS trust,2451,2239,2451,1,91.4
2025-05-01,RXN,LANCASHIRE TEACHING HOSPITALS NHS FOUNDATION TRUST,NHS LANCASHIRE AND SOUTH CUMBRIA INTEGRATED CARE BOARD,NHS trust,62354,34481,62354,1823,55.3
2025-05-01,NLE01,LANCASTER HOUSE CONSULTING DIAGNOSTICS SURGICAL LTD HQ,NHS GREATER MANCHESTER INTEGRATED CARE BOARD,Independent sector / other,633,620,633,0,97.9
2025-05-01,NT449,LANCASTER PRIVATE HOSPITAL,NHS LANCASHIRE AND SOUTH CUMBRIA INTEGRATED CARE BOARD,Independent sector / other,420,332,420,0,79.0
2025-05-01,RR8,LEEDS TEACHING HOSPITALS NHS TRUST,NHS WEST YORKSHIRE INTEGRATED CARE BOARD,NHS trust,88161,58517,88161,2708,66.4
2025-05-01,RJ2,LEWISHAM AND GREENWICH NHS TRUST,NHS SOUTH EAST LONDON INTEGRATED CARE BOARD,NHS trust,53067,29160,53067,2527,54.9
2025-05-01,NT450,LINCOLN PRIVATE HOSPITAL,NHS LINCOLNSHIRE INTEGRATED CARE BOARD,Independent sector / other,1215,813,1215,4,66.9
2025-05-01,RP7,LINCOLNSHIRE PARTNERSHIP NHS FOUNDATION TRUST,NHS LINCOLNSHIRE INTEGRATED CARE BOARD,NHS trust,41,41,41,0,100.0
2025-05-01,RBQ,LIVERPOOL HEART AND CHEST HOSPITAL NHS FOUNDATION TRUST,NHS CHESHIRE AND MERSEYSIDE INTEGRATED CARE BOARD,NHS trust,6051,4257,6051,67,70.4
2025-05-01,REM,LIVERPOOL UNIVERSITY HOSPITALS NHS FOUNDATION TRUST,NHS CHESHIRE AND MERSEYSIDE INTEGRATED CARE BOARD,NHS trust,69665,37839,69665,3114,54.3
2025-05-01,REP,LIVERPOOL WOMEN'S NHS FOUNDATION TRUST,NHS CHESHIRE AND MERSEYSIDE INTEGRATED CARE BOARD,NHS trust,16371,8348,16371,452,51.0
2025-05-01,NR5,LIVEWELL SOUTHWEST,NHS DEVON INTEGRATED CARE BOARD,Independent sector / other,69,66,69,0,95.7
2025-05-01,NL8,LOCALA COMMUNITY PARTNERSHIPS CIC,NHS WEST YORKSHIRE INTEGRATED CARE BOARD,Independent sector / other,1099,1000,1099,0,91.0
2025-05-01,NT422,LONDON INDEPENDENT HOSPITAL,NHS NORTH EAST LONDON INTEGRATED CARE BOARD,Independent sector / other,3642,2204,3642,122,60.5
2025-05-01,R1K,LONDON NORTH WEST UNIVERSITY HEALTHCARE NHS TRUST,NHS NORTH WEST LONDON INTEGRATED CARE BOARD,NHS trust,84838,45502,84838,2811,53.6
2025-05-01,RWF,MAIDSTONE AND TUNBRIDGE WELLS NHS TRUST,NHS KENT AND MEDWAY INTEGRATED CARE BOARD,NHS trust,46997,34122,46997,4,72.6
2025-05-01,NN5,MANCHESTER SURGICAL SERVICES LTD,NHS GREATER MANCHESTER INTEGRATED CARE BOARD,Independent sector / other,339,309,339,0,91.2
2025-05-01,R0A,MANCHESTER UNIVERSITY NHS FOUNDATION TRUST,NHS GREATER MANCHESTER INTEGRATED CARE BOARD,NHS trust,190970,100039,190970,8231,52.4
2025-05-01,NT423,MANOR HOSPITAL,"NHS BEDFORDSHIRE, LUTON AND MILTON KEYNES INTEGRATED CARE BOARD",Independent sector / other,842,473,842,14,56.2
2025-05-01,AY1,MEDEFER,NHS NORTH CENTRAL LONDON INTEGRATED CARE BOARD,Independent sector / other,1050,758,1050,1,72.2
2025-05-01,RPA,MEDWAY NHS FOUNDATION TRUST,NHS KENT AND MEDWAY INTEGRATED CARE BOARD,NHS trust,40087,21554,40087,1777,53.8
2025-05-01,NT424,MERIDEN HOSPITAL,NHS COVENTRY AND WARWICKSHIRE INTEGRATED CARE BOARD,Independent sector / other,1947,1603,1947,3,82.3
2025-05-01,RBN,MERSEY AND WEST LANCASHIRE TEACHING HOSPITALS NHS TRUST,NHS CHESHIRE AND MERSEYSIDE INTEGRATED CARE BOARD,NHS trust,75891,48973,75891,2157,64.5
2025-05-01,RW4,MERSEY CARE NHS FOUNDATION TRUST,NHS CHESHIRE AND MERSEYSIDE INTEGRATED CARE BOARD,NHS trust,42,42,42,0,100.0
2025-05-01,RAJ,MID AND SOUTH ESSEX NHS FOUNDATION TRUST,NHS MID AND SOUTH ESSEX INTEGRATED CARE BOARD,NHS trust,174522,87975,174522,11797,50.4
2025-05-01,RBT,MID CHESHIRE HOSPITALS NHS FOUNDATION TRUST,NHS CHESHIRE AND MERSEYSIDE INTEGRATED CARE BOARD,NHS trust,36258,20508,36258,1712,56.6
2025-05-01,RXF,MID YORKSHIRE TEACHING NHS TRUST,NHS WEST YORKSHIRE INTEGRATED CARE BOARD,NHS trust,56150,34944,56150,420,62.2
2025-05-01,S4E3I,MIDLAND EYE (EYE-DOCS LTD),NHS BIRMINGHAM AND SOLIHULL INTEGRATED CARE BOARD,Independent sector / other,678,676,678,0,99.7
2025-05-01,RRE,MIDLANDS PARTNERSHIP UNIVERSITY NHS FOUNDATION TRUST,NHS STAFFORDSHIRE AND STOKE-ON-TRENT INTEGRATED CARE BOARD,NHS trust,6655,6424,6655,1,96.5
2025-05-01,RD8,MILTON KEYNES UNIVERSITY HOSPITAL NHS FOUNDATION TRUST,"NHS BEDFORDSHIRE, LUTON AND MILTON KEYNES INTEGRATED CARE BOARD",NHS trust,32111,15767,32111,1625,49.1
2025-05-01,RP6,MOORFIELDS EYE HOSPITAL NHS FOUNDATION TRUST,NHS NORTH CENTRAL LONDON INTEGRATED CARE BOARD,NHS trust,33245,27315,33245,29,82.2
2025-05-01,NT455,MOUNT ALVERNIA HOSPITAL,NHS SURREY HEARTLANDS INTEGRATED CARE BOARD,Independent sector / other,219,179,219,0,81.7
2025-05-01,NVC08,MOUNT STUART HOSPITAL,NHS DEVON INTEGRATED CARE BOARD,Independent sector / other,2001,1237,2001,24,61.8
2025-05-01,NVC09,NEW HALL HOSPITAL,"NHS BATH AND NORTH EAST SOMERSET, SWINDON AND WILTSHIRE INTEGRATED CARE BOARD",Independent sector / other,3369,2342,3369,29,69.5
2025-05-01,R7W2O,NEWCASTLE NEWMEDICA LTD,NHS NORTH EAST AND NORTH CUMBRIA INTEGRATED CARE BOARD,Independent sector / other,296,296,296,0,100.0
2025-05-01,N8R1N,NEWMEDICA - BERKSHIRE,NHS FRIMLEY INTEGRATED CARE BOARD,Independent sector / other,673,640,673,0,95.1
2025-05-01,C5Y9L,NEWMEDICA - BERKSHIRE - BRACKNELL,NHS FRIMLEY INTEGRATED CARE BOARD,Independent sector / other,38,38,38,0,100.0
2025-05-01,S1Z4X,NEWMEDICA - BIRMINGHAM,NHS BIRMINGHAM AND SOLIHULL INTEGRATED CARE BOARD,Independent sector / other,675,672,675,0,99.6
2025-05-01,C9A7J,NEWMEDICA - BRADFORD & HUDDERSFIELD,NHS WEST YORKSHIRE INTEGRATED CARE BOARD,Independent sector / other,242,240,242,0,99.2
2025-05-01,ACG22,NEWMEDICA - BRIGG - RIVERSIDE SURGERY,NHS HUMBER AND NORTH YORKSHIRE INTEGRATED CARE BOARD,Independent sector / other,822,783,822,0,95.3
2025-05-01,ACG20,NEWMEDICA - BRISTOL - LITFIELD HOUSE,"NHS BRISTOL, NORTH SOMERSET AND SOUTH GLOUCESTERSHIRE INTEGRATED CARE BOARD",Independent sector / other,268,267,268,0,99.6
2025-05-01,H2K1G,NEWMEDICA - BROMSGROVE,NHS HEREFORDSHIRE AND WORCESTERSHIRE INTEGRATED CARE BOARD,Independent sector / other,273,272,273,0,99.6
2025-05-01,F1Y1H,NEWMEDICA - CHESHIRE OAKS,NHS CHESHIRE AND MERSEYSIDE INTEGRATED CARE BOARD,Independent sector / other,168,166,168,0,98.8
2025-05-01,F0R0W,NEWMEDICA - DARLINGTON,NHS NORTH EAST AND NORTH CUMBRIA INTEGRATED CARE BOARD,Independent sector / other,25,25,25,0,100.0
2025-05-01,ACG36,NEWMEDICA - EXETER - GLEN HOUSE,NHS DEVON INTEGRATED CARE BOARD,Independent sector / other,210,204,210,0,97.1
2025-05-01,ACG13,NEWMEDICA - GLOUCESTER (ASPEN MEDICAL CENTRE),NHS GLOUCESTERSHIRE INTEGRATED CARE BOARD,Independent sector / other,304,283,304,0,93.1
2025-05-01,L0D9W,NEWMEDICA - GLOUCESTER (BRIGHOUSE COURT),NHS GLOUCESTERSHIRE INTEGRATED CARE BOARD,Independent sector / other,848,787,848,0,92.8
2025-05-01,L4R3R,NEWMEDICA - HAMPSHIRE,NHS HAMPSHIRE AND ISLE OF WIGHT INTEGRATED CARE BOARD,Independent sector / other,1152,1090,1152,1,94.6
2025-05-01,Z1E5F,NEWMEDICA - HARROGATE,NHS HUMBER AND NORTH YORKSHIRE INTEGRATED CARE BOARD,Independent sector / other,109,108,109,0,99.1
2025-05-01,F7F6D,NEWMEDICA - HERTFORSHIRE - WELWYN GARDEN CITY,NHS HERTFORDSHIRE AND WEST ESSEX INTEGRATED CARE BOARD,Independent sector / other,101,101,101,0,100.0
2025-05-01,ACG37,NEWMEDICA - IPSWICH,NHS SUFFOLK AND NORTH EAST ESSEX INTEGRATED CARE BOARD,Independent sector / other,529,527,529,1,99.6
2025-05-01,ACG38,NEWMEDICA - LANGFORD,"NHS BRISTOL, NORTH SOMERSET AND SOUTH GLOUCESTERSHIRE INTEGRATED CARE BOARD",Independent sector / other,391,384,391,0,98.2
2025-05-01,N6Z0R,NEWMEDICA - LINCOLN,NHS LINCOLNSHIRE INTEGRATED CARE BOARD,Independent sector / other,48,48,48,0,100.0
2025-05-01,Z2L9B,NEWMEDICA - MANCHESTER WEST,NHS GREATER MANCHESTER INTEGRATED CARE BOARD,Independent sector / other,346,310,346,0,89.6
2025-05-01,ACG26,NEWMEDICA - NORTH DERBYSHIRE - MIDLAND COURT,NHS DERBY AND DERBYSHIRE INTEGRATED CARE BOARD,Independent sector / other,1026,1002,1026,0,97.7
2025-05-01,M4C5R,NEWMEDICA - NORTHAMPTON,NHS NORTHAMPTONSHIRE INTEGRATED CARE BOARD,Independent sector / other,883,881,883,0,99.8
2025-05-01,B5M7B,NEWMEDICA - NORWICH,NHS NORFOLK AND WAVENEY INTEGRATED CARE BOARD,Independent sector / other,844,832,844,0,98.6
2025-05-01,B1A5K,NEWMEDICA - NOTTINGHAM,NHS NOTTINGHAM AND NOTTINGHAMSHIRE INTEGRATED CARE BOARD,Independent sector / other,766,731,766,1,95.4
2025-05-01,J3J8Z,NEWMEDICA - OXFORDSHIRE,"NHS BUCKINGHAMSHIRE, OXFORDSHIRE AND BERKSHIRE WEST INTEGRATED CARE BOARD",Independent sector / other,530,521,530,0,98.3
2025-05-01,P5Y6K,NEWMEDICA - SHREWSBURY,"NHS SHROPSHIRE, TELFORD AND WREKIN INTEGRATED CARE BOARD",Independent sector / other,193,190,193,0,98.4
2025-05-01,ACG39,NEWMEDICA - SWINDON,"NHS BATH AND NORTH EAST SOMERSET, SWINDON AND WILTSHIRE INTEGRATED CARE BOARD",Independent sector / other,170,155,170,0,91.2
2025-05-01,ACG24,NEWMEDICA - TEESSIDE - NORTH ORMESBY,NHS NORTH EAST AND NORTH CUMBRIA INTEGRATED CARE BOARD,Independent sector / other,783,780,783,0,99.6
2025-05-01,ACG40,NEWMEDICA - WAKEFIELD,NHS WEST YORKSHIRE INTEGRATED CARE BOARD,Independent sector / other,535,516,535,0,96.4
2025-05-01,ACG31,NEWMEDICA - WORCESTER,NHS HEREFORDSHIRE AND WORCESTERSHIRE INTEGRATED CARE BOARD,Independent sector / other,685,676,685,0,98.7
2025-05-01,ACG30,NEWMEDICA - WORKSOP - DUKERIES,NHS NOTTINGHAM AND NOTTINGHAMSHIRE INTEGRATED CARE BOARD,Independent sector / other,134,129,134,0,96.3
2025-05-01,R3I5E,NEWMEDICA -TELFORD,"NHS SHROPSHIRE, TELFORD AND WREKIN INTEGRATED CARE BOARD",Independent sector / other,1,1,1,0,100.0
2025-05-01,H4J9P,NEWMEDICA AZTEC WEST,"NHS BRISTOL, NORTH SOMERSET AND SOUTH GLOUCESTERSHIRE INTEGRATED CARE BOARD",Independent sector / other,622,600,622,0,96.5
2025-05-01,ACG19,NEWMEDICA COMMUNITY OPHTHALMOLOGY - LEEDS,NHS WEST YORKSHIRE INTEGRATED CARE BOARD,Independent sector / other,560,550,560,0,98.2
2025-05-01,ACG12,NEWMEDICA COMMUNITY OPHTHALMOLOGY - NORTH EAST LINCOLNSHIRE - GRIMSBY,NHS HUMBER AND NORTH YORKSHIRE INTEGRATED CARE BOARD,Independent sector / other,742,726,742,0,97.8
2025-05-01,A4Q9X,NEWMEDICA LEICESTER,"NHS LEICESTER, LEICESTERSHIRE AND RUTLAND INTEGRATED CARE BOARD",Independent sector / other,255,254,255,0,99.6
2025-05-01,ACG08,NEWMEDICA OPHTHALMOLOGY - NUNEATON - CAMP HILL - GP LED HEALTH CENTRE,NHS COVENTRY AND WARWICKSHIRE INTEGRATED CARE BOARD,Independent sector / other,20,19,20,0,95.0
2025-05-01,G4H0I,NEWMEDICA SUFFOLK - BURY ST EDMUNDS - CLARITY HOUSE,NHS SUFFOLK AND NORTH EAST ESSEX INTEGRATED CARE BOARD,Independent sector / other,547,546,547,0,99.8
2025-05-01,RM1,NORFOLK AND NORWICH UNIVERSITY HOSPITALS NHS FOUNDATION TRUST,NHS NORFOLK AND WAVENEY INTEGRATED CARE BOARD,NHS trust,80433,43587,80433,3696,54.2
2025-05-01,RVJ,NORTH BRISTOL NHS TRUST,"NHS BRISTOL, NORTH SOMERSET AND SOUTH GLOUCESTERSHIRE INTEGRATED CARE BOARD",NHS trust,44163,28496,44163,201,64.5
2025-05-01,RNN,NORTH CUMBRIA INTEGRATED CARE NHS FOUNDATION TRUST,NHS NORTH EAST AND NORTH CUMBRIA INTEGRATED CARE BOARD,NHS trust,38296,21674,38296,1095,56.6
2025-05-01,NVC11,NORTH DOWNS HOSPITAL,NHS SURREY HEARTLANDS INTEGRATED CARE BOARD,Independent sector / other,1590,1105,1590,16,69.5
2025-05-01,RVW,NORTH TEES AND HARTLEPOOL NHS FOUNDATION TRUST,NHS NORTH EAST AND NORTH CUMBRIA INTEGRATED CARE BOARD,NHS trust,20964,15611,20964,217,74.5
2025-05-01,RGN,NORTH WEST ANGLIA NHS FOUNDATION TRUST,NHS CAMBRIDGESHIRE AND PETERBOROUGH INTEGRATED CARE BOARD,NHS trust,76652,40865,76652,3063,53.3
2025-05-01,RNS,NORTHAMPTON GENERAL HOSPITAL NHS TRUST,NHS NORTHAMPTONSHIRE INTEGRATED CARE BOARD,NHS trust,40817,25203,40817,576,61.7
2025-05-01,RM3,NORTHERN CARE ALLIANCE NHS FOUNDATION TRUST,NHS GREATER MANCHESTER INTEGRATED CARE BOARD,NHS trust,137966,74452,137966,5058,54.0
2025-05-01,RJL,NORTHERN LINCOLNSHIRE AND GOOLE NHS FOUNDATION TRUST,NHS HUMBER AND NORTH YORKSHIRE INTEGRATED CARE BOARD,NHS trust,40576,24685,40576,991,60.8
2025-05-01,RTF,NORTHUMBRIA HEALTHCARE NHS FOUNDATION TRUST,NHS NORTH EAST AND NORTH CUMBRIA INTEGRATED CARE BOARD,NHS trust,36412,29413,36412,30,80.8
2025-05-01,DFQ,NORWICH & NORFOLK SURGICAL LTD (N2S),NHS NORFOLK AND WAVENEY INTEGRATED CARE BOARD,Independent sector / other,838,712,838,0,85.0
2025-05-01,RX1,NOTTINGHAM UNIVERSITY HOSPITALS NHS TRUST,NHS NOTTINGHAM AND NOTTINGHAMSHIRE INTEGRATED CARE BOARD,NHS trust,83213,49614,83213,2012,59.6
2025-05-01,NQH,NOVUS HEALTH LTD,NHS WEST YORKSHIRE INTEGRATED CARE BOARD,Independent sector / other,671,652,671,0,97.2
2025-05-01,G3Q3Z,NUFFIELD HEALTH HIGHGATE HOSPITAL,NHS NORTH CENTRAL LONDON INTEGRATED CARE BOARD,Independent sector / other,814,649,814,4,79.7
2025-05-01,R0F4N,NUFFIELD HEALTH PARKSIDE HOSPITAL,NHS SOUTH WEST LONDON INTEGRATED CARE BOARD,Independent sector / other,1076,606,1076,234,56.3
2025-05-01,H4I8B,NUFFIELD HEALTH THE HOLLY HOSPITAL,NHS HERTFORDSHIRE AND WEST ESSEX INTEGRATED CARE BOARD,Independent sector / other,2874,2356,2874,11,82.0
2025-05-01,NT202,"NUFFIELD HEALTH, BOURNEMOUTH HOSPITAL",NHS DORSET INTEGRATED CARE BOARD,Independent sector / other,534,327,534,10,61.2
2025-05-01,NT204,"NUFFIELD HEALTH, BRENTWOOD HOSPITAL",NHS MID AND SOUTH ESSEX INTEGRATED CARE BOARD,Independent sector / other,1677,1192,1677,83,71.1
2025-05-01,NT205,"NUFFIELD HEALTH, BRIGHTON HOSPITAL",NHS SUSSEX INTEGRATED CARE BOARD,Independent sector / other,755,316,755,40,41.9
2025-05-01,NT206,"NUFFIELD HEALTH, BRISTOL HOSPITAL (CHESTERFIELD)","NHS BRISTOL, NORTH SOMERSET AND SOUTH GLOUCESTERSHIRE INTEGRATED CARE BOARD",Independent sector / other,479,379,479,0,79.1
2025-05-01,NT209,"NUFFIELD HEALTH, CAMBRIDGE HOSPITAL",NHS CAMBRIDGESHIRE AND PETERBOROUGH INTEGRATED CARE BOARD,Independent sector / other,373,237,373,6,63.5
2025-05-01,NT211,"NUFFIELD HEALTH, CHELTENHAM HOSPITAL",NHS GLOUCESTERSHIRE INTEGRATED CARE BOARD,Independent sector / other,29,12,29,2,41.4
2025-05-01,NT212,"NUFFIELD HEALTH, CHICHESTER HOSPITAL",NHS SUSSEX INTEGRATED CARE BOARD,Independent sector / other,1395,502,1395,139,36.0
2025-05-01,NT213,"NUFFIELD HEALTH, DERBY HOSPITAL",NHS DERBY AND DERBYSHIRE INTEGRATED CARE BOARD,Independent sector / other,1139,495,1139,26,43.5
2025-05-01,NT215,"NUFFIELD HEALTH, EXETER HOSPITAL",NHS DEVON INTEGRATED CARE BOARD,Independent sector / other,520,209,520,143,40.2
2025-05-01,NT218,"NUFFIELD HEALTH, HAYWARDS HEATH HOSPITAL",NHS SUSSEX INTEGRATED CARE BOARD,Independent sector / other,392,271,392,3,69.1
2025-05-01,NT219,"NUFFIELD HEALTH, HEREFORD HOSPITAL",NHS HEREFORDSHIRE AND WORCESTERSHIRE INTEGRATED CARE BOARD,Independent sector / other,212,200,212,0,94.3
2025-05-01,NT225,"NUFFIELD HEALTH, LEEDS HOSPITAL",NHS WEST YORKSHIRE INTEGRATED CARE BOARD,Independent sector / other,1514,769,1514,262,50.8
2025-05-01,NT226,"NUFFIELD HEALTH, LEICESTER HOSPITAL","NHS LEICESTER, LEICESTERSHIRE AND RUTLAND INTEGRATED CARE BOARD",Independent sector / other,516,453,516,11,87.8
2025-05-01,NT229,"NUFFIELD HEALTH, NEWCASTLE UPON TYNE HOSPITAL",NHS NORTH EAST AND NORTH CUMBRIA INTEGRATED CARE BOARD,Independent sector / other,596,338,596,5,56.7
2025-05-01,NT230,"NUFFIELD HEALTH, NORTH STAFFORDSHIRE HOSPITAL",NHS STAFFORDSHIRE AND STOKE-ON-TRENT INTEGRATED CARE BOARD,Independent sector / other,1527,1146,1527,3,75.0
2025-05-01,NT233,"NUFFIELD HEALTH, PLYMOUTH HOSPITAL",NHS DEVON INTEGRATED CARE BOARD,Independent sector / other,996,509,996,6,51.1
2025-05-01,NT235,"NUFFIELD HEALTH, SHREWSBURY HOSPITAL","NHS SHROPSHIRE, TELFORD AND WREKIN INTEGRATED CARE BOARD",Independent sector / other,179,116,179,0,64.8
2025-05-01,NT238,"NUFFIELD HEALTH, TAUNTON HOSPITAL",NHS SOMERSET INTEGRATED CARE BOARD,Independent sector / other,279,158,279,24,56.6
2025-05-01,NT237,"NUFFIELD HEALTH, TEES HOSPITAL",NHS NORTH EAST AND NORTH CUMBRIA INTEGRATED CARE BOARD,Independent sector / other,1183,953,1183,1,80.6
2025-05-01,NT210,"NUFFIELD HEALTH, THE GROSVENOR HOSPITAL, CHESTER",NHS CHESHIRE AND MERSEYSIDE INTEGRATED CARE BOARD,Independent sector / other,340,267,340,2,78.5
2025-05-01,NT239,"NUFFIELD HEALTH, TUNBRIDGE WELLS HOSPITAL",NHS KENT AND MEDWAY INTEGRATED CARE BOARD,Independent sector / other,222,119,222,3,53.6
2025-05-01,NT224,"NUFFIELD HEALTH, WARWICKSHIRE HOSPITAL",NHS COVENTRY AND WARWICKSHIRE INTEGRATED CARE BOARD,Independent sector / other,310,254,310,1,81.9
2025-05-01,NT214,"NUFFIELD HEALTH, WESSEX HOSPITAL",NHS HAMPSHIRE AND ISLE OF WIGHT INTEGRATED CARE BOARD,Independent sector / other,572,374,572,19,65.4
2025-05-01,NT241,"NUFFIELD HEALTH, WOKING HOSPITAL",NHS SURREY HEARTLANDS INTEGRATED CARE BOARD,Independent sector / other,536,288,536,70,53.7
2025-05-01,NT242,"NUFFIELD HEALTH, WOLVERHAMPTON HOSPITAL",NHS BLACK COUNTRY INTEGRATED CARE BOARD,Independent sector / other,455,367,455,5,80.7
2025-05-01,NT245,"NUFFIELD HEALTH, YORK HOSPITAL",NHS HUMBER AND NORTH YORKSHIRE INTEGRATED CARE BOARD,Independent sector / other,624,535,624,1,85.7
2025-05-01,NT244,NUFFIELD HOSPITAL OXFORD (THE MANOR),"NHS BUCKINGHAMSHIRE, OXFORDSHIRE AND BERKSHIRE WEST INTEGRATED CARE BOARD",Independent sector / other,119,104,119,3,87.4
2025-05-01,NVC12,OAKLANDS HOSPITAL,NHS GREATER MANCHESTER INTEGRATED CARE BOARD,Independent sector / other,4107,3150,4107,6,76.7
2025-05-01,NVC13,OAKS HOSPITAL,NHS SUFFOLK AND NORTH EAST ESSEX INTEGRATED CARE BOARD,Independent sector / other,669,358,669,21,53.5
2025-05-01,DXV,OMNES HEALTHCARE LTD,NHS GREATER MANCHESTER INTEGRATED CARE BOARD,Independent sector / other,8859,7699,8859,118,86.9
2025-05-01,NNH,OPTEGRA UK,NHS SURREY HEARTLANDS INTEGRATED CARE BOARD,Independent sector / other,5726,5584,5726,0,97.5
2025-05-01,NQM01,ORTHOPAEDICS & SPINE SPECIALIST HOSPITAL SITE,NHS CAMBRIDGESHIRE AND PETERBOROUGH INTEGRATED CARE BOARD,Independent sector / other,207,167,207,0,80.7
2025-05-01,Q2Y5H,OVIVA UK LTD,NHS SOUTH EAST LONDON INTEGRATED CARE BOARD,Independent sector / other,5988,5988,5988,0,100.0
2025-05-01,RTH,OXFORD UNIVERSITY HOSPITALS NHS FOUNDATION TRUST,"NHS BUCKINGHAMSHIRE, OXFORDSHIRE AND BERKSHIRE WEST INTEGRATED CARE BOARD",NHS trust,86654,50440,86654,2818,58.2
2025-05-01,RPG,OXLEAS NHS FOUNDATION TRUST,NHS SOUTH EAST LONDON INTEGRATED CARE BOARD,NHS trust,1940,1010,1940,328,52.1
2025-05-01,NVC14,PARK HILL HOSPITAL,NHS SOUTH YORKSHIRE INTEGRATED CARE BOARD,Independent sector / other,766,586,766,2,76.5
2025-05-01,NT427,PARK HOSPITAL,NHS NOTTINGHAM AND NOTTINGHAMSHIRE INTEGRATED CARE BOARD,Independent sector / other,1168,927,1168,11,79.4
2025-05-01,NEQ,PHOENIX HEALTH SOLUTIONS LIMITED HQ,NHS WEST YORKSHIRE INTEGRATED CARE BOARD,Independent sector / other,641,617,641,0,96.3
2025-05-01,DTT,PHOENIX PUBLIC HEALTH LTD,NHS CHESHIRE AND MERSEYSIDE INTEGRATED CARE BOARD,Independent sector / other,286,179,286,7,62.6
2025-05-01,NVC15,PINEHILL HOSPITAL,NHS HERTFORDSHIRE AND WEST ESSEX INTEGRATED CARE BOARD,Independent sector / other,1287,996,1287,5,77.4
2025-05-01,NEY,PIONEER HEALTHCARE LIMITED,NHS SOUTH YORKSHIRE INTEGRATED CARE BOARD,Independent sector / other,2304,1201,2304,69,52.1
2025-05-01,D3O0Z,PLYMOUTH NEWMEDICA LTD,NHS DEVON INTEGRATED CARE BOARD,Independent sector / other,404,386,404,1,95.5
2025-05-01,RHU,PORTSMOUTH HOSPITALS UNIVERSITY NHS TRUST,NHS HAMPSHIRE AND ISLE OF WIGHT INTEGRATED CARE BOARD,NHS trust,59734,33559,59734,2667,56.2
2025-05-01,NTP13,PRACTICE PLUS GROUP HOSPITAL - BARLBOROUGH,NHS DERBY AND DERBYSHIRE INTEGRATED CARE BOARD,Independent sector / other,2064,1444,2064,4,70.0
2025-05-01,NTPH2,PRACTICE PLUS GROUP HOSPITAL - EMERSONS GREEN,"NHS BRISTOL, NORTH SOMERSET AND SOUTH GLOUCESTERSHIRE INTEGRATED CARE BOARD",Independent sector / other,5455,4523,5455,0,82.9
2025-05-01,NTP15,PRACTICE PLUS GROUP HOSPITAL - ILFORD,NHS NORTH EAST LONDON INTEGRATED CARE BOARD,Independent sector / other,5626,4109,5626,3,73.0
2025-05-01,NTPH5,PRACTICE PLUS GROUP HOSPITAL - PLYMOUTH,NHS DEVON INTEGRATED CARE BOARD,Independent sector / other,1357,1142,1357,44,84.2
2025-05-01,NTPH1,PRACTICE PLUS GROUP HOSPITAL - SHEPTON MALLET,NHS SOMERSET INTEGRATED CARE BOARD,Independent sector / other,2493,1967,2493,2,78.9
2025-05-01,NTP11,PRACTICE PLUS GROUP HOSPITAL - SOUTHAMPTON,NHS HAMPSHIRE AND ISLE OF WIGHT INTEGRATED CARE BOARD,Independent sector / other,8073,5600,8073,24,69.4
2025-05-01,M2Y6D,PRACTICE PLUS GROUP HOSPITAL BIRMINGHAM,NHS BIRMINGHAM AND SOLIHULL INTEGRATED CARE BOARD,Independent sector / other,325,315,325,0,96.9
2025-05-01,NTPAE,PRACTICE PLUS GROUP OPHTHALMOLOGY - NORTH WEST,NHS GREATER MANCHESTER INTEGRATED CARE BOARD,Independent sector / other,1791,1538,1791,0,85.9
2025-05-01,NTPH3,PRACTICE PLUS GROUP SURGICAL CENTRE - DEVIZES,"NHS BATH AND NORTH EAST SOMERSET, SWINDON AND WILTSHIRE INTEGRATED CARE BOARD",Independent sector / other,3003,2375,3003,13,79.1
2025-05-01,NTP16,PRACTICE PLUS GROUP SURGICAL CENTRE - GILLINGHAM,NHS KENT AND MEDWAY INTEGRATED CARE BOARD,Independent sector / other,961,734,961,153,76.4
2025-05-01,NTPAD,PRACTICE PLUS GROUP SURGICAL CENTRE - ST MARYS PORTSMOUTH,NHS HAMPSHIRE AND ISLE OF WIGHT INTEGRATED CARE BOARD,Independent sector / other,1879,1756,1879,0,93.5
2025-05-01,ADN,PRIMARY INTEGRATED COMMUNITY SERVICES LTD,NHS NOTTINGHAM AND NOTTINGHAMSHIRE INTEGRATED CARE BOARD,Independent sector / other,3317,1441,3317,79,43.4
2025-05-01,NT428,PRINCESS MARGARET HOSPITAL,NHS FRIMLEY INTEGRATED CARE BOARD,Independent sector / other,109,95,109,0,87.2
2025-05-01,NT429,PRIORY HOSPITAL,NHS BIRMINGHAM AND SOLIHULL INTEGRATED CARE BOARD,Independent sector / other,793,625,793,0,78.8
2025-05-01,NAM01,PROBUS SURGICAL CENTRE,NHS CORNWALL AND THE ISLES OF SCILLY INTEGRATED CARE BOARD,Independent sector / other,1192,1137,1192,1,95.4
2025-05-01,NQX,PROVIDE ENTERPRISES,NHS SUFFOLK AND NORTH EAST ESSEX INTEGRATED CARE BOARD,Independent sector / other,98,98,98,0,100.0
2025-05-01,RPC,QUEEN VICTORIA HOSPITAL NHS FOUNDATION TRUST,NHS SUSSEX INTEGRATED CARE BOARD,NHS trust,17624,10737,17624,386,60.9
2025-05-01,GEC01,RAPID INVESTIGATION SERVICE,NHS HAMPSHIRE AND ISLE OF WIGHT INTEGRATED CARE BOARD,Independent sector / other,56,56,56,0,100.0
2025-05-01,NVC16,RENACRES HOSPITAL,NHS LANCASHIRE AND SOUTH CUMBRIA INTEGRATED CARE BOARD,Independent sector / other,4370,3365,4370,12,77.0
2025-05-01,NT430,RIDGEWAY HOSPITAL,"NHS BATH AND NORTH EAST SOMERSET, SWINDON AND WILTSHIRE INTEGRATED CARE BOARD",Independent sector / other,341,264,341,0,77.4
2025-05-01,NVC19,RIVERS HOSPITAL,NHS HERTFORDSHIRE AND WEST ESSEX INTEGRATED CARE BOARD,Independent sector / other,3992,2741,3992,38,68.7
2025-05-01,NVC17,ROWLEY HALL HOSPITAL,NHS STAFFORDSHIRE AND STOKE-ON-TRENT INTEGRATED CARE BOARD,Independent sector / other,2337,1680,2337,1,71.9
2025-05-01,RHW,ROYAL BERKSHIRE NHS FOUNDATION TRUST,"NHS BUCKINGHAMSHIRE, OXFORDSHIRE AND BERKSHIRE WEST INTEGRATED CARE BOARD",NHS trust,37618,29982,37618,19,79.7
2025-05-01,REF,ROYAL CORNWALL HOSPITALS NHS TRUST,NHS CORNWALL AND THE ISLES OF SCILLY INTEGRATED CARE BOARD,NHS trust,41455,29628,41455,381,71.5
2025-05-01,RH8,ROYAL DEVON UNIVERSITY HEALTHCARE NHS FOUNDATION TRUST,NHS DEVON INTEGRATED CARE BOARD,NHS trust,72939,43971,72939,2415,60.3
2025-05-01,RAL,ROYAL FREE LONDON NHS FOUNDATION TRUST,NHS NORTH CENTRAL LONDON INTEGRATED CARE BOARD,NHS trust,146469,83112,146469,4212,56.7
2025-05-01,RAN,ROYAL NATIONAL ORTHOPAEDIC HOSPITAL NHS TRUST,NHS NORTH WEST LONDON INTEGRATED CARE BOARD,NHS trust,8687,6068,8687,69,69.9
2025-05-01,RGM,ROYAL PAPWORTH HOSPITAL NHS FOUNDATION TRUST,NHS CAMBRIDGESHIRE AND PETERBOROUGH INTEGRATED CARE BOARD,NHS trust,6796,4447,6796,65,65.4
2025-05-01,RA2,ROYAL SURREY NHS FOUNDATION TRUST,NHS SURREY HEARTLANDS INTEGRATED CARE BOARD,NHS trust,29720,16424,29720,1336,55.3
2025-05-01,RD1,ROYAL UNITED HOSPITALS BATH NHS FOUNDATION TRUST,"NHS BATH AND NORTH EAST SOMERSET, SWINDON AND WILTSHIRE INTEGRATED CARE BOARD",NHS trust,41901,25378,41901,872,60.6
2025-05-01,NT431,RUNNYMEDE HOSPITAL,NHS SURREY HEARTLANDS INTEGRATED CARE BOARD,Independent sector / other,87,80,87,0,92.0
2025-05-01,RNZ,SALISBURY NHS FOUNDATION TRUST,"NHS BATH AND NORTH EAST SOMERSET, SWINDON AND WILTSHIRE INTEGRATED CARE BOARD",NHS trust,29240,19524,29240,524,66.8
2025-05-01,RXK,SANDWELL AND WEST BIRMINGHAM HOSPITALS NHS TRUST,NHS BLACK COUNTRY INTEGRATED CARE BOARD,NHS trust,65803,37197,65803,1220,56.5
2025-05-01,NT433,SARUM ROAD HOSPITAL,NHS HAMPSHIRE AND ISLE OF WIGHT INTEGRATED CARE BOARD,Independent sector / other,362,271,362,0,74.9
2025-05-01,NT434,SAXON CLINIC,"NHS BEDFORDSHIRE, LUTON AND MILTON KEYNES INTEGRATED CARE BOARD",Independent sector / other,599,415,599,12,69.3
2025-05-01,RCU,SHEFFIELD CHILDREN'S NHS FOUNDATION TRUST,NHS SOUTH YORKSHIRE INTEGRATED CARE BOARD,NHS trust,12382,8368,12382,282,67.6
2025-05-01,RHQ,SHEFFIELD TEACHING HOSPITALS NHS FOUNDATION TRUST,NHS SOUTH YORKSHIRE INTEGRATED CARE BOARD,NHS trust,92099,60129,92099,1811,65.3
2025-05-01,NT435,SHELBURNE HOSPITAL,"NHS BUCKINGHAMSHIRE, OXFORDSHIRE AND BERKSHIRE WEST INTEGRATED CARE BOARD",Independent sector / other,150,100,150,0,66.7
2025-05-01,RK5,SHERWOOD FOREST HOSPITALS NHS FOUNDATION TRUST,NHS NOTTINGHAM AND NOTTINGHAMSHIRE INTEGRATED CARE BOARD,NHS trust,34693,22208,34693,433,64.0
2025-05-01,NT436,SHIRLEY OAKS HOSPITAL,NHS SOUTH WEST LONDON INTEGRATED CARE BOARD,Independent sector / other,774,666,774,3,86.0
2025-05-01,R1D,SHROPSHIRE COMMUNITY HEALTH NHS TRUST,"NHS SHROPSHIRE, TELFORD AND WREKIN INTEGRATED CARE BOARD",NHS trust,9300,5522,9300,277,59.4
2025-05-01,NLX,SIRONA CARE & HEALTH,"NHS BRISTOL, NORTH SOMERSET AND SOUTH GLOUCESTERSHIRE INTEGRATED CARE BOARD",Independent sector / other,7781,5824,7781,0,74.8
2025-05-01,NT437,SLOANE HOSPITAL,NHS SOUTH EAST LONDON INTEGRATED CARE BOARD,Independent sector / other,795,642,795,5,80.8
2025-05-01,RH5,SOMERSET NHS FOUNDATION TRUST,NHS SOMERSET INTEGRATED CARE BOARD,NHS trust,57069,37280,57069,1572,65.3
2025-05-01,NFH,SOMERSET SURGICAL SERVICES HQ,"NHS BRISTOL, NORTH SOMERSET AND SOUTH GLOUCESTERSHIRE INTEGRATED CARE BOARD",Independent sector / other,958,878,958,0,91.6
2025-05-01,RTR,SOUTH TEES HOSPITALS NHS FOUNDATION TRUST,NHS NORTH EAST AND NORTH CUMBRIA INTEGRATED CARE BOARD,NHS trust,56549,35142,56549,1599,62.1
2025-05-01,R0B,SOUTH TYNESIDE AND SUNDERLAND NHS FOUNDATION TRUST,NHS NORTH EAST AND NORTH CUMBRIA INTEGRATED CARE BOARD,NHS trust,57678,43701,57678,27,75.8
2025-05-01,RJC,SOUTH WARWICKSHIRE UNIVERSITY NHS FOUNDATION TRUST,NHS COVENTRY AND WARWICKSHIRE INTEGRATED CARE BOARD,NHS trust,32641,21459,32641,673,65.7
2025-05-01,RXG,SOUTH WEST YORKSHIRE PARTNERSHIP NHS FOUNDATION TRUST,NHS WEST YORKSHIRE INTEGRATED CARE BOARD,NHS trust,4151,4035,4151,0,97.2
2025-05-01,NT490,SOUTHEND PRIVATE HOSPITAL,NHS MID AND SOUTH ESSEX INTEGRATED CARE BOARD,Independent sector / other,1343,1194,1343,0,88.9
2025-05-01,NPG19,SPAMEDICA BEDFORD,"NHS BEDFORDSHIRE, LUTON AND MILTON KEYNES INTEGRATED CARE BOARD",Independent sector / other,161,158,161,0,98.1
2025-05-01,D5P5H,SPAMEDICA BEXHILL,NHS SUSSEX INTEGRATED CARE BOARD,Independent sector / other,170,169,170,0,99.4
2025-05-01,NPG11,SPAMEDICA BIRMINGHAM,NHS BIRMINGHAM AND SOLIHULL INTEGRATED CARE BOARD,Independent sector / other,278,261,278,0,93.9
2025-05-01,C3Y0A,SPAMEDICA BLACKPOOL,NHS LANCASHIRE AND SOUTH CUMBRIA INTEGRATED CARE BOARD,Independent sector / other,129,127,129,0,98.4
2025-05-01,NPG08,SPAMEDICA BOLTON,NHS GREATER MANCHESTER INTEGRATED CARE BOARD,Independent sector / other,235,229,235,0,97.4
2025-05-01,I2C7H,SPAMEDICA BRADFORD,NHS WEST YORKSHIRE INTEGRATED CARE BOARD,Independent sector / other,135,128,135,0,94.8
2025-05-01,I9A4A,SPAMEDICA BRIGHTON,NHS SUSSEX INTEGRATED CARE BOARD,Independent sector / other,193,184,193,0,95.3
2025-05-01,P1B7M,SPAMEDICA BRISTOL,"NHS BRISTOL, NORTH SOMERSET AND SOUTH GLOUCESTERSHIRE INTEGRATED CARE BOARD",Independent sector / other,102,99,102,0,97.1
2025-05-01,Y8L9S,SPAMEDICA BROMLEY,NHS SOUTH EAST LONDON INTEGRATED CARE BOARD,Independent sector / other,354,339,354,0,95.8
2025-05-01,O6X7Z,SPAMEDICA CAMBRIDGE,NHS CAMBRIDGESHIRE AND PETERBOROUGH INTEGRATED CARE BOARD,Independent sector / other,97,97,97,0,100.0
2025-05-01,E1U4T,SPAMEDICA CARLISLE,NHS NORTH EAST AND NORTH CUMBRIA INTEGRATED CARE BOARD,Independent sector / other,152,150,152,0,98.7
2025-05-01,NPG16,SPAMEDICA CHELMSFORD,NHS MID AND SOUTH ESSEX INTEGRATED CARE BOARD,Independent sector / other,208,206,208,0,99.0
2025-05-01,V4U1Y,SPAMEDICA CHESTER,NHS CHESHIRE AND MERSEYSIDE INTEGRATED CARE BOARD,Independent sector / other,208,206,208,0,99.0
2025-05-01,T4I8V,SPAMEDICA CHESTERFIELD,NHS DERBY AND DERBYSHIRE INTEGRATED CARE BOARD,Independent sector / other,89,87,89,0,97.8
2025-05-01,J2H6H,SPAMEDICA COLCHESTER,NHS SUFFOLK AND NORTH EAST ESSEX INTEGRATED CARE BOARD,Independent sector / other,89,87,89,0,97.8
2025-05-01,NPG21,SPAMEDICA COVENTRY,NHS COVENTRY AND WARWICKSHIRE INTEGRATED CARE BOARD,Independent sector / other,206,205,206,0,99.5
2025-05-01,N1N0Y,SPAMEDICA CROYDON,NHS SOUTH WEST LONDON INTEGRATED CARE BOARD,Independent sector / other,20,20,20,0,100.0
2025-05-01,V8N5R,SPAMEDICA DALSTON,NHS NORTH EAST LONDON INTEGRATED CARE BOARD,Independent sector / other,269,257,269,0,95.5
2025-05-01,NPG23,SPAMEDICA DERBY,NHS DERBY AND DERBYSHIRE INTEGRATED CARE BOARD,Independent sector / other,205,202,205,0,98.5
2025-05-01,T8V3L,SPAMEDICA DONCASTER,NHS SOUTH YORKSHIRE INTEGRATED CARE BOARD,Independent sector / other,154,149,154,0,96.8
2025-05-01,M7C9Q,SPAMEDICA EPSOM,NHS SURREY HEARTLANDS INTEGRATED CARE BOARD,Independent sector / other,215,211,215,0,98.1
2025-05-01,M5E1S,SPAMEDICA EXETER,NHS DEVON INTEGRATED CARE BOARD,Independent sector / other,218,209,218,0,95.9
2025-05-01,NPG07,SPAMEDICA EYE HOSPITAL (WAKEFIELD),NHS WEST YORKSHIRE INTEGRATED CARE BOARD,Independent sector / other,236,232,236,0,98.3
2025-05-01,Z9Z1G,SPAMEDICA GATESHEAD,NHS NORTH EAST AND NORTH CUMBRIA INTEGRATED CARE BOARD,Independent sector / other,171,168,171,0,98.2
2025-05-01,A0C5S,SPAMEDICA GLOUCESTER,NHS GLOUCESTERSHIRE INTEGRATED CARE BOARD,Independent sector / other,72,66,72,0,91.7
2025-05-01,Z5J5V,SPAMEDICA HAYDOCK,NHS CHESHIRE AND MERSEYSIDE INTEGRATED CARE BOARD,Independent sector / other,159,155,159,0,97.5
2025-05-01,J0M7P,SPAMEDICA HEREFORD DIAGNOSTIC AND TREATMENT CENTRE,NHS HEREFORDSHIRE AND WORCESTERSHIRE INTEGRATED CARE BOARD,Independent sector / other,19,18,19,0,94.7
2025-05-01,NPG18,SPAMEDICA HULL,NHS HUMBER AND NORTH YORKSHIRE INTEGRATED CARE BOARD,Independent sector / other,262,262,262,0,100.0
2025-05-01,Q8X0X,SPAMEDICA ISLE OF WIGHT COMMUNITY DIAGNOSTIC & TREATMENT CENTRE,NHS HAMPSHIRE AND ISLE OF WIGHT INTEGRATED CARE BOARD,Independent sector / other,28,28,28,0,100.0
2025-05-01,R1G7E,SPAMEDICA KENDAL,NHS LANCASHIRE AND SOUTH CUMBRIA INTEGRATED CARE BOARD,Independent sector / other,172,171,172,0,99.4
2025-05-01,P0C3F,SPAMEDICA LEEDS,NHS WEST YORKSHIRE INTEGRATED CARE BOARD,Independent sector / other,119,117,119,0,98.3
2025-05-01,L9D3Z,SPAMEDICA LEICESTER,"NHS LEICESTER, LEICESTERSHIRE AND RUTLAND INTEGRATED CARE BOARD",Independent sector / other,88,86,88,0,97.7
2025-05-01,NPG06,SPAMEDICA LIVERPOOL,NHS CHESHIRE AND MERSEYSIDE INTEGRATED CARE BOARD,Independent sector / other,290,280,290,0,96.6
2025-05-01,K9J3O,SPAMEDICA LUTON,"NHS BEDFORDSHIRE, LUTON AND MILTON KEYNES INTEGRATED CARE BOARD",Independent sector / other,172,163,172,0,94.8
2025-05-01,NPG01,SPAMEDICA MANCHESTER,NHS GREATER MANCHESTER INTEGRATED CARE BOARD,Independent sector / other,197,190,197,0,96.4
2025-05-01,G3O5P,SPAMEDICA NEWARK,NHS NOTTINGHAM AND NOTTINGHAMSHIRE INTEGRATED CARE BOARD,Independent sector / other,240,235,240,0,97.9
2025-05-01,NPG15,SPAMEDICA NEWCASTLE-UNDER-LYME,NHS STAFFORDSHIRE AND STOKE-ON-TRENT INTEGRATED CARE BOARD,Independent sector / other,182,182,182,0,100.0
2025-05-01,G5X2Q,SPAMEDICA NORTH TYNESIDE,NHS NORTH EAST AND NORTH CUMBRIA INTEGRATED CARE BOARD,Independent sector / other,118,115,118,0,97.5
2025-05-01,M3R0W,SPAMEDICA NORWICH,NHS NORFOLK AND WAVENEY INTEGRATED CARE BOARD,Independent sector / other,126,123,126,0,97.6
2025-05-01,O1P6X,SPAMEDICA OLDHAM,NHS GREATER MANCHESTER INTEGRATED CARE BOARD,Independent sector / other,252,239,252,0,94.8
2025-05-01,O5Y9D,SPAMEDICA OXFORD,"NHS BUCKINGHAMSHIRE, OXFORDSHIRE AND BERKSHIRE WEST INTEGRATED CARE BOARD",Independent sector / other,118,115,118,0,97.5
2025-05-01,B9J4U,SPAMEDICA PETERBOROUGH,NHS CAMBRIDGESHIRE AND PETERBOROUGH INTEGRATED CARE BOARD,Independent sector / other,183,173,183,0,94.5
2025-05-01,L6O7H,SPAMEDICA POOLE,NHS DORSET INTEGRATED CARE BOARD,Independent sector / other,398,393,398,0,98.7
2025-05-01,A1U4J,SPAMEDICA PORTSMOUTH,NHS HAMPSHIRE AND ISLE OF WIGHT INTEGRATED CARE BOARD,Independent sector / other,81,77,81,0,95.1
2025-05-01,NPG17,SPAMEDICA PRESTON,NHS LANCASHIRE AND SOUTH CUMBRIA INTEGRATED CARE BOARD,Independent sector / other,158,157,158,0,99.4
2025-05-01,B4N1U,SPAMEDICA ROMFORD,NHS NORTH EAST LONDON INTEGRATED CARE BOARD,Independent sector / other,360,345,360,0,95.8
2025-05-01,I1H7K,SPAMEDICA SALE,NHS GREATER MANCHESTER INTEGRATED CARE BOARD,Independent sector / other,63,60,63,0,95.2
2025-05-01,NPG10,SPAMEDICA SHEFFIELD,NHS SOUTH YORKSHIRE INTEGRATED CARE BOARD,Independent sector / other,137,135,137,0,98.5
2025-05-01,M0N7E,SPAMEDICA SITTINGBOURNE,NHS KENT AND MEDWAY INTEGRATED CARE BOARD,Independent sector / other,124,112,124,0,90.3
2025-05-01,NPG13,SPAMEDICA SKELMERSDALE,NHS LANCASHIRE AND SOUTH CUMBRIA INTEGRATED CARE BOARD,Independent sector / other,189,180,189,0,95.2
2025-05-01,J7V1N,SPAMEDICA SOLIHULL,NHS BIRMINGHAM AND SOLIHULL INTEGRATED CARE BOARD,Independent sector / other,169,162,169,0,95.9
2025-05-01,B9M3W,SPAMEDICA SOUTHAMPTON,NHS HAMPSHIRE AND ISLE OF WIGHT INTEGRATED CARE BOARD,Independent sector / other,474,460,474,4,97.0
2025-05-01,NPG22,SPAMEDICA STOCKTON-ON-TEES,NHS NORTH EAST AND NORTH CUMBRIA INTEGRATED CARE BOARD,Independent sector / other,211,208,211,0,98.6
2025-05-01,H1T2P,SPAMEDICA SWINDON,"NHS BATH AND NORTH EAST SOMERSET, SWINDON AND WILTSHIRE INTEGRATED CARE BOARD",Independent sector / other,64,62,64,0,96.9
2025-05-01,G6S7A,SPAMEDICA TAUNTON,NHS SOMERSET INTEGRATED CARE BOARD,Independent sector / other,212,201,212,0,94.8
2025-05-01,V5F1D,SPAMEDICA TELFORD,"NHS SHROPSHIRE, TELFORD AND WREKIN INTEGRATED CARE BOARD",Independent sector / other,114,109,114,0,95.6
2025-05-01,E3D4A,SPAMEDICA TRURO,NHS CORNWALL AND THE ISLES OF SCILLY INTEGRATED CARE BOARD,Independent sector / other,186,178,186,0,95.7
2025-05-01,Q1W6P,SPAMEDICA WATFORD,NHS HERTFORDSHIRE AND WEST ESSEX INTEGRATED CARE BOARD,Independent sector / other,151,148,151,0,98.0
2025-05-01,A1D1B,SPAMEDICA WEMBLEY,NHS NORTH WEST LONDON INTEGRATED CARE BOARD,Independent sector / other,81,80,81,0,98.8
2025-05-01,NPG14,SPAMEDICA WIDNES,NHS CHESHIRE AND MERSEYSIDE INTEGRATED CARE BOARD,Independent sector / other,130,126,130,0,96.9
2025-05-01,NPG02,SPAMEDICA WIRRAL,NHS CHESHIRE AND MERSEYSIDE INTEGRATED CARE BOARD,Independent sector / other,185,184,185,0,99.5
2025-05-01,T8R5I,SPAMEDICA WOKINGHAM,"NHS BUCKINGHAMSHIRE, OXFORDSHIRE AND BERKSHIRE WEST INTEGRATED CARE BOARD",Independent sector / other,157,152,157,0,96.8
2025-05-01,NPG20,SPAMEDICA WOLVERHAMPTON,NHS BLACK COUNTRY INTEGRATED CARE BOARD,Independent sector / other,261,247,261,0,94.6
2025-05-01,J3X4C,SPAMEDICA WORCESTER,NHS HEREFORDSHIRE AND WORCESTERSHIRE INTEGRATED CARE BOARD,Independent sector / other,119,116,119,0,97.5
2025-05-01,NN8,SPENCER PRIVATE HOSPITALS LTD,NHS KENT AND MEDWAY INTEGRATED CARE BOARD,Independent sector / other,3163,1907,3163,135,60.3
2025-05-01,NT312,SPIRE ALEXANDRA HOSPITAL,NHS KENT AND MEDWAY INTEGRATED CARE BOARD,Independent sector / other,1438,1278,1438,0,88.9
2025-05-01,NT302,SPIRE BRISTOL HOSPITAL,"NHS BRISTOL, NORTH SOMERSET AND SOUTH GLOUCESTERSHIRE INTEGRATED CARE BOARD",Independent sector / other,741,504,741,1,68.0
2025-05-01,NT315,SPIRE BUSHEY HOSPITAL,NHS HERTFORDSHIRE AND WEST ESSEX INTEGRATED CARE BOARD,Independent sector / other,800,794,800,0,99.3
2025-05-01,NT317,SPIRE CAMBRIDGE LEA HOSPITAL,NHS CAMBRIDGESHIRE AND PETERBOROUGH INTEGRATED CARE BOARD,Independent sector / other,383,296,383,1,77.3
2025-05-01,NT324,SPIRE CHESHIRE HOSPITAL,NHS CHESHIRE AND MERSEYSIDE INTEGRATED CARE BOARD,Independent sector / other,1326,1104,1326,3,83.3
2025-05-01,NT345,SPIRE CLARE PARK HOSPITAL,NHS FRIMLEY INTEGRATED CARE BOARD,Independent sector / other,372,347,372,0,93.3
2025-05-01,NT344,SPIRE DUNEDIN HOSPITAL,"NHS BUCKINGHAMSHIRE, OXFORDSHIRE AND BERKSHIRE WEST INTEGRATED CARE BOARD",Independent sector / other,246,194,246,5,78.9
2025-05-01,NT348,SPIRE ELLAND HOSPITAL,NHS WEST YORKSHIRE INTEGRATED CARE BOARD,Independent sector / other,1316,1122,1316,3,85.3
2025-05-01,NT347,SPIRE FYLDE COAST HOSPITAL,NHS LANCASHIRE AND SOUTH CUMBRIA INTEGRATED CARE BOARD,Independent sector / other,3489,2798,3489,15,80.2
2025-05-01,NT308,SPIRE GATWICK PARK HOSPITAL,NHS SURREY HEARTLANDS INTEGRATED CARE BOARD,Independent sector / other,994,674,994,23,67.8
2025-05-01,NT316,SPIRE HARPENDEN HOSPITAL,NHS HERTFORDSHIRE AND WEST ESSEX INTEGRATED CARE BOARD,Independent sector / other,496,484,496,0,97.6
2025-05-01,NT319,SPIRE HARTSWOOD HOSPITAL,NHS MID AND SOUTH ESSEX INTEGRATED CARE BOARD,Independent sector / other,1426,1040,1426,4,72.9
2025-05-01,NT351,SPIRE HULL AND EAST RIDING HOSPITAL,NHS HUMBER AND NORTH YORKSHIRE INTEGRATED CARE BOARD,Independent sector / other,2406,2406,2406,0,100.0
2025-05-01,NT332,SPIRE LEEDS HOSPITAL,NHS WEST YORKSHIRE INTEGRATED CARE BOARD,Independent sector / other,868,779,868,2,89.7
2025-05-01,NT322,SPIRE LEICESTER HOSPITAL,"NHS LEICESTER, LEICESTERSHIRE AND RUTLAND INTEGRATED CARE BOARD",Independent sector / other,657,470,657,6,71.5
2025-05-01,NT321,SPIRE LITTLE ASTON HOSPITAL,NHS STAFFORDSHIRE AND STOKE-ON-TRENT INTEGRATED CARE BOARD,Independent sector / other,1606,1290,1606,3,80.3
2025-05-01,NT337,SPIRE LIVERPOOL HOSPITAL,NHS CHESHIRE AND MERSEYSIDE INTEGRATED CARE BOARD,Independent sector / other,3111,2979,3111,0,95.8
2025-05-01,NT314,SPIRE LONDON EAST,NHS NORTH EAST LONDON INTEGRATED CARE BOARD,Independent sector / other,2317,1683,2317,10,72.6
2025-05-01,NT327,SPIRE MANCHESTER HOSPITAL,NHS GREATER MANCHESTER INTEGRATED CARE BOARD,Independent sector / other,1061,825,1061,3,77.8
2025-05-01,NT350,SPIRE METHLEY PARK HOSPITAL,NHS WEST YORKSHIRE INTEGRATED CARE BOARD,Independent sector / other,1245,1057,1245,3,84.9
2025-05-01,NT364,SPIRE MONTEFIORE HOSPITAL,NHS SUSSEX INTEGRATED CARE BOARD,Independent sector / other,1327,749,1327,84,56.4
2025-05-01,NT325,SPIRE MURRAYFIELD HOSPITAL,NHS CHESHIRE AND MERSEYSIDE INTEGRATED CARE BOARD,Independent sector / other,559,509,559,2,91.1
2025-05-01,NT318,SPIRE NORWICH HOSPITAL,NHS NORFOLK AND WAVENEY INTEGRATED CARE BOARD,Independent sector / other,513,462,513,2,90.1
2025-05-01,NT30A,SPIRE NOTTINGHAM HOSPITAL,NHS NOTTINGHAM AND NOTTINGHAMSHIRE INTEGRATED CARE BOARD,Independent sector / other,490,401,490,2,81.8
2025-05-01,NT320,SPIRE PARKWAY HOSPITAL,NHS BIRMINGHAM AND SOLIHULL INTEGRATED CARE BOARD,Independent sector / other,1235,1001,1235,15,81.1
2025-05-01,NT305,SPIRE PORTSMOUTH HOSPITAL,NHS HAMPSHIRE AND ISLE OF WIGHT INTEGRATED CARE BOARD,Independent sector / other,355,291,355,0,82.0
2025-05-01,NT339,SPIRE REGENCY HOSPITAL,NHS CHESHIRE AND MERSEYSIDE INTEGRATED CARE BOARD,Independent sector / other,1658,1652,1658,0,99.6
2025-05-01,NT301,SPIRE SOUTH BANK HOSPITAL,NHS HEREFORDSHIRE AND WORCESTERSHIRE INTEGRATED CARE BOARD,Independent sector / other,803,600,803,3,74.7
2025-05-01,NT304,SPIRE SOUTHAMPTON HOSPITAL,NHS HAMPSHIRE AND ISLE OF WIGHT INTEGRATED CARE BOARD,Independent sector / other,578,314,578,12,54.3
2025-05-01,NT3X3,SPIRE ST ANTHONY'S HOSPITAL,NHS SOUTH WEST LONDON INTEGRATED CARE BOARD,Independent sector / other,973,898,973,0,92.3
2025-05-01,NT343,SPIRE THAMES VALLEY HOSPITAL,"NHS BUCKINGHAMSHIRE, OXFORDSHIRE AND BERKSHIRE WEST INTEGRATED CARE BOARD",Independent sector / other,352,259,352,0,73.6
2025-05-01,NT333,SPIRE WASHINGTON HOSPITAL,NHS NORTH EAST AND NORTH CUMBRIA INTEGRATED CARE BOARD,Independent sector / other,1374,1124,1374,9,81.8
2025-05-01,NT313,SPIRE WELLESLEY HOSPITAL,NHS MID AND SOUTH ESSEX INTEGRATED CARE BOARD,Independent sector / other,1192,443,1192,13,37.2
2025-05-01,NVC18,SPRINGFIELD HOSPITAL,NHS MID AND SOUTH ESSEX INTEGRATED CARE BOARD,Independent sector / other,4455,3196,4455,33,71.7
2025-05-01,NT446,ST EDMUNDS HOSPITAL,NHS SUFFOLK AND NORTH EAST ESSEX INTEGRATED CARE BOARD,Independent sector / other,673,413,673,3,61.4
2025-05-01,RJ7,ST GEORGE'S UNIVERSITY HOSPITALS NHS FOUNDATION TRUST,NHS SOUTH WEST LONDON INTEGRATED CARE BOARD,NHS trust,70276,43744,70276,1691,62.2
2025-05-01,NTE02,ST HUGH'S HOSPITAL,NHS HUMBER AND NORTH YORKSHIRE INTEGRATED CARE BOARD,Independent sector / other,2593,1663,2593,99,64.1
2025-05-01,AHP,ST MICHAEL'S CLINIC LIMITED,"NHS SHROPSHIRE, TELFORD AND WREKIN INTEGRATED CARE BOARD",Independent sector / other,1461,819,1461,25,56.1
2025-05-01,RWJ,STOCKPORT NHS FOUNDATION TRUST,NHS GREATER MANCHESTER INTEGRATED CARE BOARD,NHS trust,34812,19704,34812,1234,56.6
2025-05-01,NVC1H,STOURSIDE HOSPITAL,NHS BLACK COUNTRY INTEGRATED CARE BOARD,Independent sector / other,3021,2206,3021,16,73.0
2025-05-01,NDL01,SUFFOLK GP FEDERATION,NHS SUFFOLK AND NORTH EAST ESSEX INTEGRATED CARE BOARD,Independent sector / other,96,93,96,0,96.9
2025-05-01,G3Z1Q,SULIS HOSPITAL BATH (FOXCOTE AVENUE),"NHS BATH AND NORTH EAST SOMERSET, SWINDON AND WILTSHIRE INTEGRATED CARE BOARD",Independent sector / other,2861,2344,2861,4,81.9
2025-05-01,RTP,SURREY AND SUSSEX HEALTHCARE NHS TRUST,NHS SURREY HEARTLANDS INTEGRATED CARE BOARD,NHS trust,51836,29332,51836,949,56.6
2025-05-01,NYG,SUSSEX COMMUNITY DERMATOLOGY SERVICE,NHS SUSSEX INTEGRATED CARE BOARD,Independent sector / other,14798,12689,14798,0,85.7
2025-05-01,RDR,SUSSEX COMMUNITY NHS FOUNDATION TRUST,NHS SUSSEX INTEGRATED CARE BOARD,NHS trust,12005,8935,12005,6,74.4
2025-05-01,RMP,TAMESIDE AND GLOSSOP INTEGRATED CARE NHS FOUNDATION TRUST,NHS GREATER MANCHESTER INTEGRATED CARE BOARD,NHS trust,17153,12319,17153,0,71.8
2025-05-01,NVC0R,TEES VALLEY HOSPITAL,NHS NORTH EAST AND NORTH CUMBRIA INTEGRATED CARE BOARD,Independent sector / other,3898,3122,3898,5,80.1
2025-05-01,AAH,TETBURY HOSPITAL TRUST LTD,NHS GLOUCESTERSHIRE INTEGRATED CARE BOARD,Independent sector / other,305,272,305,0,89.2
2025-05-01,NVC02,THE BERKSHIRE INDEPENDENT HOSPITAL,"NHS BUCKINGHAMSHIRE, OXFORDSHIRE AND BERKSHIRE WEST INTEGRATED CARE BOARD",Independent sector / other,1184,874,1184,3,73.8
2025-05-01,NVC25,THE CHERWELL HOSPITAL,"NHS BUCKINGHAMSHIRE, OXFORDSHIRE AND BERKSHIRE WEST INTEGRATED CARE BOARD",Independent sector / other,2319,1386,2319,8,59.8
2025-05-01,RBV,THE CHRISTIE NHS FOUNDATION TRUST,NHS GREATER MANCHESTER INTEGRATED CARE BOARD,NHS trust,2889,2735,2889,2,94.7
2025-05-01,REN,THE CLATTERBRIDGE CANCER CENTRE NHS FOUNDATION TRUST,NHS CHESHIRE AND MERSEYSIDE INTEGRATED CARE BOARD,NHS trust,1096,1067,1096,0,97.4
2025-05-01,RNA,THE DUDLEY GROUP NHS FOUNDATION TRUST,NHS BLACK COUNTRY INTEGRATED CARE BOARD,NHS trust,46125,28700,46125,771,62.2
2025-05-01,AJ8,THE GRANGE MEDICAL CENTRE HQ,NHS WEST YORKSHIRE INTEGRATED CARE BOARD,Independent sector / other,239,239,239,0,100.0
2025-05-01,S3H9L,THE HAMPTONS HOSPITAL LTD,NHS CAMBRIDGESHIRE AND PETERBOROUGH INTEGRATED CARE BOARD,Independent sector / other,2403,2089,2403,23,86.9
2025-05-01,RAS,THE HILLINGDON HOSPITALS NHS FOUNDATION TRUST,NHS NORTH WEST LONDON INTEGRATED CARE BOARD,NHS trust,30449,16967,30449,456,55.7
2025-05-01,NXM01,THE HORDER CENTRE - ST JOHNS ROAD,NHS SUSSEX INTEGRATED CARE BOARD,Independent sector / other,1154,791,1154,0,68.5
2025-05-01,DX1,THE NEW FOSCOTE HOSPITAL LTD,NHS NORTH CENTRAL LONDON INTEGRATED CARE BOARD,Independent sector / other,361,312,361,11,86.4
2025-05-01,RTD,THE NEWCASTLE UPON TYNE HOSPITALS NHS FOUNDATION TRUST,NHS NORTH EAST AND NORTH CUMBRIA INTEGRATED CARE BOARD,NHS trust,89451,65357,89451,1455,73.1
2025-05-01,NTX,THE ONE HEALTH GROUP PLC,NHS SOUTH YORKSHIRE INTEGRATED CARE BOARD,Independent sector / other,4443,3556,4443,34,80.0
2025-05-01,RQW,THE PRINCESS ALEXANDRA HOSPITAL NHS TRUST,NHS HERTFORDSHIRE AND WEST ESSEX INTEGRATED CARE BOARD,NHS trust,49592,25194,49592,2176,50.8
2025-05-01,RCX,"THE QUEEN ELIZABETH HOSPITAL, KING'S LYNN, NHS FOUNDATION TRUST",NHS NORFOLK AND WAVENEY INTEGRATED CARE BOARD,NHS trust,27301,16021,27301,697,58.7
2025-05-01,RL1,THE ROBERT JONES AND AGNES HUNT ORTHOPAEDIC HOSPITAL NHS FOUNDATION TRUST,"NHS SHROPSHIRE, TELFORD AND WREKIN INTEGRATED CARE BOARD",NHS trust,26815,11472,26815,3134,42.8
2025-05-01,RFR,THE ROTHERHAM NHS FOUNDATION TRUST,NHS SOUTH YORKSHIRE INTEGRATED CARE BOARD,NHS trust,31192,21272,31192,703,68.2
2025-05-01,DJH01,THE ROYAL BUCKINGHAMSHIRE HOSPITAL LTD,"NHS BUCKINGHAMSHIRE, OXFORDSHIRE AND BERKSHIRE WEST INTEGRATED CARE BOARD",Independent sector / other,14,3,14,5,21.4
2025-05-01,RPY,THE ROYAL MARSDEN NHS FOUNDATION TRUST,NHS NORTH WEST LONDON INTEGRATED CARE BOARD,NHS trust,2013,1892,2013,5,94.0
2025-05-01,RRJ,THE ROYAL ORTHOPAEDIC HOSPITAL NHS FOUNDATION TRUST,NHS BIRMINGHAM AND SOLIHULL INTEGRATED CARE BOARD,NHS trust,12859,7507,12859,507,58.4
2025-05-01,RL4,THE ROYAL WOLVERHAMPTON NHS TRUST,NHS BLACK COUNTRY INTEGRATED CARE BOARD,NHS trust,80339,43625,80339,2468,54.3
2025-05-01,RXW,THE SHREWSBURY AND TELFORD HOSPITAL NHS TRUST,"NHS SHROPSHIRE, TELFORD AND WREKIN INTEGRATED CARE BOARD",NHS trust,39042,20693,39042,1170,53.0
2025-05-01,RET,THE WALTON CENTRE NHS FOUNDATION TRUST,NHS CHESHIRE AND MERSEYSIDE INTEGRATED CARE BOARD,NHS trust,17880,11156,17880,269,62.4
2025-05-01,NVC44,THE WESTBOURNE CENTRE,NHS BIRMINGHAM AND SOLIHULL INTEGRATED CARE BOARD,Independent sector / other,3317,2207,3317,6,66.5
2025-05-01,NVC20,THE YORKSHIRE CLINIC,NHS WEST YORKSHIRE INTEGRATED CARE BOARD,Independent sector / other,7359,5086,7359,93,69.1
2025-05-01,NT440,THORNBURY HOSPITAL,NHS SOUTH YORKSHIRE INTEGRATED CARE BOARD,Independent sector / other,616,475,616,6,77.1
2025-05-01,NT441,THREE SHIRES HOSPITAL,NHS NORTHAMPTONSHIRE INTEGRATED CARE BOARD,Independent sector / other,3340,2085,3340,24,62.4
2025-05-01,RA9,TORBAY AND SOUTH DEVON NHS FOUNDATION TRUST,NHS DEVON INTEGRATED CARE BOARD,NHS trust,33949,22256,33949,805,65.6
2025-05-01,NN4,TYNESIDE SURGICAL SERVICES LTD,NHS NORTH EAST AND NORTH CUMBRIA INTEGRATED CARE BOARD,Independent sector / other,1388,1188,1388,2,85.6
2025-05-01,RWD,UNITED LINCOLNSHIRE TEACHING HOSPITALS NHS TRUST,NHS LINCOLNSHIRE INTEGRATED CARE BOARD,NHS trust,70185,38023,70185,1951,54.2
2025-05-01,RRV,UNIVERSITY COLLEGE LONDON HOSPITALS NHS FOUNDATION TRUST,NHS NORTH CENTRAL LONDON INTEGRATED CARE BOARD,NHS trust,74955,45172,74955,1414,60.3
2025-05-01,RHM,UNIVERSITY HOSPITAL SOUTHAMPTON NHS FOUNDATION TRUST,NHS HAMPSHIRE AND ISLE OF WIGHT INTEGRATED CARE BOARD,NHS trust,62949,40533,62949,1305,64.4
2025-05-01,RRK,UNIVERSITY HOSPITALS BIRMINGHAM NHS FOUNDATION TRUST,NHS BIRMINGHAM AND SOLIHULL INTEGRATED CARE BOARD,NHS trust,105687,54616,105687,5656,51.7
2025-05-01,RA7,UNIVERSITY HOSPITALS BRISTOL AND WESTON NHS FOUNDATION TRUST,"NHS BRISTOL, NORTH SOMERSET AND SOUTH GLOUCESTERSHIRE INTEGRATED CARE BOARD",NHS trust,55682,35959,55682,785,64.6
2025-05-01,RKB,UNIVERSITY HOSPITALS COVENTRY AND WARWICKSHIRE NHS TRUST,NHS COVENTRY AND WARWICKSHIRE INTEGRATED CARE BOARD,NHS trust,80479,42219,80479,2161,52.5
2025-05-01,R0D,UNIVERSITY HOSPITALS DORSET NHS FOUNDATION TRUST,NHS DORSET INTEGRATED CARE BOARD,NHS trust,62270,38795,62270,2065,62.3
2025-05-01,RTG,UNIVERSITY HOSPITALS OF DERBY AND BURTON NHS FOUNDATION TRUST,NHS DERBY AND DERBYSHIRE INTEGRATED CARE BOARD,NHS trust,106838,58402,106838,2503,54.7
2025-05-01,RWE,UNIVERSITY HOSPITALS OF LEICESTER NHS TRUST,"NHS LEICESTER, LEICESTERSHIRE AND RUTLAND INTEGRATED CARE BOARD",NHS trust,106383,60623,106383,2096,57.0
2025-05-01,RTX,UNIVERSITY HOSPITALS OF MORECAMBE BAY NHS FOUNDATION TRUST,NHS LANCASHIRE AND SOUTH CUMBRIA INTEGRATED CARE BOARD,NHS trust,34700,23653,34700,533,68.2
2025-05-01,RJE,UNIVERSITY HOSPITALS OF NORTH MIDLANDS NHS TRUST,NHS STAFFORDSHIRE AND STOKE-ON-TRENT INTEGRATED CARE BOARD,NHS trust,64336,40510,64336,1722,63.0
2025-05-01,RK9,UNIVERSITY HOSPITALS PLYMOUTH NHS TRUST,NHS DEVON INTEGRATED CARE BOARD,NHS trust,47995,29018,47995,1861,60.5
2025-05-01,RYR,UNIVERSITY HOSPITALS SUSSEX NHS FOUNDATION TRUST,NHS SUSSEX INTEGRATED CARE BOARD,NHS trust,112989,57534,112989,6826,50.9
2025-05-01,NRF,UNIVERSITY OF SOUTHAMPTON AUDITORY IMPLANT SERVICE,NHS HAMPSHIRE AND ISLE OF WIGHT INTEGRATED CARE BOARD,Independent sector / other,189,100,189,11,52.9
2025-05-01,AQK,VERNOVA HEALTHCARE COMMUNITY INTEREST COMPANY,NHS CHESHIRE AND MERSEYSIDE INTEGRATED CARE BOARD,Independent sector / other,258,233,258,0,90.3
2025-05-01,RBK,WALSALL HEALTHCARE NHS TRUST,NHS BLACK COUNTRY INTEGRATED CARE BOARD,NHS trust,28391,19878,28391,85,70.0
2025-05-01,RWW,WARRINGTON AND HALTON TEACHING HOSPITALS NHS FOUNDATION TRUST,NHS CHESHIRE AND MERSEYSIDE INTEGRATED CARE BOARD,NHS trust,33115,18702,33115,1537,56.5
2025-05-01,RWG,WEST HERTFORDSHIRE TEACHING HOSPITALS NHS TRUST,NHS HERTFORDSHIRE AND WEST ESSEX INTEGRATED CARE BOARD,NHS trust,47054,29950,47054,872,63.7
2025-05-01,NVC21,WEST MIDLANDS HOSPITAL,NHS BLACK COUNTRY INTEGRATED CARE BOARD,Independent sector / other,807,436,807,8,54.0
2025-05-01,RGR,WEST SUFFOLK NHS FOUNDATION TRUST,NHS SUFFOLK AND NORTH EAST ESSEX INTEGRATED CARE BOARD,NHS trust,35089,19525,35089,1540,55.6
2025-05-01,RKE,WHITTINGTON HEALTH NHS TRUST,NHS NORTH CENTRAL LONDON INTEGRATED CARE BOARD,NHS trust,25323,16790,25323,351,66.3
2025-05-01,NVC22,WINFIELD HOSPITAL,NHS GLOUCESTERSHIRE INTEGRATED CARE BOARD,Independent sector / other,1561,1049,1561,6,67.2
2025-05-01,NT443,WINTERBOURNE HOSPITAL,NHS DORSET INTEGRATED CARE BOARD,Independent sector / other,283,267,283,0,94.3
2025-05-01,RBL,WIRRAL UNIVERSITY TEACHING HOSPITAL NHS FOUNDATION TRUST,NHS CHESHIRE AND MERSEYSIDE INTEGRATED CARE BOARD,NHS trust,45845,28872,45845,1281,63.0
2025-05-01,NVC23,WOODLAND HOSPITAL,NHS NORTHAMPTONSHIRE INTEGRATED CARE BOARD,Independent sector / other,4691,3143,4691,42,67.0
2025-05-01,NT457,WOODLANDS HOSPITAL,NHS NORTH EAST AND NORTH CUMBRIA INTEGRATED CARE BOARD,Independent sector / other,2108,1664,2108,0,78.9
2025-05-01,NVC40,WOODTHORPE HOSPITAL,NHS NOTTINGHAM AND NOTTINGHAMSHIRE INTEGRATED CARE BOARD,Independent sector / other,3373,2428,3373,2,72.0
2025-05-01,RWP,WORCESTERSHIRE ACUTE HOSPITALS NHS TRUST,NHS HEREFORDSHIRE AND WORCESTERSHIRE INTEGRATED CARE BOARD,NHS trust,55115,32974,55115,914,59.8
2025-05-01,RRF,"WRIGHTINGTON, WIGAN AND LEIGH TEACHING HOSPITALS NHS FOUNDATION TRUST",NHS GREATER MANCHESTER INTEGRATED CARE BOARD,NHS trust,50357,29300,50357,1859,58.2
2025-05-01,RLQ,WYE VALLEY NHS TRUST,NHS HEREFORDSHIRE AND WORCESTERSHIRE INTEGRATED CARE BOARD,NHS trust,28097,16576,28097,768,59.0
2025-05-01,RCB,YORK AND SCARBOROUGH TEACHING HOSPITALS NHS FOUNDATION TRUST,NHS HUMBER AND NORTH YORKSHIRE INTEGRATED CARE BOARD,NHS trust,51404,29794,51404,1424,58.0
2025-06-01,NPR01,ABOUT HEALTH HQ,NHS SOMERSET INTEGRATED CARE BOARD,Independent sector / other,1453,1409,1453,1,97.0
2025-06-01,RCF,AIREDALE NHS FOUNDATION TRUST,NHS WEST YORKSHIRE INTEGRATED CARE BOARD,NHS trust,13846,10107,13846,59,73.0
2025-06-01,RBS,ALDER HEY CHILDREN'S NHS FOUNDATION TRUST,NHS CHESHIRE AND MERSEYSIDE INTEGRATED CARE BOARD,NHS trust,19097,10976,19097,395,57.5
2025-06-01,NT401,ALEXANDRA HOSPITAL,NHS GREATER MANCHESTER INTEGRATED CARE BOARD,Independent sector / other,806,694,806,3,86.1
2025-06-01,NX5,ANGLIA COMMUNITY EYE SERVICE LTD,NHS CAMBRIDGESHIRE AND PETERBOROUGH INTEGRATED CARE BOARD,Independent sector / other,1756,1557,1756,1,88.7
2025-06-01,RTK,ASHFORD AND ST PETER'S HOSPITALS NHS FOUNDATION TRUST,NHS SURREY HEARTLANDS INTEGRATED CARE BOARD,NHS trust,55345,33228,55345,863,60.0
2025-06-01,NVC01,ASHTEAD HOSPITAL,NHS SURREY HEARTLANDS INTEGRATED CARE BOARD,Independent sector / other,850,692,850,2,81.4
2025-06-01,RF4,"BARKING, HAVERING AND REDBRIDGE UNIVERSITY HOSPITALS NHS TRUST",NHS NORTH EAST LONDON INTEGRATED CARE BOARD,NHS trust,56971,40058,56971,519,70.3
2025-06-01,RFF,BARNSLEY HOSPITAL NHS FOUNDATION TRUST,NHS SOUTH YORKSHIRE INTEGRATED CARE BOARD,NHS trust,25499,18042,25499,122,70.8
2025-06-01,R1H,BARTS HEALTH NHS TRUST,NHS NORTH EAST LONDON INTEGRATED CARE BOARD,NHS trust,134766,77580,134766,4896,57.6
2025-06-01,NT402,BATH CLINIC,"NHS BATH AND NORTH EAST SOMERSET, SWINDON AND WILTSHIRE INTEGRATED CARE BOARD",Independent sector / other,782,623,782,0,79.7
2025-06-01,NRP,BEACON MEDICAL SERVICES GROUP LIMITED,NHS GREATER MANCHESTER INTEGRATED CARE BOARD,Independent sector / other,728,710,728,0,97.5
2025-06-01,NVC0I,BEACON PARK HOSPITAL,NHS STAFFORDSHIRE AND STOKE-ON-TRENT INTEGRATED CARE BOARD,Independent sector / other,915,756,915,0,82.6
2025-06-01,NT403,BEARDWOOD HOSPITAL,NHS LANCASHIRE AND SOUTH CUMBRIA INTEGRATED CARE BOARD,Independent sector / other,2495,1956,2495,0,78.4
2025-06-01,NT404,BEAUMONT HOSPITAL,NHS GREATER MANCHESTER INTEGRATED CARE BOARD,Independent sector / other,2608,1939,2608,0,74.3
2025-06-01,RC9,BEDFORDSHIRE HOSPITALS NHS FOUNDATION TRUST,"NHS BEDFORDSHIRE, LUTON AND MILTON KEYNES INTEGRATED CARE BOARD",NHS trust,88559,52283,88559,2299,59.0
2025-06-01,NWF01,BENENDEN HOSPITAL,NHS KENT AND MEDWAY INTEGRATED CARE BOARD,Independent sector / other,1488,1106,1488,34,74.3
2025-06-01,RWX,BERKSHIRE HEALTHCARE NHS FOUNDATION TRUST,NHS FRIMLEY INTEGRATED CARE BOARD,NHS trust,90,90,90,0,100.0
2025-06-01,RYW,BIRMINGHAM COMMUNITY HEALTHCARE NHS FOUNDATION TRUST,NHS BIRMINGHAM AND SOLIHULL INTEGRATED CARE BOARD,NHS trust,15163,10006,15163,57,66.0
2025-06-01,RQ3,BIRMINGHAM WOMEN'S AND CHILDREN'S NHS FOUNDATION TRUST,NHS BIRMINGHAM AND SOLIHULL INTEGRATED CARE BOARD,NHS trust,28718,16424,28718,253,57.2
2025-06-01,NT405,BISHOPS WOOD HOSPITAL,NHS NORTH WEST LONDON INTEGRATED CARE BOARD,Independent sector / other,569,466,569,0,81.9
2025-06-01,NT406,BLACKHEATH HOSPITAL,NHS SOUTH EAST LONDON INTEGRATED CARE BOARD,Independent sector / other,1466,1087,1466,46,74.1
2025-06-01,RXL,BLACKPOOL TEACHING HOSPITALS NHS FOUNDATION TRUST,NHS LANCASHIRE AND SOUTH CUMBRIA INTEGRATED CARE BOARD,NHS trust,37279,21326,37279,1730,57.2
2025-06-01,NVC31,BLAKELANDS HOSPITAL,"NHS BEDFORDSHIRE, LUTON AND MILTON KEYNES INTEGRATED CARE BOARD",Independent sector / other,2290,1720,2290,6,75.1
2025-06-01,RMC,BOLTON NHS FOUNDATION TRUST,NHS GREATER MANCHESTER INTEGRATED CARE BOARD,NHS trust,37252,21200,37252,1154,56.9
2025-06-01,NVC27,BOSTON WEST HOSPITAL,NHS LINCOLNSHIRE INTEGRATED CARE BOARD,Independent sector / other,1629,1107,1629,12,68.0
2025-06-01,TAD,BRADFORD DISTRICT CARE NHS FOUNDATION TRUST,NHS WEST YORKSHIRE INTEGRATED CARE BOARD,NHS trust,574,379,574,1,66.0
2025-06-01,RAE,BRADFORD TEACHING HOSPITALS NHS FOUNDATION TRUST,NHS WEST YORKSHIRE INTEGRATED CARE BOARD,NHS trust,32916,21961,32916,190,66.7
2025-06-01,RXQ,BUCKINGHAMSHIRE HEALTHCARE NHS TRUST,"NHS BUCKINGHAMSHIRE, OXFORDSHIRE AND BERKSHIRE WEST INTEGRATED CARE BOARD",NHS trust,49413,28664,49413,1241,58.0
2025-06-01,A4M8P,BUCKSHAW HOSPITAL,NHS LANCASHIRE AND SOUTH CUMBRIA INTEGRATED CARE BOARD,Independent sector / other,3225,2140,3225,72,66.4
2025-06-01,RWY,CALDERDALE AND HUDDERSFIELD NHS FOUNDATION TRUST,NHS WEST YORKSHIRE INTEGRATED CARE BOARD,NHS trust,36701,25493,36701,46,69.5
2025-06-01,RGT,CAMBRIDGE UNIVERSITY HOSPITALS NHS FOUNDATION TRUST,NHS CAMBRIDGESHIRE AND PETERBOROUGH INTEGRATED CARE BOARD,NHS trust,66129,38395,66129,2817,58.1
2025-06-01,RT1,CAMBRIDGESHIRE AND PETERBOROUGH NHS FOUNDATION TRUST,NHS CAMBRIDGESHIRE AND PETERBOROUGH INTEGRATED CARE BOARD,NHS trust,333,168,333,73,50.5
2025-06-01,NL3,CARE PLUS GROUP,NHS HUMBER AND NORTH YORKSHIRE INTEGRATED CARE BOARD,Independent sector / other,252,240,252,0,95.2
2025-06-01,NT451,CAVELL HOSPITAL,NHS NORTH CENTRAL LONDON INTEGRATED CARE BOARD,Independent sector / other,1352,1075,1352,6,79.5
2025-06-01,NT408,CHAUCER HOSPITAL,NHS KENT AND MEDWAY INTEGRATED CARE BOARD,Independent sector / other,806,666,806,0,82.6
2025-06-01,RQM,CHELSEA AND WESTMINSTER HOSPITAL NHS FOUNDATION TRUST,NHS NORTH WEST LONDON INTEGRATED CARE BOARD,NHS trust,70323,42458,70323,1038,60.4
2025-06-01,NT409,CHELSFIELD PARK HOSPITAL,NHS SOUTH EAST LONDON INTEGRATED CARE BOARD,Independent sector / other,741,625,741,7,84.3
2025-06-01,RFS,CHESTERFIELD ROYAL HOSPITAL NHS FOUNDATION TRUST,NHS DERBY AND DERBYSHIRE INTEGRATED CARE BOARD,NHS trust,31525,19017,31525,923,60.3
2025-06-01,NT410,CHILTERN HOSPITAL,"NHS BUCKINGHAMSHIRE, OXFORDSHIRE AND BERKSHIRE WEST INTEGRATED CARE BOARD",Independent sector / other,451,353,451,0,78.3
2025-06-01,F9Z4V,CIRCLE READING HOSPITAL,"NHS BUCKINGHAMSHIRE, OXFORDSHIRE AND BERKSHIRE WEST INTEGRATED CARE BOARD",Independent sector / other,1685,1297,1685,2,77.0
2025-06-01,B3M1X,CLAREMONT PRIVATE HOSPITAL,NHS SOUTH YORKSHIRE INTEGRATED CARE BOARD,Independent sector / other,2000,1520,2000,6,76.0
2025-06-01,NT411,CLEMENTINE CHURCHILL HOSPITAL,NHS NORTH WEST LONDON INTEGRATED CARE BOARD,Independent sector / other,2022,2008,2022,1,99.3
2025-06-01,NVC28,CLIFTON PARK HOSPITAL,NHS HUMBER AND NORTH YORKSHIRE INTEGRATED CARE BOARD,Independent sector / other,1684,1066,1684,10,63.3
2025-06-01,NVC29,COBALT HOSPITAL,NHS NORTH EAST AND NORTH CUMBRIA INTEGRATED CARE BOARD,Independent sector / other,1700,1196,1700,30,70.4
2025-06-01,NLG,COMMUNITAS CLINICS,NHS SOUTH WEST LONDON INTEGRATED CARE BOARD,Independent sector / other,12115,6818,12115,134,56.3
2025-06-01,AAV,COMMUNITY HEALTH AND EYECARE LIMITED,NHS LANCASHIRE AND SOUTH CUMBRIA INTEGRATED CARE BOARD,Independent sector / other,3730,3635,3730,0,97.5
2025-06-01,NMG,CORA HEALTH MSK (FORMERLY CONNECT HEALTH LTD),NHS NORTH EAST AND NORTH CUMBRIA INTEGRATED CARE BOARD,Independent sector / other,16755,15481,16755,8,92.4
2025-06-01,RJ8,CORNWALL PARTNERSHIP NHS FOUNDATION TRUST,NHS CORNWALL AND THE ISLES OF SCILLY INTEGRATED CARE BOARD,NHS trust,449,448,449,0,99.8
2025-06-01,DFY01,COTSWOLDS SURGICAL PARTNERS,"NHS BATH AND NORTH EAST SOMERSET, SWINDON AND WILTSHIRE INTEGRATED CARE BOARD",Independent sector / other,131,125,131,0,95.4
2025-06-01,RJR,COUNTESS OF CHESTER HOSPITAL NHS FOUNDATION TRUST,NHS CHESHIRE AND MERSEYSIDE INTEGRATED CARE BOARD,NHS trust,37764,18670,37764,3080,49.4
2025-06-01,RXP,COUNTY DURHAM AND DARLINGTON NHS FOUNDATION TRUST,NHS NORTH EAST AND NORTH CUMBRIA INTEGRATED CARE BOARD,NHS trust,39423,26995,39423,377,68.5
2025-06-01,RJ6,CROYDON HEALTH SERVICES NHS TRUST,NHS SOUTH WEST LONDON INTEGRATED CARE BOARD,NHS trust,36643,25406,36643,900,69.3
2025-06-01,RX4,"CUMBRIA, NORTHUMBERLAND, TYNE AND WEAR NHS FOUNDATION TRUST",NHS NORTH EAST AND NORTH CUMBRIA INTEGRATED CARE BOARD,NHS trust,169,164,169,0,97.0
2025-06-01,RN7,DARTFORD AND GRAVESHAM NHS TRUST,NHS KENT AND MEDWAY INTEGRATED CARE BOARD,NHS trust,32577,19156,32577,957,58.8
2025-06-01,NVL,DMC DERMATOLOGY,NHS GREATER MANCHESTER INTEGRATED CARE BOARD,Independent sector / other,199,199,199,0,100.0
2025-06-01,NCN,DMC HEALTHCARE,NHS SOUTH EAST LONDON INTEGRATED CARE BOARD,Independent sector / other,1710,1699,1710,0,99.4
2025-06-01,RP5,DONCASTER AND BASSETLAW TEACHING HOSPITALS NHS FOUNDATION TRUST,NHS SOUTH YORKSHIRE INTEGRATED CARE BOARD,NHS trust,55412,34217,55412,1560,61.8
2025-06-01,NNE,DORKING HEALTHCARE LIMITED (DHC),NHS SURREY HEARTLANDS INTEGRATED CARE BOARD,Independent sector / other,5965,5301,5965,2,88.9
2025-06-01,RBD,DORSET COUNTY HOSPITAL NHS FOUNDATION TRUST,NHS DORSET INTEGRATED CARE BOARD,NHS trust,22414,13219,22414,377,59.0
2025-06-01,NT412,DROITWICH SPA HOSPITAL,NHS HEREFORDSHIRE AND WORCESTERSHIRE INTEGRATED CARE BOARD,Independent sector / other,1745,1243,1745,2,71.2
2025-06-01,NT447,DUCHY HOSPITAL,NHS HUMBER AND NORTH YORKSHIRE INTEGRATED CARE BOARD,Independent sector / other,491,331,491,0,67.4
2025-06-01,NVC04,DUCHY HOSPITAL,NHS CORNWALL AND THE ISLES OF SCILLY INTEGRATED CARE BOARD,Independent sector / other,2020,1039,2020,9,51.4
2025-06-01,RWH,EAST AND NORTH HERTFORDSHIRE TEACHING NHS TRUST,NHS HERTFORDSHIRE AND WEST ESSEX INTEGRATED CARE BOARD,NHS trust,52542,33255,52542,911,63.3
2025-06-01,RJN,EAST CHESHIRE NHS TRUST,NHS CHESHIRE AND MERSEYSIDE INTEGRATED CARE BOARD,NHS trust,14131,7603,14131,377,53.8
2025-06-01,RVV,EAST KENT HOSPITALS UNIVERSITY NHS FOUNDATION TRUST,NHS KENT AND MEDWAY INTEGRATED CARE BOARD,NHS trust,80701,44417,80701,2222,55.0
2025-06-01,RXR,EAST LANCASHIRE HOSPITALS NHS TRUST,NHS LANCASHIRE AND SOUTH CUMBRIA INTEGRATED CARE BOARD,NHS trust,58192,35314,58192,2210,60.7
2025-06-01,RDE,EAST SUFFOLK AND NORTH ESSEX NHS FOUNDATION TRUST,NHS SUFFOLK AND NORTH EAST ESSEX INTEGRATED CARE BOARD,NHS trust,92050,52013,92050,3167,56.5
2025-06-01,RXC,EAST SUSSEX HEALTHCARE NHS TRUST,NHS SUSSEX INTEGRATED CARE BOARD,NHS trust,61657,39067,61657,868,63.4
2025-06-01,NT445,EDGBASTON HOSPITAL,NHS BIRMINGHAM AND SOLIHULL INTEGRATED CARE BOARD,Independent sector / other,1,1,1,0,100.0
2025-06-01,M9U8M,ENDOCARE DIAGNOSTICS LTD,NHS GREATER MANCHESTER INTEGRATED CARE BOARD,Independent sector / other,129,129,129,0,100.0
2025-06-01,RVR,EPSOM AND ST HELIER UNIVERSITY HOSPITALS NHS TRUST,NHS SOUTH WEST LONDON INTEGRATED CARE BOARD,NHS trust,56144,36549,56144,992,65.1
2025-06-01,NVM,EPSOMEDICAL GROUP,NHS SURREY HEARTLANDS INTEGRATED CARE BOARD,Independent sector / other,2568,2300,2568,11,89.6
2025-06-01,NVC05,EUXTON HALL HOSPITAL,NHS LANCASHIRE AND SOUTH CUMBRIA INTEGRATED CARE BOARD,Independent sector / other,3125,2134,3125,23,68.3
2025-06-01,NVC0Y,EXETER MEDICAL,NHS DEVON INTEGRATED CARE BOARD,Independent sector / other,388,271,388,0,69.8
2025-06-01,ACM,EYE CARE MEDICAL LTD,NHS CHESHIRE AND MERSEYSIDE INTEGRATED CARE BOARD,Independent sector / other,2,2,2,0,100.0
2025-06-01,Y9S1N,FAIRFIELD INDEPENDENT HOSPITAL,NHS CHESHIRE AND MERSEYSIDE INTEGRATED CARE BOARD,Independent sector / other,2163,1549,2163,4,71.6
2025-06-01,NDJ,FIRST COMMUNITY HEALTH AND CARE CIC,NHS SURREY HEARTLANDS INTEGRATED CARE BOARD,Independent sector / other,812,801,812,0,98.6
2025-06-01,NVC06,FITZWILLIAM HOSPITAL,NHS CAMBRIDGESHIRE AND PETERBOROUGH INTEGRATED CARE BOARD,Independent sector / other,5940,3598,5940,25,60.6
2025-06-01,RDU,FRIMLEY HEALTH NHS FOUNDATION TRUST,NHS FRIMLEY INTEGRATED CARE BOARD,NHS trust,74184,41244,74184,2657,55.6
2025-06-01,NVC07,FULWOOD HALL HOSPITAL,NHS LANCASHIRE AND SOUTH CUMBRIA INTEGRATED CARE BOARD,Independent sector / other,5596,3819,5596,40,68.2
2025-06-01,RR7,GATESHEAD HEALTH NHS FOUNDATION TRUST,NHS NORTH EAST AND NORTH CUMBRIA INTEGRATED CARE BOARD,NHS trust,13204,9022,13204,18,68.3
2025-06-01,RLT,GEORGE ELIOT HOSPITAL NHS TRUST,NHS COVENTRY AND WARWICKSHIRE INTEGRATED CARE BOARD,NHS trust,20279,12314,20279,687,60.7
2025-06-01,K8I4X,GLENDON WOOD HOSPITAL,NHS NORTHAMPTONSHIRE INTEGRATED CARE BOARD,Independent sector / other,1322,1068,1322,4,80.8
2025-06-01,RTE,GLOUCESTERSHIRE HOSPITALS NHS FOUNDATION TRUST,NHS GLOUCESTERSHIRE INTEGRATED CARE BOARD,NHS trust,60843,41911,60843,47,68.9
2025-06-01,NT417,GORING HALL HOSPITAL,NHS SUSSEX INTEGRATED CARE BOARD,Independent sector / other,1072,571,1072,18,53.3
2025-06-01,NWV01,GP CARE UK,"NHS BRISTOL, NORTH SOMERSET AND SOUTH GLOUCESTERSHIRE INTEGRATED CARE BOARD",Independent sector / other,587,587,587,0,100.0
2025-06-01,RP4,GREAT ORMOND STREET HOSPITAL FOR CHILDREN NHS FOUNDATION TRUST,NHS NORTH CENTRAL LONDON INTEGRATED CARE BOARD,NHS trust,8092,5649,8092,232,69.8
2025-06-01,RN3,GREAT WESTERN HOSPITALS NHS FOUNDATION TRUST,"NHS BATH AND NORTH EAST SOMERSET, SWINDON AND WILTSHIRE INTEGRATED CARE BOARD",NHS trust,38227,23234,38227,679,60.8
2025-06-01,RJ1,GUY'S AND ST THOMAS' NHS FOUNDATION TRUST,NHS SOUTH EAST LONDON INTEGRATED CARE BOARD,NHS trust,118886,74949,118886,2722,63.0
2025-06-01,RW1,HAMPSHIRE AND ISLE OF WIGHT HEALTHCARE NHS FOUNDATION TRUST,NHS HAMPSHIRE AND ISLE OF WIGHT INTEGRATED CARE BOARD,NHS trust,3955,3687,3955,0,93.2
2025-06-01,NT418,HAMPSHIRE CLINIC,NHS HAMPSHIRE AND ISLE OF WIGHT INTEGRATED CARE BOARD,Independent sector / other,243,186,243,2,76.5
2025-06-01,RN5,HAMPSHIRE HOSPITALS NHS FOUNDATION TRUST,NHS HAMPSHIRE AND ISLE OF WIGHT INTEGRATED CARE BOARD,NHS trust,50383,30013,50383,1661,59.6
2025-06-01,NT419,HARBOUR HOSPITAL,NHS DORSET INTEGRATED CARE BOARD,Independent sector / other,143,114,143,1,79.7
2025-06-01,RCD,HARROGATE AND DISTRICT NHS FOUNDATION TRUST,NHS HUMBER AND NORTH YORKSHIRE INTEGRATED CARE BOARD,NHS trust,19998,14415,19998,4,72.1
2025-06-01,S5E5Y,HCRG CARE DERMATOLOGY THE IRONSTONE CENTRE,NHS HUMBER AND NORTH YORKSHIRE INTEGRATED CARE BOARD,Independent sector / other,4535,2016,4535,375,44.5
2025-06-01,NYR,HEALTHSHARE DIAGNOSTICS,NHS KENT AND MEDWAY INTEGRATED CARE BOARD,Independent sector / other,2352,1984,2352,15,84.4
2025-06-01,NRL,HEART NETWORKS,NHS GREATER MANCHESTER INTEGRATED CARE BOARD,Independent sector / other,540,538,540,0,99.6
2025-06-01,NT416,HENDON HOSPITAL,NHS NORTH CENTRAL LONDON INTEGRATED CARE BOARD,Independent sector / other,1455,1079,1455,4,74.2
2025-06-01,R1A,HEREFORDSHIRE AND WORCESTERSHIRE HEALTH AND CARE NHS TRUST,NHS HEREFORDSHIRE AND WORCESTERSHIRE INTEGRATED CARE BOARD,NHS trust,119,116,119,0,97.5
2025-06-01,NT420,HIGHFIELD HOSPITAL,NHS GREATER MANCHESTER INTEGRATED CARE BOARD,Independent sector / other,1001,854,1001,1,85.3
2025-06-01,RQX,HOMERTON HEALTHCARE NHS FOUNDATION TRUST,NHS NORTH EAST LONDON INTEGRATED CARE BOARD,NHS trust,36119,23454,36119,341,64.9
2025-06-01,NT448,HUDDERSFIELD PRIVATE HOSPITAL,NHS WEST YORKSHIRE INTEGRATED CARE BOARD,Independent sector / other,592,548,592,0,92.6
2025-06-01,RWA,HULL UNIVERSITY TEACHING HOSPITALS NHS TRUST,NHS HUMBER AND NORTH YORKSHIRE INTEGRATED CARE BOARD,NHS trust,79237,46752,79237,2702,59.0
2025-06-01,RYJ,IMPERIAL COLLEGE HEALTHCARE NHS TRUST,NHS NORTH WEST LONDON INTEGRATED CARE BOARD,NHS trust,89031,54972,89031,1644,61.7
2025-06-01,NXP,INDEPENDENT HEALTH GROUP,"NHS BATH AND NORTH EAST SOMERSET, SWINDON AND WILTSHIRE INTEGRATED CARE BOARD",Independent sector / other,1052,1033,1052,0,98.2
2025-06-01,NV1,INHEALTH LIMITED,"NHS BUCKINGHAMSHIRE, OXFORDSHIRE AND BERKSHIRE WEST INTEGRATED CARE BOARD",Independent sector / other,2047,1685,2047,0,82.3
2025-06-01,NCR,ISIGHT,NHS CHESHIRE AND MERSEYSIDE INTEGRATED CARE BOARD,Independent sector / other,872,810,872,0,92.9
2025-06-01,R1F,ISLE OF WIGHT NHS TRUST,NHS HAMPSHIRE AND ISLE OF WIGHT INTEGRATED CARE BOARD,NHS trust,13948,8873,13948,59,63.6
2025-06-01,RGP,JAMES PAGET UNIVERSITY HOSPITALS NHS FOUNDATION TRUST,NHS NORFOLK AND WAVENEY INTEGRATED CARE BOARD,NHS trust,34615,18511,34615,1662,53.5
2025-06-01,RYY,KENT COMMUNITY HEALTH NHS FOUNDATION TRUST,NHS KENT AND MEDWAY INTEGRATED CARE BOARD,NHS trust,3708,3705,3708,0,99.9
2025-06-01,RNQ,KETTERING GENERAL HOSPITAL NHS FOUNDATION TRUST,NHS NORTHAMPTONSHIRE INTEGRATED CARE BOARD,NHS trust,24957,16232,24957,246,65.0
2025-06-01,ADP02,KIMS HOSPITAL (NEWNHAM COURT),NHS KENT AND MEDWAY INTEGRATED CARE BOARD,Independent sector / other,1143,1066,1143,1,93.3
2025-06-01,RJZ,KING'S COLLEGE HOSPITAL NHS FOUNDATION TRUST,NHS SOUTH EAST LONDON INTEGRATED CARE BOARD,NHS trust,84462,53391,84462,1714,63.2
2025-06-01,NT421,KINGS OAK HOSPITAL,NHS NORTH CENTRAL LONDON INTEGRATED CARE BOARD,Independent sector / other,984,775,984,6,78.8
2025-06-01,RAX,KINGSTON AND RICHMOND NHS FOUNDATION TRUST,NHS SOUTH WEST LONDON INTEGRATED CARE BOARD,NHS trust,41702,27688,41702,273,66.4
2025-06-01,RW5,LANCASHIRE & SOUTH CUMBRIA NHS FOUNDATION TRUST,NHS LANCASHIRE AND SOUTH CUMBRIA INTEGRATED CARE BOARD,NHS trust,2197,2034,2197,0,92.6
2025-06-01,RXN,LANCASHIRE TEACHING HOSPITALS NHS FOUNDATION TRUST,NHS LANCASHIRE AND SOUTH CUMBRIA INTEGRATED CARE BOARD,NHS trust,63259,34735,63259,2068,54.9
2025-06-01,NLE01,LANCASTER HOUSE CONSULTING DIAGNOSTICS SURGICAL LTD HQ,NHS GREATER MANCHESTER INTEGRATED CARE BOARD,Independent sector / other,675,668,675,0,99.0
2025-06-01,NT449,LANCASTER PRIVATE HOSPITAL,NHS LANCASHIRE AND SOUTH CUMBRIA INTEGRATED CARE BOARD,Independent sector / other,422,335,422,0,79.4
2025-06-01,RR8,LEEDS TEACHING HOSPITALS NHS TRUST,NHS WEST YORKSHIRE INTEGRATED CARE BOARD,NHS trust,88172,58394,88172,2742,66.2
2025-06-01,RJ2,LEWISHAM AND GREENWICH NHS TRUST,NHS SOUTH EAST LONDON INTEGRATED CARE BOARD,NHS trust,53039,30995,53039,2145,58.4
2025-06-01,NT450,LINCOLN PRIVATE HOSPITAL,NHS LINCOLNSHIRE INTEGRATED CARE BOARD,Independent sector / other,1261,856,1261,4,67.9
2025-06-01,RP7,LINCOLNSHIRE PARTNERSHIP NHS FOUNDATION TRUST,NHS LINCOLNSHIRE INTEGRATED CARE BOARD,NHS trust,44,42,44,0,95.5
2025-06-01,RBQ,LIVERPOOL HEART AND CHEST HOSPITAL NHS FOUNDATION TRUST,NHS CHESHIRE AND MERSEYSIDE INTEGRATED CARE BOARD,NHS trust,5751,4157,5751,58,72.3
2025-06-01,REM,LIVERPOOL UNIVERSITY HOSPITALS NHS FOUNDATION TRUST,NHS CHESHIRE AND MERSEYSIDE INTEGRATED CARE BOARD,NHS trust,69099,38542,69099,2856,55.8
2025-06-01,REP,LIVERPOOL WOMEN'S NHS FOUNDATION TRUST,NHS CHESHIRE AND MERSEYSIDE INTEGRATED CARE BOARD,NHS trust,16537,8095,16537,594,49.0
2025-06-01,NR5,LIVEWELL SOUTHWEST,NHS DEVON INTEGRATED CARE BOARD,Independent sector / other,75,73,75,0,97.3
2025-06-01,NL8,LOCALA COMMUNITY PARTNERSHIPS CIC,NHS WEST YORKSHIRE INTEGRATED CARE BOARD,Independent sector / other,832,779,832,0,93.6
2025-06-01,NT422,LONDON INDEPENDENT HOSPITAL,NHS NORTH EAST LONDON INTEGRATED CARE BOARD,Independent sector / other,3744,2314,3744,161,61.8
2025-06-01,R1K,LONDON NORTH WEST UNIVERSITY HEALTHCARE NHS TRUST,NHS NORTH WEST LONDON INTEGRATED CARE BOARD,NHS trust,86386,48093,86386,2358,55.7
2025-06-01,RWF,MAIDSTONE AND TUNBRIDGE WELLS NHS TRUST,NHS KENT AND MEDWAY INTEGRATED CARE BOARD,NHS trust,47986,34753,47986,0,72.4
2025-06-01,NN5,MANCHESTER SURGICAL SERVICES LTD,NHS GREATER MANCHESTER INTEGRATED CARE BOARD,Independent sector / other,352,308,352,0,87.5
2025-06-01,R0A,MANCHESTER UNIVERSITY NHS FOUNDATION TRUST,NHS GREATER MANCHESTER INTEGRATED CARE BOARD,NHS trust,187720,99927,187720,7522,53.2
2025-06-01,NT423,MANOR HOSPITAL,"NHS BEDFORDSHIRE, LUTON AND MILTON KEYNES INTEGRATED CARE BOARD",Independent sector / other,831,457,831,4,55.0
2025-06-01,AY1,MEDEFER,NHS NORTH CENTRAL LONDON INTEGRATED CARE BOARD,Independent sector / other,640,479,640,3,74.8
2025-06-01,RPA,MEDWAY NHS FOUNDATION TRUST,NHS KENT AND MEDWAY INTEGRATED CARE BOARD,NHS trust,39993,21855,39993,1735,54.6
2025-06-01,NT424,MERIDEN HOSPITAL,NHS COVENTRY AND WARWICKSHIRE INTEGRATED CARE BOARD,Independent sector / other,1901,1612,1901,1,84.8
2025-06-01,RBN,MERSEY AND WEST LANCASHIRE TEACHING HOSPITALS NHS TRUST,NHS CHESHIRE AND MERSEYSIDE INTEGRATED CARE BOARD,NHS trust,75244,48650,75244,2020,64.7
2025-06-01,RW4,MERSEY CARE NHS FOUNDATION TRUST,NHS CHESHIRE AND MERSEYSIDE INTEGRATED CARE BOARD,NHS trust,29,29,29,0,100.0
2025-06-01,RAJ,MID AND SOUTH ESSEX NHS FOUNDATION TRUST,NHS MID AND SOUTH ESSEX INTEGRATED CARE BOARD,NHS trust,172420,86933,172420,11782,50.4
2025-06-01,RBT,MID CHESHIRE HOSPITALS NHS FOUNDATION TRUST,NHS CHESHIRE AND MERSEYSIDE INTEGRATED CARE BOARD,NHS trust,39218,21850,39218,2034,55.7
2025-06-01,RXF,MID YORKSHIRE TEACHING NHS TRUST,NHS WEST YORKSHIRE INTEGRATED CARE BOARD,NHS trust,56634,35711,56634,408,63.1
2025-06-01,S4E3I,MIDLAND EYE (EYE-DOCS LTD),NHS BIRMINGHAM AND SOLIHULL INTEGRATED CARE BOARD,Independent sector / other,766,741,766,0,96.7
2025-06-01,RRE,MIDLANDS PARTNERSHIP UNIVERSITY NHS FOUNDATION TRUST,NHS STAFFORDSHIRE AND STOKE-ON-TRENT INTEGRATED CARE BOARD,NHS trust,7393,7183,7393,2,97.2
2025-06-01,RD8,MILTON KEYNES UNIVERSITY HOSPITAL NHS FOUNDATION TRUST,"NHS BEDFORDSHIRE, LUTON AND MILTON KEYNES INTEGRATED CARE BOARD",NHS trust,33515,17004,33515,1678,50.7
2025-06-01,RP6,MOORFIELDS EYE HOSPITAL NHS FOUNDATION TRUST,NHS NORTH CENTRAL LONDON INTEGRATED CARE BOARD,NHS trust,34593,28753,34593,19,83.1
2025-06-01,NT455,MOUNT ALVERNIA HOSPITAL,NHS SURREY HEARTLANDS INTEGRATED CARE BOARD,Independent sector / other,239,193,239,0,80.8
2025-06-01,NVC08,MOUNT STUART HOSPITAL,NHS DEVON INTEGRATED CARE BOARD,Independent sector / other,1976,1183,1976,40,59.9
2025-06-01,NVC09,NEW HALL HOSPITAL,"NHS BATH AND NORTH EAST SOMERSET, SWINDON AND WILTSHIRE INTEGRATED CARE BOARD",Independent sector / other,3433,2378,3433,38,69.3
2025-06-01,R7W2O,NEWCASTLE NEWMEDICA LTD,NHS NORTH EAST AND NORTH CUMBRIA INTEGRATED CARE BOARD,Independent sector / other,404,403,404,0,99.8
2025-06-01,N8R1N,NEWMEDICA - BERKSHIRE,NHS FRIMLEY INTEGRATED CARE BOARD,Independent sector / other,633,570,633,0,90.0
2025-06-01,C5Y9L,NEWMEDICA - BERKSHIRE - BRACKNELL,NHS FRIMLEY INTEGRATED CARE BOARD,Independent sector / other,35,30,35,0,85.7
2025-06-01,S1Z4X,NEWMEDICA - BIRMINGHAM,NHS BIRMINGHAM AND SOLIHULL INTEGRATED CARE BOARD,Independent sector / other,687,674,687,0,98.1
2025-06-01,C9A7J,NEWMEDICA - BRADFORD & HUDDERSFIELD,NHS WEST YORKSHIRE INTEGRATED CARE BOARD,Independent sector / other,220,217,220,0,98.6
2025-06-01,ACG22,NEWMEDICA - BRIGG - RIVERSIDE SURGERY,NHS HUMBER AND NORTH YORKSHIRE INTEGRATED CARE BOARD,Independent sector / other,866,785,866,0,90.6
2025-06-01,ACG20,NEWMEDICA - BRISTOL - LITFIELD HOUSE,"NHS BRISTOL, NORTH SOMERSET AND SOUTH GLOUCESTERSHIRE INTEGRATED CARE BOARD",Independent sector / other,274,268,274,0,97.8
2025-06-01,H2K1G,NEWMEDICA - BROMSGROVE,NHS HEREFORDSHIRE AND WORCESTERSHIRE INTEGRATED CARE BOARD,Independent sector / other,303,294,303,0,97.0
2025-06-01,F1Y1H,NEWMEDICA - CHESHIRE OAKS,NHS CHESHIRE AND MERSEYSIDE INTEGRATED CARE BOARD,Independent sector / other,175,164,175,0,93.7
2025-06-01,F0R0W,NEWMEDICA - DARLINGTON,NHS NORTH EAST AND NORTH CUMBRIA INTEGRATED CARE BOARD,Independent sector / other,32,32,32,0,100.0
2025-06-01,ACG36,NEWMEDICA - EXETER - GLEN HOUSE,NHS DEVON INTEGRATED CARE BOARD,Independent sector / other,215,206,215,0,95.8
2025-06-01,ACG13,NEWMEDICA - GLOUCESTER (ASPEN MEDICAL CENTRE),NHS GLOUCESTERSHIRE INTEGRATED CARE BOARD,Independent sector / other,303,275,303,0,90.8
2025-06-01,L0D9W,NEWMEDICA - GLOUCESTER (BRIGHOUSE COURT),NHS GLOUCESTERSHIRE INTEGRATED CARE BOARD,Independent sector / other,985,916,985,0,93.0
2025-06-01,L4R3R,NEWMEDICA - HAMPSHIRE,NHS HAMPSHIRE AND ISLE OF WIGHT INTEGRATED CARE BOARD,Independent sector / other,1362,1303,1362,1,95.7
2025-06-01,Z1E5F,NEWMEDICA - HARROGATE,NHS HUMBER AND NORTH YORKSHIRE INTEGRATED CARE BOARD,Independent sector / other,147,144,147,0,98.0
2025-06-01,F7F6D,NEWMEDICA - HERTFORSHIRE - WELWYN GARDEN CITY,NHS HERTFORDSHIRE AND WEST ESSEX INTEGRATED CARE BOARD,Independent sector / other,177,176,177,0,99.4
2025-06-01,ACG37,NEWMEDICA - IPSWICH,NHS SUFFOLK AND NORTH EAST ESSEX INTEGRATED CARE BOARD,Independent sector / other,603,603,603,0,100.0
2025-06-01,ACG38,NEWMEDICA - LANGFORD,"NHS BRISTOL, NORTH SOMERSET AND SOUTH GLOUCESTERSHIRE INTEGRATED CARE BOARD",Independent sector / other,419,386,419,0,92.1
2025-06-01,N6Z0R,NEWMEDICA - LINCOLN,NHS LINCOLNSHIRE INTEGRATED CARE BOARD,Independent sector / other,55,53,55,0,96.4
2025-06-01,Z2L9B,NEWMEDICA - MANCHESTER WEST,NHS GREATER MANCHESTER INTEGRATED CARE BOARD,Independent sector / other,302,264,302,0,87.4
2025-06-01,ACG26,NEWMEDICA - NORTH DERBYSHIRE - MIDLAND COURT,NHS DERBY AND DERBYSHIRE INTEGRATED CARE BOARD,Independent sector / other,964,919,964,0,95.3
2025-06-01,M4C5R,NEWMEDICA - NORTHAMPTON,NHS NORTHAMPTONSHIRE INTEGRATED CARE BOARD,Independent sector / other,555,550,555,0,99.1
2025-06-01,B5M7B,NEWMEDICA - NORWICH,NHS NORFOLK AND WAVENEY INTEGRATED CARE BOARD,Independent sector / other,863,844,863,0,97.8
2025-06-01,B1A5K,NEWMEDICA - NOTTINGHAM,NHS NOTTINGHAM AND NOTTINGHAMSHIRE INTEGRATED CARE BOARD,Independent sector / other,781,708,781,1,90.7
2025-06-01,J3J8Z,NEWMEDICA - OXFORDSHIRE,"NHS BUCKINGHAMSHIRE, OXFORDSHIRE AND BERKSHIRE WEST INTEGRATED CARE BOARD",Independent sector / other,545,530,545,0,97.2
2025-06-01,P5Y6K,NEWMEDICA - SHREWSBURY,"NHS SHROPSHIRE, TELFORD AND WREKIN INTEGRATED CARE BOARD",Independent sector / other,207,204,207,1,98.6
2025-06-01,ACG39,NEWMEDICA - SWINDON,"NHS BATH AND NORTH EAST SOMERSET, SWINDON AND WILTSHIRE INTEGRATED CARE BOARD",Independent sector / other,168,150,168,0,89.3
2025-06-01,ACG24,NEWMEDICA - TEESSIDE - NORTH ORMESBY,NHS NORTH EAST AND NORTH CUMBRIA INTEGRATED CARE BOARD,Independent sector / other,837,829,837,0,99.0
2025-06-01,ACG40,NEWMEDICA - WAKEFIELD,NHS WEST YORKSHIRE INTEGRATED CARE BOARD,Independent sector / other,609,573,609,0,94.1
2025-06-01,ACG31,NEWMEDICA - WORCESTER,NHS HEREFORDSHIRE AND WORCESTERSHIRE INTEGRATED CARE BOARD,Independent sector / other,750,718,750,0,95.7
2025-06-01,ACG30,NEWMEDICA - WORKSOP - DUKERIES,NHS NOTTINGHAM AND NOTTINGHAMSHIRE INTEGRATED CARE BOARD,Independent sector / other,137,126,137,0,92.0
2025-06-01,R3I5E,NEWMEDICA -TELFORD,"NHS SHROPSHIRE, TELFORD AND WREKIN INTEGRATED CARE BOARD",Independent sector / other,1,1,1,0,100.0
2025-06-01,H4J9P,NEWMEDICA AZTEC WEST,"NHS BRISTOL, NORTH SOMERSET AND SOUTH GLOUCESTERSHIRE INTEGRATED CARE BOARD",Independent sector / other,722,679,722,0,94.0
2025-06-01,ACG19,NEWMEDICA COMMUNITY OPHTHALMOLOGY - LEEDS,NHS WEST YORKSHIRE INTEGRATED CARE BOARD,Independent sector / other,643,615,643,0,95.6
2025-06-01,ACG12,NEWMEDICA COMMUNITY OPHTHALMOLOGY - NORTH EAST LINCOLNSHIRE - GRIMSBY,NHS HUMBER AND NORTH YORKSHIRE INTEGRATED CARE BOARD,Independent sector / other,782,730,782,0,93.4
2025-06-01,A4Q9X,NEWMEDICA LEICESTER,"NHS LEICESTER, LEICESTERSHIRE AND RUTLAND INTEGRATED CARE BOARD",Independent sector / other,233,233,233,0,100.0
2025-06-01,ACG08,NEWMEDICA OPHTHALMOLOGY - NUNEATON - CAMP HILL - GP LED HEALTH CENTRE,NHS COVENTRY AND WARWICKSHIRE INTEGRATED CARE BOARD,Independent sector / other,16,15,16,0,93.8
2025-06-01,G4H0I,NEWMEDICA SUFFOLK - BURY ST EDMUNDS - CLARITY HOUSE,NHS SUFFOLK AND NORTH EAST ESSEX INTEGRATED CARE BOARD,Independent sector / other,512,511,512,0,99.8
2025-06-01,RM1,NORFOLK AND NORWICH UNIVERSITY HOSPITALS NHS FOUNDATION TRUST,NHS NORFOLK AND WAVENEY INTEGRATED CARE BOARD,NHS trust,80831,44151,80831,3645,54.6
2025-06-01,RVJ,NORTH BRISTOL NHS TRUST,"NHS BRISTOL, NORTH SOMERSET AND SOUTH GLOUCESTERSHIRE INTEGRATED CARE BOARD",NHS trust,44229,29187,44229,161,66.0
2025-06-01,RNN,NORTH CUMBRIA INTEGRATED CARE NHS FOUNDATION TRUST,NHS NORTH EAST AND NORTH CUMBRIA INTEGRATED CARE BOARD,NHS trust,38249,21635,38249,1110,56.6
2025-06-01,NVC11,NORTH DOWNS HOSPITAL,NHS SURREY HEARTLANDS INTEGRATED CARE BOARD,Independent sector / other,1616,1077,1616,16,66.6
2025-06-01,RVW,NORTH TEES AND HARTLEPOOL NHS FOUNDATION TRUST,NHS NORTH EAST AND NORTH CUMBRIA INTEGRATED CARE BOARD,NHS trust,20870,15428,20870,255,73.9
2025-06-01,RGN,NORTH WEST ANGLIA NHS FOUNDATION TRUST,NHS CAMBRIDGESHIRE AND PETERBOROUGH INTEGRATED CARE BOARD,NHS trust,76256,41363,76256,2613,54.2
2025-06-01,RNS,NORTHAMPTON GENERAL HOSPITAL NHS TRUST,NHS NORTHAMPTONSHIRE INTEGRATED CARE BOARD,NHS trust,42426,26530,42426,547,62.5
2025-06-01,RM3,NORTHERN CARE ALLIANCE NHS FOUNDATION TRUST,NHS GREATER MANCHESTER INTEGRATED CARE BOARD,NHS trust,136628,73348,136628,5051,53.7
2025-06-01,RJL,NORTHERN LINCOLNSHIRE AND GOOLE NHS FOUNDATION TRUST,NHS HUMBER AND NORTH YORKSHIRE INTEGRATED CARE BOARD,NHS trust,39593,24060,39593,950,60.8
2025-06-01,RTF,NORTHUMBRIA HEALTHCARE NHS FOUNDATION TRUST,NHS NORTH EAST AND NORTH CUMBRIA INTEGRATED CARE BOARD,NHS trust,36648,29794,36648,17,81.3
2025-06-01,DFQ,NORWICH & NORFOLK SURGICAL LTD (N2S),NHS NORFOLK AND WAVENEY INTEGRATED CARE BOARD,Independent sector / other,800,668,800,0,83.5
2025-06-01,RX1,NOTTINGHAM UNIVERSITY HOSPITALS NHS TRUST,NHS NOTTINGHAM AND NOTTINGHAMSHIRE INTEGRATED CARE BOARD,NHS trust,81622,52423,81622,1641,64.2
2025-06-01,NQH,NOVUS HEALTH LTD,NHS WEST YORKSHIRE INTEGRATED CARE BOARD,Independent sector / other,378,369,378,0,97.6
2025-06-01,G3Q3Z,NUFFIELD HEALTH HIGHGATE HOSPITAL,NHS NORTH CENTRAL LONDON INTEGRATED CARE BOARD,Independent sector / other,805,642,805,4,79.8
2025-06-01,R0F4N,NUFFIELD HEALTH PARKSIDE HOSPITAL,NHS SOUTH WEST LONDON INTEGRATED CARE BOARD,Independent sector / other,1010,582,1010,229,57.6
2025-06-01,H4I8B,NUFFIELD HEALTH THE HOLLY HOSPITAL,NHS HERTFORDSHIRE AND WEST ESSEX INTEGRATED CARE BOARD,Independent sector / other,2607,2104,2607,16,80.7
2025-06-01,NT202,"NUFFIELD HEALTH, BOURNEMOUTH HOSPITAL",NHS DORSET INTEGRATED CARE BOARD,Independent sector / other,577,296,577,13,51.3
2025-06-01,NT204,"NUFFIELD HEALTH, BRENTWOOD HOSPITAL",NHS MID AND SOUTH ESSEX INTEGRATED CARE BOARD,Independent sector / other,1621,1131,1621,139,69.8
2025-06-01,NT205,"NUFFIELD HEALTH, BRIGHTON HOSPITAL",NHS SUSSEX INTEGRATED CARE BOARD,Independent sector / other,893,426,893,41,47.7
2025-06-01,NT206,"NUFFIELD HEALTH, BRISTOL HOSPITAL (CHESTERFIELD)","NHS BRISTOL, NORTH SOMERSET AND SOUTH GLOUCESTERSHIRE INTEGRATED CARE BOARD",Independent sector / other,552,439,552,0,79.5
2025-06-01,NT209,"NUFFIELD HEALTH, CAMBRIDGE HOSPITAL",NHS CAMBRIDGESHIRE AND PETERBOROUGH INTEGRATED CARE BOARD,Independent sector / other,343,239,343,3,69.7
2025-06-01,NT211,"NUFFIELD HEALTH, CHELTENHAM HOSPITAL",NHS GLOUCESTERSHIRE INTEGRATED CARE BOARD,Independent sector / other,43,9,43,0,20.9
2025-06-01,NT212,"NUFFIELD HEALTH, CHICHESTER HOSPITAL",NHS SUSSEX INTEGRATED CARE BOARD,Independent sector / other,1363,513,1363,163,37.6
2025-06-01,NT213,"NUFFIELD HEALTH, DERBY HOSPITAL",NHS DERBY AND DERBYSHIRE INTEGRATED CARE BOARD,Independent sector / other,1095,469,1095,36,42.8
2025-06-01,NT215,"NUFFIELD HEALTH, EXETER HOSPITAL",NHS DEVON INTEGRATED CARE BOARD,Independent sector / other,585,263,585,156,45.0
2025-06-01,NT218,"NUFFIELD HEALTH, HAYWARDS HEATH HOSPITAL",NHS SUSSEX INTEGRATED CARE BOARD,Independent sector / other,382,275,382,4,72.0
2025-06-01,NT219,"NUFFIELD HEALTH, HEREFORD HOSPITAL",NHS HEREFORDSHIRE AND WORCESTERSHIRE INTEGRATED CARE BOARD,Independent sector / other,266,251,266,0,94.4
2025-06-01,NT225,"NUFFIELD HEALTH, LEEDS HOSPITAL",NHS WEST YORKSHIRE INTEGRATED CARE BOARD,Independent sector / other,1557,766,1557,283,49.2
2025-06-01,NT226,"NUFFIELD HEALTH, LEICESTER HOSPITAL","NHS LEICESTER, LEICESTERSHIRE AND RUTLAND INTEGRATED CARE BOARD",Independent sector / other,455,405,455,10,89.0
2025-06-01,NT229,"NUFFIELD HEALTH, NEWCASTLE UPON TYNE HOSPITAL",NHS NORTH EAST AND NORTH CUMBRIA INTEGRATED CARE BOARD,Independent sector / other,584,309,584,5,52.9
2025-06-01,NT230,"NUFFIELD HEALTH, NORTH STAFFORDSHIRE HOSPITAL",NHS STAFFORDSHIRE AND STOKE-ON-TRENT INTEGRATED CARE BOARD,Independent sector / other,1614,1245,1614,1,77.1
2025-06-01,NT233,"NUFFIELD HEALTH, PLYMOUTH HOSPITAL",NHS DEVON INTEGRATED CARE BOARD,Independent sector / other,902,495,902,16,54.9
2025-06-01,NT235,"NUFFIELD HEALTH, SHREWSBURY HOSPITAL","NHS SHROPSHIRE, TELFORD AND WREKIN INTEGRATED CARE BOARD",Independent sector / other,142,109,142,0,76.8
2025-06-01,NT238,"NUFFIELD HEALTH, TAUNTON HOSPITAL",NHS SOMERSET INTEGRATED CARE BOARD,Independent sector / other,254,153,254,21,60.2
2025-06-01,NT237,"NUFFIELD HEALTH, TEES HOSPITAL",NHS NORTH EAST AND NORTH CUMBRIA INTEGRATED CARE BOARD,Independent sector / other,1192,913,1192,1,76.6
2025-06-01,NT210,"NUFFIELD HEALTH, THE GROSVENOR HOSPITAL, CHESTER",NHS CHESHIRE AND MERSEYSIDE INTEGRATED CARE BOARD,Independent sector / other,341,251,341,2,73.6
2025-06-01,NT239,"NUFFIELD HEALTH, TUNBRIDGE WELLS HOSPITAL",NHS KENT AND MEDWAY INTEGRATED CARE BOARD,Independent sector / other,194,98,194,4,50.5
2025-06-01,NT224,"NUFFIELD HEALTH, WARWICKSHIRE HOSPITAL",NHS COVENTRY AND WARWICKSHIRE INTEGRATED CARE BOARD,Independent sector / other,341,273,341,1,80.1
2025-06-01,NT214,"NUFFIELD HEALTH, WESSEX HOSPITAL",NHS HAMPSHIRE AND ISLE OF WIGHT INTEGRATED CARE BOARD,Independent sector / other,590,370,590,37,62.7
2025-06-01,NT241,"NUFFIELD HEALTH, WOKING HOSPITAL",NHS SURREY HEARTLANDS INTEGRATED CARE BOARD,Independent sector / other,472,262,472,53,55.5
2025-06-01,NT242,"NUFFIELD HEALTH, WOLVERHAMPTON HOSPITAL",NHS BLACK COUNTRY INTEGRATED CARE BOARD,Independent sector / other,490,390,490,3,79.6
2025-06-01,NT245,"NUFFIELD HEALTH, YORK HOSPITAL",NHS HUMBER AND NORTH YORKSHIRE INTEGRATED CARE BOARD,Independent sector / other,715,622,715,1,87.0
2025-06-01,NT244,NUFFIELD HOSPITAL OXFORD (THE MANOR),"NHS BUCKINGHAMSHIRE, OXFORDSHIRE AND BERKSHIRE WEST INTEGRATED CARE BOARD",Independent sector / other,103,87,103,1,84.5
2025-06-01,NVC12,OAKLANDS HOSPITAL,NHS GREATER MANCHESTER INTEGRATED CARE BOARD,Independent sector / other,4282,3375,4282,5,78.8
2025-06-01,NVC13,OAKS HOSPITAL,NHS SUFFOLK AND NORTH EAST ESSEX INTEGRATED CARE BOARD,Independent sector / other,729,392,729,27,53.8
2025-06-01,DXV,OMNES HEALTHCARE LTD,NHS GREATER MANCHESTER INTEGRATED CARE BOARD,Independent sector / other,9238,7797,9238,46,84.4
2025-06-01,NNH,OPTEGRA UK,NHS SURREY HEARTLANDS INTEGRATED CARE BOARD,Independent sector / other,5894,5784,5894,2,98.1
2025-06-01,NQM01,ORTHOPAEDICS & SPINE SPECIALIST HOSPITAL SITE,NHS CAMBRIDGESHIRE AND PETERBOROUGH INTEGRATED CARE BOARD,Independent sector / other,159,133,159,0,83.6
2025-06-01,Q2Y5H,OVIVA UK LTD,NHS SOUTH EAST LONDON INTEGRATED CARE BOARD,Independent sector / other,7617,7616,7617,0,100.0
2025-06-01,RTH,OXFORD UNIVERSITY HOSPITALS NHS FOUNDATION TRUST,"NHS BUCKINGHAMSHIRE, OXFORDSHIRE AND BERKSHIRE WEST INTEGRATED CARE BOARD",NHS trust,86883,51219,86883,2851,59.0
2025-06-01,RPG,OXLEAS NHS FOUNDATION TRUST,NHS SOUTH EAST LONDON INTEGRATED CARE BOARD,NHS trust,1892,917,1892,330,48.5
2025-06-01,NVC14,PARK HILL HOSPITAL,NHS SOUTH YORKSHIRE INTEGRATED CARE BOARD,Independent sector / other,823,622,823,3,75.6
2025-06-01,NT427,PARK HOSPITAL,NHS NOTTINGHAM AND NOTTINGHAMSHIRE INTEGRATED CARE BOARD,Independent sector / other,1178,965,1178,11,81.9
2025-06-01,NEQ,PHOENIX HEALTH SOLUTIONS LIMITED HQ,NHS WEST YORKSHIRE INTEGRATED CARE BOARD,Independent sector / other,647,642,647,0,99.2
2025-06-01,DTT,PHOENIX PUBLIC HEALTH LTD,NHS CHESHIRE AND MERSEYSIDE INTEGRATED CARE BOARD,Independent sector / other,263,162,263,7,61.6
2025-06-01,NVC15,PINEHILL HOSPITAL,NHS HERTFORDSHIRE AND WEST ESSEX INTEGRATED CARE BOARD,Independent sector / other,1334,1010,1334,3,75.7
2025-06-01,NEY,PIONEER HEALTHCARE LIMITED,NHS SOUTH YORKSHIRE INTEGRATED CARE BOARD,Independent sector / other,1808,750,1808,68,41.5
2025-06-01,D3O0Z,PLYMOUTH NEWMEDICA LTD,NHS DEVON INTEGRATED CARE BOARD,Independent sector / other,345,323,345,1,93.6
2025-06-01,RHU,PORTSMOUTH HOSPITALS UNIVERSITY NHS TRUST,NHS HAMPSHIRE AND ISLE OF WIGHT INTEGRATED CARE BOARD,NHS trust,59859,34105,59859,2336,57.0
2025-06-01,NTP13,PRACTICE PLUS GROUP HOSPITAL - BARLBOROUGH,NHS DERBY AND DERBYSHIRE INTEGRATED CARE BOARD,Independent sector / other,2168,1563,2168,7,72.1
2025-06-01,NTPH2,PRACTICE PLUS GROUP HOSPITAL - EMERSONS GREEN,"NHS BRISTOL, NORTH SOMERSET AND SOUTH GLOUCESTERSHIRE INTEGRATED CARE BOARD",Independent sector / other,5421,4337,5421,0,80.0
2025-06-01,NTP15,PRACTICE PLUS GROUP HOSPITAL - ILFORD,NHS NORTH EAST LONDON INTEGRATED CARE BOARD,Independent sector / other,5530,4105,5530,2,74.2
2025-06-01,NTPH5,PRACTICE PLUS GROUP HOSPITAL - PLYMOUTH,NHS DEVON INTEGRATED CARE BOARD,Independent sector / other,1669,1453,1669,34,87.1
2025-06-01,NTPH1,PRACTICE PLUS GROUP HOSPITAL - SHEPTON MALLET,NHS SOMERSET INTEGRATED CARE BOARD,Independent sector / other,2505,1964,2505,5,78.4
2025-06-01,NTP11,PRACTICE PLUS GROUP HOSPITAL - SOUTHAMPTON,NHS HAMPSHIRE AND ISLE OF WIGHT INTEGRATED CARE BOARD,Independent sector / other,8074,5704,8074,37,70.6
2025-06-01,M2Y6D,PRACTICE PLUS GROUP HOSPITAL BIRMINGHAM,NHS BIRMINGHAM AND SOLIHULL INTEGRATED CARE BOARD,Independent sector / other,450,442,450,0,98.2
2025-06-01,NTPAE,PRACTICE PLUS GROUP OPHTHALMOLOGY - NORTH WEST,NHS GREATER MANCHESTER INTEGRATED CARE BOARD,Independent sector / other,2170,1802,2170,0,83.0
2025-06-01,NTPH3,PRACTICE PLUS GROUP SURGICAL CENTRE - DEVIZES,"NHS BATH AND NORTH EAST SOMERSET, SWINDON AND WILTSHIRE INTEGRATED CARE BOARD",Independent sector / other,2836,2140,2836,12,75.5
2025-06-01,NTP16,PRACTICE PLUS GROUP SURGICAL CENTRE - GILLINGHAM,NHS KENT AND MEDWAY INTEGRATED CARE BOARD,Independent sector / other,1056,834,1056,153,79.0
2025-06-01,NTPAD,PRACTICE PLUS GROUP SURGICAL CENTRE - ST MARYS PORTSMOUTH,NHS HAMPSHIRE AND ISLE OF WIGHT INTEGRATED CARE BOARD,Independent sector / other,2113,2012,2113,1,95.2
2025-06-01,ADN,PRIMARY INTEGRATED COMMUNITY SERVICES LTD,NHS NOTTINGHAM AND NOTTINGHAMSHIRE INTEGRATED CARE BOARD,Independent sector / other,3102,1334,3102,43,43.0
2025-06-01,NT428,PRINCESS MARGARET HOSPITAL,NHS FRIMLEY INTEGRATED CARE BOARD,Independent sector / other,94,89,94,1,94.7
2025-06-01,NT429,PRIORY HOSPITAL,NHS BIRMINGHAM AND SOLIHULL INTEGRATED CARE BOARD,Independent sector / other,698,541,698,0,77.5
2025-06-01,NAM01,PROBUS SURGICAL CENTRE,NHS CORNWALL AND THE ISLES OF SCILLY INTEGRATED CARE BOARD,Independent sector / other,1234,1157,1234,0,93.8
2025-06-01,NQX,PROVIDE ENTERPRISES,NHS SUFFOLK AND NORTH EAST ESSEX INTEGRATED CARE BOARD,Independent sector / other,103,103,103,0,100.0
2025-06-01,RPC,QUEEN VICTORIA HOSPITAL NHS FOUNDATION TRUST,NHS SUSSEX INTEGRATED CARE BOARD,NHS trust,17869,11143,17869,388,62.4
2025-06-01,GEC01,RAPID INVESTIGATION SERVICE,NHS HAMPSHIRE AND ISLE OF WIGHT INTEGRATED CARE BOARD,Independent sector / other,103,103,103,0,100.0
2025-06-01,NVC16,RENACRES HOSPITAL,NHS LANCASHIRE AND SOUTH CUMBRIA INTEGRATED CARE BOARD,Independent sector / other,4596,3405,4596,13,74.1
2025-06-01,NT430,RIDGEWAY HOSPITAL,"NHS BATH AND NORTH EAST SOMERSET, SWINDON AND WILTSHIRE INTEGRATED CARE BOARD",Independent sector / other,308,249,308,0,80.8
2025-06-01,NVC19,RIVERS HOSPITAL,NHS HERTFORDSHIRE AND WEST ESSEX INTEGRATED CARE BOARD,Independent sector / other,4077,2829,4077,30,69.4
2025-06-01,NVC17,ROWLEY HALL HOSPITAL,NHS STAFFORDSHIRE AND STOKE-ON-TRENT INTEGRATED CARE BOARD,Independent sector / other,2440,1784,2440,2,73.1
2025-06-01,RHW,ROYAL BERKSHIRE NHS FOUNDATION TRUST,"NHS BUCKINGHAMSHIRE, OXFORDSHIRE AND BERKSHIRE WEST INTEGRATED CARE BOARD",NHS trust,36524,29190,36524,32,79.9
2025-06-01,REF,ROYAL CORNWALL HOSPITALS NHS TRUST,NHS CORNWALL AND THE ISLES OF SCILLY INTEGRATED CARE BOARD,NHS trust,40624,29154,40624,409,71.8
2025-06-01,RH8,ROYAL DEVON UNIVERSITY HEALTHCARE NHS FOUNDATION TRUST,NHS DEVON INTEGRATED CARE BOARD,NHS trust,73777,44672,73777,2312,60.6
2025-06-01,RAL,ROYAL FREE LONDON NHS FOUNDATION TRUST,NHS NORTH CENTRAL LONDON INTEGRATED CARE BOARD,NHS trust,146196,84104,146196,3984,57.5
2025-06-01,RAN,ROYAL NATIONAL ORTHOPAEDIC HOSPITAL NHS TRUST,NHS NORTH WEST LONDON INTEGRATED CARE BOARD,NHS trust,8717,6141,8717,70,70.4
2025-06-01,RGM,ROYAL PAPWORTH HOSPITAL NHS FOUNDATION TRUST,NHS CAMBRIDGESHIRE AND PETERBOROUGH INTEGRATED CARE BOARD,NHS trust,6648,4493,6648,58,67.6
2025-06-01,RA2,ROYAL SURREY NHS FOUNDATION TRUST,NHS SURREY HEARTLANDS INTEGRATED CARE BOARD,NHS trust,30288,16502,30288,1526,54.5
2025-06-01,RD1,ROYAL UNITED HOSPITALS BATH NHS FOUNDATION TRUST,"NHS BATH AND NORTH EAST SOMERSET, SWINDON AND WILTSHIRE INTEGRATED CARE BOARD",NHS trust,41877,24869,41877,1017,59.4
2025-06-01,NT431,RUNNYMEDE HOSPITAL,NHS SURREY HEARTLANDS INTEGRATED CARE BOARD,Independent sector / other,82,78,82,0,95.1
2025-06-01,RNZ,SALISBURY NHS FOUNDATION TRUST,"NHS BATH AND NORTH EAST SOMERSET, SWINDON AND WILTSHIRE INTEGRATED CARE BOARD",NHS trust,29128,19555,29128,224,67.1
2025-06-01,RXK,SANDWELL AND WEST BIRMINGHAM HOSPITALS NHS TRUST,NHS BLACK COUNTRY INTEGRATED CARE BOARD,NHS trust,65540,37994,65540,1131,58.0
2025-06-01,NT433,SARUM ROAD HOSPITAL,NHS HAMPSHIRE AND ISLE OF WIGHT INTEGRATED CARE BOARD,Independent sector / other,376,285,376,1,75.8
2025-06-01,NT434,SAXON CLINIC,"NHS BEDFORDSHIRE, LUTON AND MILTON KEYNES INTEGRATED CARE BOARD",Independent sector / other,594,407,594,7,68.5
2025-06-01,RCU,SHEFFIELD CHILDREN'S NHS FOUNDATION TRUST,NHS SOUTH YORKSHIRE INTEGRATED CARE BOARD,NHS trust,12187,8171,12187,326,67.0
2025-06-01,RHQ,SHEFFIELD TEACHING HOSPITALS NHS FOUNDATION TRUST,NHS SOUTH YORKSHIRE INTEGRATED CARE BOARD,NHS trust,91323,60317,91323,1798,66.0
2025-06-01,NT435,SHELBURNE HOSPITAL,"NHS BUCKINGHAMSHIRE, OXFORDSHIRE AND BERKSHIRE WEST INTEGRATED CARE BOARD",Independent sector / other,150,110,150,1,73.3
2025-06-01,RK5,SHERWOOD FOREST HOSPITALS NHS FOUNDATION TRUST,NHS NOTTINGHAM AND NOTTINGHAMSHIRE INTEGRATED CARE BOARD,NHS trust,35442,22718,35442,395,64.1
2025-06-01,NT436,SHIRLEY OAKS HOSPITAL,NHS SOUTH WEST LONDON INTEGRATED CARE BOARD,Independent sector / other,760,654,760,2,86.1
2025-06-01,R1D,SHROPSHIRE COMMUNITY HEALTH NHS TRUST,"NHS SHROPSHIRE, TELFORD AND WREKIN INTEGRATED CARE BOARD",NHS trust,8990,5733,8990,165,63.8
2025-06-01,NLX,SIRONA CARE & HEALTH,"NHS BRISTOL, NORTH SOMERSET AND SOUTH GLOUCESTERSHIRE INTEGRATED CARE BOARD",Independent sector / other,7682,5672,7682,0,73.8
2025-06-01,NT437,SLOANE HOSPITAL,NHS SOUTH EAST LONDON INTEGRATED CARE BOARD,Independent sector / other,864,670,864,14,77.5
2025-06-01,RH5,SOMERSET NHS FOUNDATION TRUST,NHS SOMERSET INTEGRATED CARE BOARD,NHS trust,57440,37780,57440,1588,65.8
2025-06-01,NFH,SOMERSET SURGICAL SERVICES HQ,"NHS BRISTOL, NORTH SOMERSET AND SOUTH GLOUCESTERSHIRE INTEGRATED CARE BOARD",Independent sector / other,919,866,919,1,94.2
2025-06-01,RTR,SOUTH TEES HOSPITALS NHS FOUNDATION TRUST,NHS NORTH EAST AND NORTH CUMBRIA INTEGRATED CARE BOARD,NHS trust,56591,35150,56591,1610,62.1
2025-06-01,R0B,SOUTH TYNESIDE AND SUNDERLAND NHS FOUNDATION TRUST,NHS NORTH EAST AND NORTH CUMBRIA INTEGRATED CARE BOARD,NHS trust,58030,43925,58030,18,75.7
2025-06-01,RJC,SOUTH WARWICKSHIRE UNIVERSITY NHS FOUNDATION TRUST,NHS COVENTRY AND WARWICKSHIRE INTEGRATED CARE BOARD,NHS trust,33389,21970,33389,745,65.8
2025-06-01,RXG,SOUTH WEST YORKSHIRE PARTNERSHIP NHS FOUNDATION TRUST,NHS WEST YORKSHIRE INTEGRATED CARE BOARD,NHS trust,4114,4025,4114,0,97.8
2025-06-01,NT490,SOUTHEND PRIVATE HOSPITAL,NHS MID AND SOUTH ESSEX INTEGRATED CARE BOARD,Independent sector / other,1460,1266,1460,0,86.7
2025-06-01,NPG19,SPAMEDICA BEDFORD,"NHS BEDFORDSHIRE, LUTON AND MILTON KEYNES INTEGRATED CARE BOARD",Independent sector / other,180,173,180,0,96.1
2025-06-01,D5P5H,SPAMEDICA BEXHILL,NHS SUSSEX INTEGRATED CARE BOARD,Independent sector / other,182,179,182,0,98.4
2025-06-01,NPG11,SPAMEDICA BIRMINGHAM,NHS BIRMINGHAM AND SOLIHULL INTEGRATED CARE BOARD,Independent sector / other,284,266,284,0,93.7
2025-06-01,C3Y0A,SPAMEDICA BLACKPOOL,NHS LANCASHIRE AND SOUTH CUMBRIA INTEGRATED CARE BOARD,Independent sector / other,167,164,167,0,98.2
2025-06-01,NPG08,SPAMEDICA BOLTON,NHS GREATER MANCHESTER INTEGRATED CARE BOARD,Independent sector / other,275,270,275,0,98.2
2025-06-01,I2C7H,SPAMEDICA BRADFORD,NHS WEST YORKSHIRE INTEGRATED CARE BOARD,Independent sector / other,178,173,178,0,97.2
2025-06-01,I9A4A,SPAMEDICA BRIGHTON,NHS SUSSEX INTEGRATED CARE BOARD,Independent sector / other,243,234,243,0,96.3
2025-06-01,P1B7M,SPAMEDICA BRISTOL,"NHS BRISTOL, NORTH SOMERSET AND SOUTH GLOUCESTERSHIRE INTEGRATED CARE BOARD",Independent sector / other,149,144,149,0,96.6
2025-06-01,Y8L9S,SPAMEDICA BROMLEY,NHS SOUTH EAST LONDON INTEGRATED CARE BOARD,Independent sector / other,373,349,373,0,93.6
2025-06-01,O6X7Z,SPAMEDICA CAMBRIDGE,NHS CAMBRIDGESHIRE AND PETERBOROUGH INTEGRATED CARE BOARD,Independent sector / other,145,143,145,0,98.6
2025-06-01,E1U4T,SPAMEDICA CARLISLE,NHS NORTH EAST AND NORTH CUMBRIA INTEGRATED CARE BOARD,Independent sector / other,161,159,161,0,98.8
2025-06-01,NPG16,SPAMEDICA CHELMSFORD,NHS MID AND SOUTH ESSEX INTEGRATED CARE BOARD,Independent sector / other,228,222,228,0,97.4
2025-06-01,V4U1Y,SPAMEDICA CHESTER,NHS CHESHIRE AND MERSEYSIDE INTEGRATED CARE BOARD,Independent sector / other,128,123,128,0,96.1
2025-06-01,T4I8V,SPAMEDICA CHESTERFIELD,NHS DERBY AND DERBYSHIRE INTEGRATED CARE BOARD,Independent sector / other,97,94,97,0,96.9
2025-06-01,J2H6H,SPAMEDICA COLCHESTER,NHS SUFFOLK AND NORTH EAST ESSEX INTEGRATED CARE BOARD,Independent sector / other,92,90,92,0,97.8
2025-06-01,NPG21,SPAMEDICA COVENTRY,NHS COVENTRY AND WARWICKSHIRE INTEGRATED CARE BOARD,Independent sector / other,255,250,255,0,98.0
2025-06-01,N1N0Y,SPAMEDICA CROYDON,NHS SOUTH WEST LONDON INTEGRATED CARE BOARD,Independent sector / other,40,40,40,0,100.0
2025-06-01,V8N5R,SPAMEDICA DALSTON,NHS NORTH EAST LONDON INTEGRATED CARE BOARD,Independent sector / other,279,263,279,0,94.3
2025-06-01,NPG23,SPAMEDICA DERBY,NHS DERBY AND DERBYSHIRE INTEGRATED CARE BOARD,Independent sector / other,226,223,226,0,98.7
2025-06-01,T8V3L,SPAMEDICA DONCASTER,NHS SOUTH YORKSHIRE INTEGRATED CARE BOARD,Independent sector / other,165,161,165,0,97.6
2025-06-01,M7C9Q,SPAMEDICA EPSOM,NHS SURREY HEARTLANDS INTEGRATED CARE BOARD,Independent sector / other,197,189,197,0,95.9
2025-06-01,M5E1S,SPAMEDICA EXETER,NHS DEVON INTEGRATED CARE BOARD,Independent sector / other,181,177,181,0,97.8
2025-06-01,NPG07,SPAMEDICA EYE HOSPITAL (WAKEFIELD),NHS WEST YORKSHIRE INTEGRATED CARE BOARD,Independent sector / other,242,236,242,0,97.5
2025-06-01,Z9Z1G,SPAMEDICA GATESHEAD,NHS NORTH EAST AND NORTH CUMBRIA INTEGRATED CARE BOARD,Independent sector / other,158,152,158,0,96.2
2025-06-01,A0C5S,SPAMEDICA GLOUCESTER,NHS GLOUCESTERSHIRE INTEGRATED CARE BOARD,Independent sector / other,89,81,89,0,91.0
2025-06-01,Z5J5V,SPAMEDICA HAYDOCK,NHS CHESHIRE AND MERSEYSIDE INTEGRATED CARE BOARD,Independent sector / other,163,158,163,0,96.9
2025-06-01,J0M7P,SPAMEDICA HEREFORD DIAGNOSTIC AND TREATMENT CENTRE,NHS HEREFORDSHIRE AND WORCESTERSHIRE INTEGRATED CARE BOARD,Independent sector / other,11,11,11,0,100.0
2025-06-01,NPG18,SPAMEDICA HULL,NHS HUMBER AND NORTH YORKSHIRE INTEGRATED CARE BOARD,Independent sector / other,241,240,241,0,99.6
2025-06-01,Q8X0X,SPAMEDICA ISLE OF WIGHT COMMUNITY DIAGNOSTIC & TREATMENT CENTRE,NHS HAMPSHIRE AND ISLE OF WIGHT INTEGRATED CARE BOARD,Independent sector / other,32,32,32,0,100.0
2025-06-01,R1G7E,SPAMEDICA KENDAL,NHS LANCASHIRE AND SOUTH CUMBRIA INTEGRATED CARE BOARD,Independent sector / other,180,179,180,0,99.4
2025-06-01,P0C3F,SPAMEDICA LEEDS,NHS WEST YORKSHIRE INTEGRATED CARE BOARD,Independent sector / other,115,113,115,0,98.3
2025-06-01,L9D3Z,SPAMEDICA LEICESTER,"NHS LEICESTER, LEICESTERSHIRE AND RUTLAND INTEGRATED CARE BOARD",Independent sector / other,106,103,106,0,97.2
2025-06-01,NPG06,SPAMEDICA LIVERPOOL,NHS CHESHIRE AND MERSEYSIDE INTEGRATED CARE BOARD,Independent sector / other,297,286,297,0,96.3
2025-06-01,K9J3O,SPAMEDICA LUTON,"NHS BEDFORDSHIRE, LUTON AND MILTON KEYNES INTEGRATED CARE BOARD",Independent sector / other,171,164,171,0,95.9
2025-06-01,NPG01,SPAMEDICA MANCHESTER,NHS GREATER MANCHESTER INTEGRATED CARE BOARD,Independent sector / other,217,208,217,0,95.9
2025-06-01,G3O5P,SPAMEDICA NEWARK,NHS NOTTINGHAM AND NOTTINGHAMSHIRE INTEGRATED CARE BOARD,Independent sector / other,296,286,296,0,96.6
2025-06-01,NPG15,SPAMEDICA NEWCASTLE-UNDER-LYME,NHS STAFFORDSHIRE AND STOKE-ON-TRENT INTEGRATED CARE BOARD,Independent sector / other,214,212,214,0,99.1
2025-06-01,G5X2Q,SPAMEDICA NORTH TYNESIDE,NHS NORTH EAST AND NORTH CUMBRIA INTEGRATED CARE BOARD,Independent sector / other,136,132,136,0,97.1
2025-06-01,M3R0W,SPAMEDICA NORWICH,NHS NORFOLK AND WAVENEY INTEGRATED CARE BOARD,Independent sector / other,187,185,187,0,98.9
2025-06-01,O1P6X,SPAMEDICA OLDHAM,NHS GREATER MANCHESTER INTEGRATED CARE BOARD,Independent sector / other,303,285,303,0,94.1
2025-06-01,O5Y9D,SPAMEDICA OXFORD,"NHS BUCKINGHAMSHIRE, OXFORDSHIRE AND BERKSHIRE WEST INTEGRATED CARE BOARD",Independent sector / other,160,155,160,0,96.9
2025-06-01,B9J4U,SPAMEDICA PETERBOROUGH,NHS CAMBRIDGESHIRE AND PETERBOROUGH INTEGRATED CARE BOARD,Independent sector / other,221,214,221,0,96.8
2025-06-01,L6O7H,SPAMEDICA POOLE,NHS DORSET INTEGRATED CARE BOARD,Independent sector / other,491,480,491,0,97.8
2025-06-01,A1U4J,SPAMEDICA PORTSMOUTH,NHS HAMPSHIRE AND ISLE OF WIGHT INTEGRATED CARE BOARD,Independent sector / other,85,82,85,0,96.5
2025-06-01,NPG17,SPAMEDICA PRESTON,NHS LANCASHIRE AND SOUTH CUMBRIA INTEGRATED CARE BOARD,Independent sector / other,184,179,184,0,97.3
2025-06-01,B4N1U,SPAMEDICA ROMFORD,NHS NORTH EAST LONDON INTEGRATED CARE BOARD,Independent sector / other,369,355,369,0,96.2
2025-06-01,I1H7K,SPAMEDICA SALE,NHS GREATER MANCHESTER INTEGRATED CARE BOARD,Independent sector / other,67,65,67,0,97.0
2025-06-01,NPG10,SPAMEDICA SHEFFIELD,NHS SOUTH YORKSHIRE INTEGRATED CARE BOARD,Independent sector / other,148,145,148,0,98.0
2025-06-01,M0N7E,SPAMEDICA SITTINGBOURNE,NHS KENT AND MEDWAY INTEGRATED CARE BOARD,Independent sector / other,124,116,124,0,93.5
2025-06-01,NPG13,SPAMEDICA SKELMERSDALE,NHS LANCASHIRE AND SOUTH CUMBRIA INTEGRATED CARE BOARD,Independent sector / other,130,125,130,0,96.2
2025-06-01,J7V1N,SPAMEDICA SOLIHULL,NHS BIRMINGHAM AND SOLIHULL INTEGRATED CARE BOARD,Independent sector / other,187,175,187,0,93.6
2025-06-01,B9M3W,SPAMEDICA SOUTHAMPTON,NHS HAMPSHIRE AND ISLE OF WIGHT INTEGRATED CARE BOARD,Independent sector / other,491,478,491,6,97.4
2025-06-01,NPG22,SPAMEDICA STOCKTON-ON-TEES,NHS NORTH EAST AND NORTH CUMBRIA INTEGRATED CARE BOARD,Independent sector / other,263,258,263,0,98.1
2025-06-01,H1T2P,SPAMEDICA SWINDON,"NHS BATH AND NORTH EAST SOMERSET, SWINDON AND WILTSHIRE INTEGRATED CARE BOARD",Independent sector / other,84,81,84,0,96.4
2025-06-01,G6S7A,SPAMEDICA TAUNTON,NHS SOMERSET INTEGRATED CARE BOARD,Independent sector / other,238,233,238,0,97.9
2025-06-01,V5F1D,SPAMEDICA TELFORD,"NHS SHROPSHIRE, TELFORD AND WREKIN INTEGRATED CARE BOARD",Independent sector / other,124,117,124,0,94.4
2025-06-01,E3D4A,SPAMEDICA TRURO,NHS CORNWALL AND THE ISLES OF SCILLY INTEGRATED CARE BOARD,Independent sector / other,173,165,173,0,95.4
2025-06-01,Q1W6P,SPAMEDICA WATFORD,NHS HERTFORDSHIRE AND WEST ESSEX INTEGRATED CARE BOARD,Independent sector / other,149,146,149,0,98.0
2025-06-01,A1D1B,SPAMEDICA WEMBLEY,NHS NORTH WEST LONDON INTEGRATED CARE BOARD,Independent sector / other,103,103,103,0,100.0
2025-06-01,NPG14,SPAMEDICA WIDNES,NHS CHESHIRE AND MERSEYSIDE INTEGRATED CARE BOARD,Independent sector / other,146,143,146,0,97.9
2025-06-01,NPG02,SPAMEDICA WIRRAL,NHS CHESHIRE AND MERSEYSIDE INTEGRATED CARE BOARD,Independent sector / other,198,195,198,0,98.5
2025-06-01,T8R5I,SPAMEDICA WOKINGHAM,"NHS BUCKINGHAMSHIRE, OXFORDSHIRE AND BERKSHIRE WEST INTEGRATED CARE BOARD",Independent sector / other,169,164,169,0,97.0
2025-06-01,NPG20,SPAMEDICA WOLVERHAMPTON,NHS BLACK COUNTRY INTEGRATED CARE BOARD,Independent sector / other,320,302,320,0,94.4
2025-06-01,J3X4C,SPAMEDICA WORCESTER,NHS HEREFORDSHIRE AND WORCESTERSHIRE INTEGRATED CARE BOARD,Independent sector / other,154,148,154,0,96.1
2025-06-01,NN8,SPENCER PRIVATE HOSPITALS LTD,NHS KENT AND MEDWAY INTEGRATED CARE BOARD,Independent sector / other,2971,1781,2971,96,59.9
2025-06-01,NT312,SPIRE ALEXANDRA HOSPITAL,NHS KENT AND MEDWAY INTEGRATED CARE BOARD,Independent sector / other,1476,1304,1476,1,88.3
2025-06-01,NT302,SPIRE BRISTOL HOSPITAL,"NHS BRISTOL, NORTH SOMERSET AND SOUTH GLOUCESTERSHIRE INTEGRATED CARE BOARD",Independent sector / other,775,515,775,2,66.5
2025-06-01,NT315,SPIRE BUSHEY HOSPITAL,NHS HERTFORDSHIRE AND WEST ESSEX INTEGRATED CARE BOARD,Independent sector / other,828,816,828,0,98.6
2025-06-01,NT317,SPIRE CAMBRIDGE LEA HOSPITAL,NHS CAMBRIDGESHIRE AND PETERBOROUGH INTEGRATED CARE BOARD,Independent sector / other,394,306,394,0,77.7
2025-06-01,NT324,SPIRE CHESHIRE HOSPITAL,NHS CHESHIRE AND MERSEYSIDE INTEGRATED CARE BOARD,Independent sector / other,1369,1127,1369,2,82.3
2025-06-01,NT345,SPIRE CLARE PARK HOSPITAL,NHS FRIMLEY INTEGRATED CARE BOARD,Independent sector / other,384,358,384,0,93.2
2025-06-01,NT344,SPIRE DUNEDIN HOSPITAL,"NHS BUCKINGHAMSHIRE, OXFORDSHIRE AND BERKSHIRE WEST INTEGRATED CARE BOARD",Independent sector / other,221,179,221,4,81.0
2025-06-01,NT348,SPIRE ELLAND HOSPITAL,NHS WEST YORKSHIRE INTEGRATED CARE BOARD,Independent sector / other,1447,1211,1447,4,83.7
2025-06-01,NT347,SPIRE FYLDE COAST HOSPITAL,NHS LANCASHIRE AND SOUTH CUMBRIA INTEGRATED CARE BOARD,Independent sector / other,4024,3171,4024,24,78.8
2025-06-01,NT308,SPIRE GATWICK PARK HOSPITAL,NHS SURREY HEARTLANDS INTEGRATED CARE BOARD,Independent sector / other,1141,724,1141,24,63.5
2025-06-01,NT316,SPIRE HARPENDEN HOSPITAL,NHS HERTFORDSHIRE AND WEST ESSEX INTEGRATED CARE BOARD,Independent sector / other,488,470,488,0,96.3
2025-06-01,NT319,SPIRE HARTSWOOD HOSPITAL,NHS MID AND SOUTH ESSEX INTEGRATED CARE BOARD,Independent sector / other,1410,979,1410,8,69.4
2025-06-01,NT351,SPIRE HULL AND EAST RIDING HOSPITAL,NHS HUMBER AND NORTH YORKSHIRE INTEGRATED CARE BOARD,Independent sector / other,2210,2209,2210,0,100.0
2025-06-01,NT332,SPIRE LEEDS HOSPITAL,NHS WEST YORKSHIRE INTEGRATED CARE BOARD,Independent sector / other,971,859,971,3,88.5
2025-06-01,NT322,SPIRE LEICESTER HOSPITAL,"NHS LEICESTER, LEICESTERSHIRE AND RUTLAND INTEGRATED CARE BOARD",Independent sector / other,696,512,696,3,73.6
2025-06-01,NT321,SPIRE LITTLE ASTON HOSPITAL,NHS STAFFORDSHIRE AND STOKE-ON-TRENT INTEGRATED CARE BOARD,Independent sector / other,1538,1221,1538,11,79.4
2025-06-01,NT337,SPIRE LIVERPOOL HOSPITAL,NHS CHESHIRE AND MERSEYSIDE INTEGRATED CARE BOARD,Independent sector / other,3353,3020,3353,0,90.1
2025-06-01,NT314,SPIRE LONDON EAST,NHS NORTH EAST LONDON INTEGRATED CARE BOARD,Independent sector / other,2229,1501,2229,9,67.3
2025-06-01,NT327,SPIRE MANCHESTER HOSPITAL,NHS GREATER MANCHESTER INTEGRATED CARE BOARD,Independent sector / other,1132,835,1132,1,73.8
2025-06-01,NT350,SPIRE METHLEY PARK HOSPITAL,NHS WEST YORKSHIRE INTEGRATED CARE BOARD,Independent sector / other,1358,1154,1358,2,85.0
2025-06-01,NT364,SPIRE MONTEFIORE HOSPITAL,NHS SUSSEX INTEGRATED CARE BOARD,Independent sector / other,1113,661,1113,44,59.4
2025-06-01,NT325,SPIRE MURRAYFIELD HOSPITAL,NHS CHESHIRE AND MERSEYSIDE INTEGRATED CARE BOARD,Independent sector / other,538,517,538,1,96.1
2025-06-01,NT318,SPIRE NORWICH HOSPITAL,NHS NORFOLK AND WAVENEY INTEGRATED CARE BOARD,Independent sector / other,544,509,544,2,93.6
2025-06-01,NT30A,SPIRE NOTTINGHAM HOSPITAL,NHS NOTTINGHAM AND NOTTINGHAMSHIRE INTEGRATED CARE BOARD,Independent sector / other,522,415,522,2,79.5
2025-06-01,NT320,SPIRE PARKWAY HOSPITAL,NHS BIRMINGHAM AND SOLIHULL INTEGRATED CARE BOARD,Independent sector / other,1260,1034,1260,8,82.1
2025-06-01,NT305,SPIRE PORTSMOUTH HOSPITAL,NHS HAMPSHIRE AND ISLE OF WIGHT INTEGRATED CARE BOARD,Independent sector / other,376,287,376,0,76.3
2025-06-01,NT339,SPIRE REGENCY HOSPITAL,NHS CHESHIRE AND MERSEYSIDE INTEGRATED CARE BOARD,Independent sector / other,1690,1685,1690,0,99.7
2025-06-01,NT301,SPIRE SOUTH BANK HOSPITAL,NHS HEREFORDSHIRE AND WORCESTERSHIRE INTEGRATED CARE BOARD,Independent sector / other,792,583,792,2,73.6
2025-06-01,NT304,SPIRE SOUTHAMPTON HOSPITAL,NHS HAMPSHIRE AND ISLE OF WIGHT INTEGRATED CARE BOARD,Independent sector / other,573,303,573,17,52.9
2025-06-01,NT3X3,SPIRE ST ANTHONY'S HOSPITAL,NHS SOUTH WEST LONDON INTEGRATED CARE BOARD,Independent sector / other,985,906,985,1,92.0
2025-06-01,NT343,SPIRE THAMES VALLEY HOSPITAL,"NHS BUCKINGHAMSHIRE, OXFORDSHIRE AND BERKSHIRE WEST INTEGRATED CARE BOARD",Independent sector / other,469,358,469,2,76.3
2025-06-01,NT333,SPIRE WASHINGTON HOSPITAL,NHS NORTH EAST AND NORTH CUMBRIA INTEGRATED CARE BOARD,Independent sector / other,1388,1106,1388,6,79.7
2025-06-01,NT313,SPIRE WELLESLEY HOSPITAL,NHS MID AND SOUTH ESSEX INTEGRATED CARE BOARD,Independent sector / other,1329,473,1329,17,35.6
2025-06-01,NVC18,SPRINGFIELD HOSPITAL,NHS MID AND SOUTH ESSEX INTEGRATED CARE BOARD,Independent sector / other,4708,3351,4708,69,71.2
2025-06-01,NT446,ST EDMUNDS HOSPITAL,NHS SUFFOLK AND NORTH EAST ESSEX INTEGRATED CARE BOARD,Independent sector / other,652,386,652,2,59.2
2025-06-01,RJ7,ST GEORGE'S UNIVERSITY HOSPITALS NHS FOUNDATION TRUST,NHS SOUTH WEST LONDON INTEGRATED CARE BOARD,NHS trust,71060,44204,71060,1712,62.2
2025-06-01,NTE02,ST HUGH'S HOSPITAL,NHS HUMBER AND NORTH YORKSHIRE INTEGRATED CARE BOARD,Independent sector / other,2421,1589,2421,61,65.6
2025-06-01,NQT5K,ST MARTINS HOSPITAL,"NHS BATH AND NORTH EAST SOMERSET, SWINDON AND WILTSHIRE INTEGRATED CARE BOARD",Independent sector / other,135,123,135,0,91.1
2025-06-01,AHP,ST MICHAEL'S CLINIC LIMITED,"NHS SHROPSHIRE, TELFORD AND WREKIN INTEGRATED CARE BOARD",Independent sector / other,1556,834,1556,29,53.6
2025-06-01,RWJ,STOCKPORT NHS FOUNDATION TRUST,NHS GREATER MANCHESTER INTEGRATED CARE BOARD,NHS trust,34367,19617,34367,993,57.1
2025-06-01,NVC1H,STOURSIDE HOSPITAL,NHS BLACK COUNTRY INTEGRATED CARE BOARD,Independent sector / other,2938,2188,2938,15,74.5
2025-06-01,NDL01,SUFFOLK GP FEDERATION,NHS SUFFOLK AND NORTH EAST ESSEX INTEGRATED CARE BOARD,Independent sector / other,83,82,83,0,98.8
2025-06-01,G3Z1Q,SULIS HOSPITAL BATH (FOXCOTE AVENUE),"NHS BATH AND NORTH EAST SOMERSET, SWINDON AND WILTSHIRE INTEGRATED CARE BOARD",Independent sector / other,3070,2474,3070,4,80.6
2025-06-01,RTP,SURREY AND SUSSEX HEALTHCARE NHS TRUST,NHS SURREY HEARTLANDS INTEGRATED CARE BOARD,NHS trust,52425,29827,52425,959,56.9
2025-06-01,NYG,SUSSEX COMMUNITY DERMATOLOGY SERVICE,NHS SUSSEX INTEGRATED CARE BOARD,Independent sector / other,15658,13543,15658,0,86.5
2025-06-01,RDR,SUSSEX COMMUNITY NHS FOUNDATION TRUST,NHS SUSSEX INTEGRATED CARE BOARD,NHS trust,13327,9999,13327,13,75.0
2025-06-01,RMP,TAMESIDE AND GLOSSOP INTEGRATED CARE NHS FOUNDATION TRUST,NHS GREATER MANCHESTER INTEGRATED CARE BOARD,NHS trust,17019,12288,17019,0,72.2
2025-06-01,NVC0R,TEES VALLEY HOSPITAL,NHS NORTH EAST AND NORTH CUMBRIA INTEGRATED CARE BOARD,Independent sector / other,4151,3279,4151,1,79.0
2025-06-01,AAH,TETBURY HOSPITAL TRUST LTD,NHS GLOUCESTERSHIRE INTEGRATED CARE BOARD,Independent sector / other,253,224,253,0,88.5
2025-06-01,NVC02,THE BERKSHIRE INDEPENDENT HOSPITAL,"NHS BUCKINGHAMSHIRE, OXFORDSHIRE AND BERKSHIRE WEST INTEGRATED CARE BOARD",Independent sector / other,1143,799,1143,5,69.9
2025-06-01,NVC25,THE CHERWELL HOSPITAL,"NHS BUCKINGHAMSHIRE, OXFORDSHIRE AND BERKSHIRE WEST INTEGRATED CARE BOARD",Independent sector / other,2284,1416,2284,8,62.0
2025-06-01,RBV,THE CHRISTIE NHS FOUNDATION TRUST,NHS GREATER MANCHESTER INTEGRATED CARE BOARD,NHS trust,2809,2648,2809,2,94.3
2025-06-01,REN,THE CLATTERBRIDGE CANCER CENTRE NHS FOUNDATION TRUST,NHS CHESHIRE AND MERSEYSIDE INTEGRATED CARE BOARD,NHS trust,1113,1068,1113,0,96.0
2025-06-01,RNA,THE DUDLEY GROUP NHS FOUNDATION TRUST,NHS BLACK COUNTRY INTEGRATED CARE BOARD,NHS trust,46681,29484,46681,454,63.2
2025-06-01,AJ8,THE GRANGE MEDICAL CENTRE HQ,NHS WEST YORKSHIRE INTEGRATED CARE BOARD,Independent sector / other,233,233,233,0,100.0
2025-06-01,S3H9L,THE HAMPTONS HOSPITAL LTD,NHS CAMBRIDGESHIRE AND PETERBOROUGH INTEGRATED CARE BOARD,Independent sector / other,2327,1908,2327,21,82.0
2025-06-01,RAS,THE HILLINGDON HOSPITALS NHS FOUNDATION TRUST,NHS NORTH WEST LONDON INTEGRATED CARE BOARD,NHS trust,31208,17433,31208,437,55.9
2025-06-01,NXM01,THE HORDER CENTRE - ST JOHNS ROAD,NHS SUSSEX INTEGRATED CARE BOARD,Independent sector / other,1047,694,1047,0,66.3
2025-06-01,DX1,THE NEW FOSCOTE HOSPITAL LTD,NHS NORTH CENTRAL LONDON INTEGRATED CARE BOARD,Independent sector / other,318,274,318,6,86.2
2025-06-01,RTD,THE NEWCASTLE UPON TYNE HOSPITALS NHS FOUNDATION TRUST,NHS NORTH EAST AND NORTH CUMBRIA INTEGRATED CARE BOARD,NHS trust,89130,65505,89130,1307,73.5
2025-06-01,NTX,THE ONE HEALTH GROUP PLC,NHS SOUTH YORKSHIRE INTEGRATED CARE BOARD,Independent sector / other,4255,3357,4255,37,78.9
2025-06-01,RQW,THE PRINCESS ALEXANDRA HOSPITAL NHS TRUST,NHS HERTFORDSHIRE AND WEST ESSEX INTEGRATED CARE BOARD,NHS trust,48443,24773,48443,2265,51.1
2025-06-01,RCX,"THE QUEEN ELIZABETH HOSPITAL, KING'S LYNN, NHS FOUNDATION TRUST",NHS NORFOLK AND WAVENEY INTEGRATED CARE BOARD,NHS trust,27265,15619,27265,593,57.3
2025-06-01,RL1,THE ROBERT JONES AND AGNES HUNT ORTHOPAEDIC HOSPITAL NHS FOUNDATION TRUST,"NHS SHROPSHIRE, TELFORD AND WREKIN INTEGRATED CARE BOARD",NHS trust,27044,11635,27044,3481,43.0
2025-06-01,RFR,THE ROTHERHAM NHS FOUNDATION TRUST,NHS SOUTH YORKSHIRE INTEGRATED CARE BOARD,NHS trust,30958,21025,30958,634,67.9
2025-06-01,DJH01,THE ROYAL BUCKINGHAMSHIRE HOSPITAL LTD,"NHS BUCKINGHAMSHIRE, OXFORDSHIRE AND BERKSHIRE WEST INTEGRATED CARE BOARD",Independent sector / other,5,2,5,0,40.0
2025-06-01,RPY,THE ROYAL MARSDEN NHS FOUNDATION TRUST,NHS NORTH WEST LONDON INTEGRATED CARE BOARD,NHS trust,1965,1856,1965,6,94.5
2025-06-01,RRJ,THE ROYAL ORTHOPAEDIC HOSPITAL NHS FOUNDATION TRUST,NHS BIRMINGHAM AND SOLIHULL INTEGRATED CARE BOARD,NHS trust,13024,7835,13024,468,60.2
2025-06-01,RL4,THE ROYAL WOLVERHAMPTON NHS TRUST,NHS BLACK COUNTRY INTEGRATED CARE BOARD,NHS trust,79970,44348,79970,2377,55.5
2025-06-01,RXW,THE SHREWSBURY AND TELFORD HOSPITAL NHS TRUST,"NHS SHROPSHIRE, TELFORD AND WREKIN INTEGRATED CARE BOARD",NHS trust,37630,20669,37630,718,54.9
2025-06-01,DPK,THE STONEYGATE EYE HOSPITAL,"NHS LEICESTER, LEICESTERSHIRE AND RUTLAND INTEGRATED CARE BOARD",Independent sector / other,221,207,221,0,93.7
2025-06-01,RET,THE WALTON CENTRE NHS FOUNDATION TRUST,NHS CHESHIRE AND MERSEYSIDE INTEGRATED CARE BOARD,NHS trust,17769,11049,17769,247,62.2
2025-06-01,NVC44,THE WESTBOURNE CENTRE,NHS BIRMINGHAM AND SOLIHULL INTEGRATED CARE BOARD,Independent sector / other,3385,2184,3385,4,64.5
2025-06-01,NVC20,THE YORKSHIRE CLINIC,NHS WEST YORKSHIRE INTEGRATED CARE BOARD,Independent sector / other,7275,5116,7275,98,70.3
2025-06-01,NT440,THORNBURY HOSPITAL,NHS SOUTH YORKSHIRE INTEGRATED CARE BOARD,Independent sector / other,616,474,616,5,76.9
2025-06-01,NT441,THREE SHIRES HOSPITAL,NHS NORTHAMPTONSHIRE INTEGRATED CARE BOARD,Independent sector / other,3453,2239,3453,23,64.8
2025-06-01,RA9,TORBAY AND SOUTH DEVON NHS FOUNDATION TRUST,NHS DEVON INTEGRATED CARE BOARD,NHS trust,33268,22686,33268,677,68.2
2025-06-01,NN4,TYNESIDE SURGICAL SERVICES LTD,NHS NORTH EAST AND NORTH CUMBRIA INTEGRATED CARE BOARD,Independent sector / other,1336,1153,1336,2,86.3
2025-06-01,RWD,UNITED LINCOLNSHIRE TEACHING HOSPITALS NHS TRUST,NHS LINCOLNSHIRE INTEGRATED CARE BOARD,NHS trust,70366,38421,70366,1805,54.6
2025-06-01,RRV,UNIVERSITY COLLEGE LONDON HOSPITALS NHS FOUNDATION TRUST,NHS NORTH CENTRAL LONDON INTEGRATED CARE BOARD,NHS trust,72291,43835,72291,1281,60.6
2025-06-01,RHM,UNIVERSITY HOSPITAL SOUTHAMPTON NHS FOUNDATION TRUST,NHS HAMPSHIRE AND ISLE OF WIGHT INTEGRATED CARE BOARD,NHS trust,62644,40146,62644,1423,64.1
2025-06-01,RRK,UNIVERSITY HOSPITALS BIRMINGHAM NHS FOUNDATION TRUST,NHS BIRMINGHAM AND SOLIHULL INTEGRATED CARE BOARD,NHS trust,104398,54670,104398,5376,52.4
2025-06-01,RA7,UNIVERSITY HOSPITALS BRISTOL AND WESTON NHS FOUNDATION TRUST,"NHS BRISTOL, NORTH SOMERSET AND SOUTH GLOUCESTERSHIRE INTEGRATED CARE BOARD",NHS trust,55557,36036,55557,771,64.9
2025-06-01,RKB,UNIVERSITY HOSPITALS COVENTRY AND WARWICKSHIRE NHS TRUST,NHS COVENTRY AND WARWICKSHIRE INTEGRATED CARE BOARD,NHS trust,77103,43342,77103,1967,56.2
2025-06-01,R0D,UNIVERSITY HOSPITALS DORSET NHS FOUNDATION TRUST,NHS DORSET INTEGRATED CARE BOARD,NHS trust,62703,39848,62703,2099,63.6
2025-06-01,RTG,UNIVERSITY HOSPITALS OF DERBY AND BURTON NHS FOUNDATION TRUST,NHS DERBY AND DERBYSHIRE INTEGRATED CARE BOARD,NHS trust,100955,58013,100955,2190,57.5
2025-06-01,RWE,UNIVERSITY HOSPITALS OF LEICESTER NHS TRUST,"NHS LEICESTER, LEICESTERSHIRE AND RUTLAND INTEGRATED CARE BOARD",NHS trust,109601,62023,109601,2605,56.6
2025-06-01,RTX,UNIVERSITY HOSPITALS OF MORECAMBE BAY NHS FOUNDATION TRUST,NHS LANCASHIRE AND SOUTH CUMBRIA INTEGRATED CARE BOARD,NHS trust,35037,23949,35037,560,68.4
2025-06-01,RJE,UNIVERSITY HOSPITALS OF NORTH MIDLANDS NHS TRUST,NHS STAFFORDSHIRE AND STOKE-ON-TRENT INTEGRATED CARE BOARD,NHS trust,64662,41435,64662,1659,64.1
2025-06-01,RK9,UNIVERSITY HOSPITALS PLYMOUTH NHS TRUST,NHS DEVON INTEGRATED CARE BOARD,NHS trust,48276,29598,48276,1720,61.3
2025-06-01,RYR,UNIVERSITY HOSPITALS SUSSEX NHS FOUNDATION TRUST,NHS SUSSEX INTEGRATED CARE BOARD,NHS trust,113130,58034,113130,5860,51.3
2025-06-01,NRF,UNIVERSITY OF SOUTHAMPTON AUDITORY IMPLANT SERVICE,NHS HAMPSHIRE AND ISLE OF WIGHT INTEGRATED CARE BOARD,Independent sector / other,180,83,180,16,46.1
2025-06-01,AQK,VERNOVA HEALTHCARE COMMUNITY INTEREST COMPANY,NHS CHESHIRE AND MERSEYSIDE INTEGRATED CARE BOARD,Independent sector / other,286,261,286,0,91.3
2025-06-01,RBK,WALSALL HEALTHCARE NHS TRUST,NHS BLACK COUNTRY INTEGRATED CARE BOARD,NHS trust,28040,20037,28040,44,71.5
2025-06-01,RWW,WARRINGTON AND HALTON TEACHING HOSPITALS NHS FOUNDATION TRUST,NHS CHESHIRE AND MERSEYSIDE INTEGRATED CARE BOARD,NHS trust,32561,18487,32561,1635,56.8
2025-06-01,RWG,WEST HERTFORDSHIRE TEACHING HOSPITALS NHS TRUST,NHS HERTFORDSHIRE AND WEST ESSEX INTEGRATED CARE BOARD,NHS trust,46919,30265,46919,859,64.5
2025-06-01,NVC21,WEST MIDLANDS HOSPITAL,NHS BLACK COUNTRY INTEGRATED CARE BOARD,Independent sector / other,834,442,834,8,53.0
2025-06-01,RGR,WEST SUFFOLK NHS FOUNDATION TRUST,NHS SUFFOLK AND NORTH EAST ESSEX INTEGRATED CARE BOARD,NHS trust,35129,20015,35129,1573,57.0
2025-06-01,RKE,WHITTINGTON HEALTH NHS TRUST,NHS NORTH CENTRAL LONDON INTEGRATED CARE BOARD,NHS trust,25323,16338,25323,349,64.5
2025-06-01,NVC22,WINFIELD HOSPITAL,NHS GLOUCESTERSHIRE INTEGRATED CARE BOARD,Independent sector / other,1595,1065,1595,2,66.8
2025-06-01,NT443,WINTERBOURNE HOSPITAL,NHS DORSET INTEGRATED CARE BOARD,Independent sector / other,286,267,286,0,93.4
2025-06-01,RBL,WIRRAL UNIVERSITY TEACHING HOSPITAL NHS FOUNDATION TRUST,NHS CHESHIRE AND MERSEYSIDE INTEGRATED CARE BOARD,NHS trust,47098,29441,47098,1311,62.5
2025-06-01,NVC23,WOODLAND HOSPITAL,NHS NORTHAMPTONSHIRE INTEGRATED CARE BOARD,Independent sector / other,4674,3210,4674,37,68.7
2025-06-01,NT457,WOODLANDS HOSPITAL,NHS NORTH EAST AND NORTH CUMBRIA INTEGRATED CARE BOARD,Independent sector / other,2053,1646,2053,0,80.2
2025-06-01,NVC40,WOODTHORPE HOSPITAL,NHS NOTTINGHAM AND NOTTINGHAMSHIRE INTEGRATED CARE BOARD,Independent sector / other,3516,2515,3516,2,71.5
2025-06-01,RWP,WORCESTERSHIRE ACUTE HOSPITALS NHS TRUST,NHS HEREFORDSHIRE AND WORCESTERSHIRE INTEGRATED CARE BOARD,NHS trust,55530,33238,55530,955,59.9
2025-06-01,RRF,"WRIGHTINGTON, WIGAN AND LEIGH TEACHING HOSPITALS NHS FOUNDATION TRUST",NHS GREATER MANCHESTER INTEGRATED CARE BOARD,NHS trust,49514,28661,49514,1832,57.9
2025-06-01,RLQ,WYE VALLEY NHS TRUST,NHS HEREFORDSHIRE AND WORCESTERSHIRE INTEGRATED CARE BOARD,NHS trust,27296,16160,27296,871,59.2
2025-06-01,RCB,YORK AND SCARBOROUGH TEACHING HOSPITALS NHS FOUNDATION TRUST,NHS HUMBER AND NORTH YORKSHIRE INTEGRATED CARE BOARD,NHS trust,53160,31569,53160,1548,59.4
2025-07-01,NPR01,ABOUT HEALTH HQ,NHS SOMERSET INTEGRATED CARE BOARD,Independent sector / other,1252,1209,1252,0,96.6
2025-07-01,RCF,AIREDALE NHS FOUNDATION TRUST,NHS WEST YORKSHIRE INTEGRATED CARE BOARD,NHS trust,14138,10102,14138,56,71.5
2025-07-01,RBS,ALDER HEY CHILDREN'S NHS FOUNDATION TRUST,NHS CHESHIRE AND MERSEYSIDE INTEGRATED CARE BOARD,NHS trust,18787,10953,18787,402,58.3
2025-07-01,NT401,ALEXANDRA HOSPITAL,NHS GREATER MANCHESTER INTEGRATED CARE BOARD,Independent sector / other,822,694,822,2,84.4
2025-07-01,NX5,ANGLIA COMMUNITY EYE SERVICE LTD,NHS CAMBRIDGESHIRE AND PETERBOROUGH INTEGRATED CARE BOARD,Independent sector / other,2244,1951,2244,1,86.9
2025-07-01,RTK,ASHFORD AND ST PETER'S HOSPITALS NHS FOUNDATION TRUST,NHS SURREY HEARTLANDS INTEGRATED CARE BOARD,NHS trust,55874,32151,55874,977,57.5
2025-07-01,NVC01,ASHTEAD HOSPITAL,NHS SURREY HEARTLANDS INTEGRATED CARE BOARD,Independent sector / other,944,761,944,1,80.6
2025-07-01,RF4,"BARKING, HAVERING AND REDBRIDGE UNIVERSITY HOSPITALS NHS TRUST",NHS NORTH EAST LONDON INTEGRATED CARE BOARD,NHS trust,57951,41236,57951,586,71.2
2025-07-01,RFF,BARNSLEY HOSPITAL NHS FOUNDATION TRUST,NHS SOUTH YORKSHIRE INTEGRATED CARE BOARD,NHS trust,25973,17868,25973,166,68.8
2025-07-01,R1H,BARTS HEALTH NHS TRUST,NHS NORTH EAST LONDON INTEGRATED CARE BOARD,NHS trust,134461,76751,134461,4680,57.1
2025-07-01,NT402,BATH CLINIC,"NHS BATH AND NORTH EAST SOMERSET, SWINDON AND WILTSHIRE INTEGRATED CARE BOARD",Independent sector / other,740,585,740,0,79.1
2025-07-01,NRP,BEACON MEDICAL SERVICES GROUP LIMITED,NHS GREATER MANCHESTER INTEGRATED CARE BOARD,Independent sector / other,849,826,849,0,97.3
2025-07-01,NVC0I,BEACON PARK HOSPITAL,NHS STAFFORDSHIRE AND STOKE-ON-TRENT INTEGRATED CARE BOARD,Independent sector / other,944,786,944,0,83.3
2025-07-01,NT403,BEARDWOOD HOSPITAL,NHS LANCASHIRE AND SOUTH CUMBRIA INTEGRATED CARE BOARD,Independent sector / other,2372,1958,2372,1,82.5
2025-07-01,NT404,BEAUMONT HOSPITAL,NHS GREATER MANCHESTER INTEGRATED CARE BOARD,Independent sector / other,3032,2030,3032,12,67.0
2025-07-01,RC9,BEDFORDSHIRE HOSPITALS NHS FOUNDATION TRUST,"NHS BEDFORDSHIRE, LUTON AND MILTON KEYNES INTEGRATED CARE BOARD",NHS trust,88008,51870,88008,2150,58.9
2025-07-01,NWF01,BENENDEN HOSPITAL,NHS KENT AND MEDWAY INTEGRATED CARE BOARD,Independent sector / other,1477,1158,1477,16,78.4
2025-07-01,RWX,BERKSHIRE HEALTHCARE NHS FOUNDATION TRUST,NHS FRIMLEY INTEGRATED CARE BOARD,NHS trust,82,82,82,0,100.0
2025-07-01,RYW,BIRMINGHAM COMMUNITY HEALTHCARE NHS FOUNDATION TRUST,NHS BIRMINGHAM AND SOLIHULL INTEGRATED CARE BOARD,NHS trust,15664,10642,15664,57,67.9
2025-07-01,RQ3,BIRMINGHAM WOMEN'S AND CHILDREN'S NHS FOUNDATION TRUST,NHS BIRMINGHAM AND SOLIHULL INTEGRATED CARE BOARD,NHS trust,26376,15029,26376,267,57.0
2025-07-01,NT405,BISHOPS WOOD HOSPITAL,NHS NORTH WEST LONDON INTEGRATED CARE BOARD,Independent sector / other,551,445,551,0,80.8
2025-07-01,NT406,BLACKHEATH HOSPITAL,NHS SOUTH EAST LONDON INTEGRATED CARE BOARD,Independent sector / other,1505,1099,1505,57,73.0
2025-07-01,RXL,BLACKPOOL TEACHING HOSPITALS NHS FOUNDATION TRUST,NHS LANCASHIRE AND SOUTH CUMBRIA INTEGRATED CARE BOARD,NHS trust,40522,22807,40522,1905,56.3
2025-07-01,NVC31,BLAKELANDS HOSPITAL,"NHS BEDFORDSHIRE, LUTON AND MILTON KEYNES INTEGRATED CARE BOARD",Independent sector / other,2244,1615,2244,7,72.0
2025-07-01,RMC,BOLTON NHS FOUNDATION TRUST,NHS GREATER MANCHESTER INTEGRATED CARE BOARD,NHS trust,37565,21483,37565,1230,57.2
2025-07-01,R5J3Z,BORDER HEALTH ALLIANCE LIMITED,NHS HEREFORDSHIRE AND WORCESTERSHIRE INTEGRATED CARE BOARD,Independent sector / other,449,399,449,0,88.9
2025-07-01,NVC27,BOSTON WEST HOSPITAL,NHS LINCOLNSHIRE INTEGRATED CARE BOARD,Independent sector / other,1749,1215,1749,10,69.5
2025-07-01,TAD,BRADFORD DISTRICT CARE NHS FOUNDATION TRUST,NHS WEST YORKSHIRE INTEGRATED CARE BOARD,NHS trust,571,385,571,4,67.4
2025-07-01,RAE,BRADFORD TEACHING HOSPITALS NHS FOUNDATION TRUST,NHS WEST YORKSHIRE INTEGRATED CARE BOARD,NHS trust,33149,21960,33149,193,66.2
2025-07-01,RXQ,BUCKINGHAMSHIRE HEALTHCARE NHS TRUST,"NHS BUCKINGHAMSHIRE, OXFORDSHIRE AND BERKSHIRE WEST INTEGRATED CARE BOARD",NHS trust,50836,29522,50836,1352,58.1
2025-07-01,A4M8P,BUCKSHAW HOSPITAL,NHS LANCASHIRE AND SOUTH CUMBRIA INTEGRATED CARE BOARD,Independent sector / other,3316,2238,3316,70,67.5
2025-07-01,RWY,CALDERDALE AND HUDDERSFIELD NHS FOUNDATION TRUST,NHS WEST YORKSHIRE INTEGRATED CARE BOARD,NHS trust,36728,25163,36728,54,68.5
2025-07-01,RGT,CAMBRIDGE UNIVERSITY HOSPITALS NHS FOUNDATION TRUST,NHS CAMBRIDGESHIRE AND PETERBOROUGH INTEGRATED CARE BOARD,NHS trust,66901,39132,66901,2691,58.5
2025-07-01,RT1,CAMBRIDGESHIRE AND PETERBOROUGH NHS FOUNDATION TRUST,NHS CAMBRIDGESHIRE AND PETERBOROUGH INTEGRATED CARE BOARD,NHS trust,336,161,336,66,47.9
2025-07-01,NL3,CARE PLUS GROUP,NHS HUMBER AND NORTH YORKSHIRE INTEGRATED CARE BOARD,Independent sector / other,222,213,222,0,95.9
2025-07-01,NT451,CAVELL HOSPITAL,NHS NORTH CENTRAL LONDON INTEGRATED CARE BOARD,Independent sector / other,1330,1066,1330,3,80.2
2025-07-01,NT408,CHAUCER HOSPITAL,NHS KENT AND MEDWAY INTEGRATED CARE BOARD,Independent sector / other,805,665,805,0,82.6
2025-07-01,RQM,CHELSEA AND WESTMINSTER HOSPITAL NHS FOUNDATION TRUST,NHS NORTH WEST LONDON INTEGRATED CARE BOARD,NHS trust,69487,41030,69487,1237,59.0
2025-07-01,NT409,CHELSFIELD PARK HOSPITAL,NHS SOUTH EAST LONDON INTEGRATED CARE BOARD,Independent sector / other,764,622,764,4,81.4
2025-07-01,RFS,CHESTERFIELD ROYAL HOSPITAL NHS FOUNDATION TRUST,NHS DERBY AND DERBYSHIRE INTEGRATED CARE BOARD,NHS trust,31828,18806,31828,1000,59.1
2025-07-01,NT410,CHILTERN HOSPITAL,"NHS BUCKINGHAMSHIRE, OXFORDSHIRE AND BERKSHIRE WEST INTEGRATED CARE BOARD",Independent sector / other,451,358,451,0,79.4
2025-07-01,F9Z4V,CIRCLE READING HOSPITAL,"NHS BUCKINGHAMSHIRE, OXFORDSHIRE AND BERKSHIRE WEST INTEGRATED CARE BOARD",Independent sector / other,1712,1346,1712,1,78.6
2025-07-01,B3M1X,CLAREMONT PRIVATE HOSPITAL,NHS SOUTH YORKSHIRE INTEGRATED CARE BOARD,Independent sector / other,2079,1496,2079,12,72.0
2025-07-01,NT411,CLEMENTINE CHURCHILL HOSPITAL,NHS NORTH WEST LONDON INTEGRATED CARE BOARD,Independent sector / other,1965,1957,1965,2,99.6
2025-07-01,NVC28,CLIFTON PARK HOSPITAL,NHS HUMBER AND NORTH YORKSHIRE INTEGRATED CARE BOARD,Independent sector / other,1677,1083,1677,6,64.6
2025-07-01,NVC29,COBALT HOSPITAL,NHS NORTH EAST AND NORTH CUMBRIA INTEGRATED CARE BOARD,Independent sector / other,1623,1200,1623,21,73.9
2025-07-01,NLG,COMMUNITAS CLINICS,NHS SOUTH WEST LONDON INTEGRATED CARE BOARD,Independent sector / other,12836,6716,12836,343,52.3
2025-07-01,AAV,COMMUNITY HEALTH AND EYECARE LIMITED,NHS LANCASHIRE AND SOUTH CUMBRIA INTEGRATED CARE BOARD,Independent sector / other,3481,3426,3481,0,98.4
2025-07-01,NMG,CORA HEALTH MSK (FORMERLY CONNECT HEALTH LTD),NHS NORTH EAST AND NORTH CUMBRIA INTEGRATED CARE BOARD,Independent sector / other,16761,15363,16761,12,91.7
2025-07-01,RJ8,CORNWALL PARTNERSHIP NHS FOUNDATION TRUST,NHS CORNWALL AND THE ISLES OF SCILLY INTEGRATED CARE BOARD,NHS trust,429,428,429,0,99.8
2025-07-01,DFY01,COTSWOLDS SURGICAL PARTNERS,"NHS BATH AND NORTH EAST SOMERSET, SWINDON AND WILTSHIRE INTEGRATED CARE BOARD",Independent sector / other,184,183,184,0,99.5
2025-07-01,RJR,COUNTESS OF CHESTER HOSPITAL NHS FOUNDATION TRUST,NHS CHESHIRE AND MERSEYSIDE INTEGRATED CARE BOARD,NHS trust,38536,19535,38536,3267,50.7
2025-07-01,RXP,COUNTY DURHAM AND DARLINGTON NHS FOUNDATION TRUST,NHS NORTH EAST AND NORTH CUMBRIA INTEGRATED CARE BOARD,NHS trust,40683,27844,40683,394,68.4
2025-07-01,RJ6,CROYDON HEALTH SERVICES NHS TRUST,NHS SOUTH WEST LONDON INTEGRATED CARE BOARD,NHS trust,37031,25117,37031,866,67.8
2025-07-01,RX4,"CUMBRIA, NORTHUMBERLAND, TYNE AND WEAR NHS FOUNDATION TRUST",NHS NORTH EAST AND NORTH CUMBRIA INTEGRATED CARE BOARD,NHS trust,161,160,161,0,99.4
2025-07-01,RN7,DARTFORD AND GRAVESHAM NHS TRUST,NHS KENT AND MEDWAY INTEGRATED CARE BOARD,NHS trust,32866,19759,32866,1058,60.1
2025-07-01,NVL,DMC DERMATOLOGY,NHS GREATER MANCHESTER INTEGRATED CARE BOARD,Independent sector / other,234,234,234,0,100.0
2025-07-01,NCN,DMC HEALTHCARE,NHS SOUTH EAST LONDON INTEGRATED CARE BOARD,Independent sector / other,1601,1597,1601,0,99.8
2025-07-01,RP5,DONCASTER AND BASSETLAW TEACHING HOSPITALS NHS FOUNDATION TRUST,NHS SOUTH YORKSHIRE INTEGRATED CARE BOARD,NHS trust,57001,34943,57001,1743,61.3
2025-07-01,NNE,DORKING HEALTHCARE LIMITED (DHC),NHS SURREY HEARTLANDS INTEGRATED CARE BOARD,Independent sector / other,6213,5356,6213,0,86.2
2025-07-01,RBD,DORSET COUNTY HOSPITAL NHS FOUNDATION TRUST,NHS DORSET INTEGRATED CARE BOARD,NHS trust,22406,13303,22406,368,59.4
2025-07-01,NT412,DROITWICH SPA HOSPITAL,NHS HEREFORDSHIRE AND WORCESTERSHIRE INTEGRATED CARE BOARD,Independent sector / other,1690,1279,1690,0,75.7
2025-07-01,NT447,DUCHY HOSPITAL,NHS HUMBER AND NORTH YORKSHIRE INTEGRATED CARE BOARD,Independent sector / other,433,301,433,0,69.5
2025-07-01,NVC04,DUCHY HOSPITAL,NHS CORNWALL AND THE ISLES OF SCILLY INTEGRATED CARE BOARD,Independent sector / other,1955,987,1955,8,50.5
2025-07-01,RWH,EAST AND NORTH HERTFORDSHIRE TEACHING NHS TRUST,NHS HERTFORDSHIRE AND WEST ESSEX INTEGRATED CARE BOARD,NHS trust,51806,32281,51806,746,62.3
2025-07-01,RJN,EAST CHESHIRE NHS TRUST,NHS CHESHIRE AND MERSEYSIDE INTEGRATED CARE BOARD,NHS trust,16979,10142,16979,383,59.7
2025-07-01,RVV,EAST KENT HOSPITALS UNIVERSITY NHS FOUNDATION TRUST,NHS KENT AND MEDWAY INTEGRATED CARE BOARD,NHS trust,80002,43910,80002,2087,54.9
2025-07-01,RXR,EAST LANCASHIRE HOSPITALS NHS TRUST,NHS LANCASHIRE AND SOUTH CUMBRIA INTEGRATED CARE BOARD,NHS trust,57371,35093,57371,2100,61.2
2025-07-01,RDE,EAST SUFFOLK AND NORTH ESSEX NHS FOUNDATION TRUST,NHS SUFFOLK AND NORTH EAST ESSEX INTEGRATED CARE BOARD,NHS trust,92240,52556,92240,2922,57.0
2025-07-01,RXC,EAST SUSSEX HEALTHCARE NHS TRUST,NHS SUSSEX INTEGRATED CARE BOARD,NHS trust,62190,39549,62190,861,63.6
2025-07-01,NT445,EDGBASTON HOSPITAL,NHS BIRMINGHAM AND SOLIHULL INTEGRATED CARE BOARD,Independent sector / other,1,1,1,0,100.0
2025-07-01,M9U8M,ENDOCARE DIAGNOSTICS LTD,NHS GREATER MANCHESTER INTEGRATED CARE BOARD,Independent sector / other,120,120,120,0,100.0
2025-07-01,RVR,EPSOM AND ST HELIER UNIVERSITY HOSPITALS NHS TRUST,NHS SOUTH WEST LONDON INTEGRATED CARE BOARD,NHS trust,58191,37578,58191,1039,64.6
2025-07-01,NVM,EPSOMEDICAL GROUP,NHS SURREY HEARTLANDS INTEGRATED CARE BOARD,Independent sector / other,2612,2321,2612,8,88.9
2025-07-01,NVC05,EUXTON HALL HOSPITAL,NHS LANCASHIRE AND SOUTH CUMBRIA INTEGRATED CARE BOARD,Independent sector / other,3221,2158,3221,33,67.0
2025-07-01,NVC0Y,EXETER MEDICAL,NHS DEVON INTEGRATED CARE BOARD,Independent sector / other,297,187,297,0,63.0
2025-07-01,ACM,EYE CARE MEDICAL LTD,NHS CHESHIRE AND MERSEYSIDE INTEGRATED CARE BOARD,Independent sector / other,8,8,8,0,100.0
2025-07-01,Y9S1N,FAIRFIELD INDEPENDENT HOSPITAL,NHS CHESHIRE AND MERSEYSIDE INTEGRATED CARE BOARD,Independent sector / other,2242,1573,2242,7,70.2
2025-07-01,NDJ,FIRST COMMUNITY HEALTH AND CARE CIC,NHS SURREY HEARTLANDS INTEGRATED CARE BOARD,Independent sector / other,750,736,750,0,98.1
2025-07-01,NVC06,FITZWILLIAM HOSPITAL,NHS CAMBRIDGESHIRE AND PETERBOROUGH INTEGRATED CARE BOARD,Independent sector / other,6089,3662,6089,28,60.1
2025-07-01,RDU,FRIMLEY HEALTH NHS FOUNDATION TRUST,NHS FRIMLEY INTEGRATED CARE BOARD,NHS trust,71588,39515,71588,2026,55.2
2025-07-01,NVC07,FULWOOD HALL HOSPITAL,NHS LANCASHIRE AND SOUTH CUMBRIA INTEGRATED CARE BOARD,Independent sector / other,5780,4010,5780,49,69.4
2025-07-01,RR7,GATESHEAD HEALTH NHS FOUNDATION TRUST,NHS NORTH EAST AND NORTH CUMBRIA INTEGRATED CARE BOARD,NHS trust,13345,9159,13345,35,68.6
2025-07-01,RLT,GEORGE ELIOT HOSPITAL NHS TRUST,NHS COVENTRY AND WARWICKSHIRE INTEGRATED CARE BOARD,NHS trust,20525,12775,20525,371,62.2
2025-07-01,K8I4X,GLENDON WOOD HOSPITAL,NHS NORTHAMPTONSHIRE INTEGRATED CARE BOARD,Independent sector / other,1244,1020,1244,4,82.0
2025-07-01,RTE,GLOUCESTERSHIRE HOSPITALS NHS FOUNDATION TRUST,NHS GLOUCESTERSHIRE INTEGRATED CARE BOARD,NHS trust,59701,40557,59701,40,67.9
2025-07-01,NT417,GORING HALL HOSPITAL,NHS SUSSEX INTEGRATED CARE BOARD,Independent sector / other,1025,560,1025,20,54.6
2025-07-01,NWV01,GP CARE UK,"NHS BRISTOL, NORTH SOMERSET AND SOUTH GLOUCESTERSHIRE INTEGRATED CARE BOARD",Independent sector / other,530,530,530,0,100.0
2025-07-01,RP4,GREAT ORMOND STREET HOSPITAL FOR CHILDREN NHS FOUNDATION TRUST,NHS NORTH CENTRAL LONDON INTEGRATED CARE BOARD,NHS trust,8080,5704,8080,248,70.6
2025-07-01,RN3,GREAT WESTERN HOSPITALS NHS FOUNDATION TRUST,"NHS BATH AND NORTH EAST SOMERSET, SWINDON AND WILTSHIRE INTEGRATED CARE BOARD",NHS trust,39242,24024,39242,707,61.2
2025-07-01,RJ1,GUY'S AND ST THOMAS' NHS FOUNDATION TRUST,NHS SOUTH EAST LONDON INTEGRATED CARE BOARD,NHS trust,112849,73115,112849,2664,64.8
2025-07-01,RW1,HAMPSHIRE AND ISLE OF WIGHT HEALTHCARE NHS FOUNDATION TRUST,NHS HAMPSHIRE AND ISLE OF WIGHT INTEGRATED CARE BOARD,NHS trust,4058,3758,4058,0,92.6
2025-07-01,NT418,HAMPSHIRE CLINIC,NHS HAMPSHIRE AND ISLE OF WIGHT INTEGRATED CARE BOARD,Independent sector / other,252,192,252,3,76.2
2025-07-01,RN5,HAMPSHIRE HOSPITALS NHS FOUNDATION TRUST,NHS HAMPSHIRE AND ISLE OF WIGHT INTEGRATED CARE BOARD,NHS trust,50593,29702,50593,1902,58.7
2025-07-01,NT419,HARBOUR HOSPITAL,NHS DORSET INTEGRATED CARE BOARD,Independent sector / other,146,104,146,0,71.2
2025-07-01,RCD,HARROGATE AND DISTRICT NHS FOUNDATION TRUST,NHS HUMBER AND NORTH YORKSHIRE INTEGRATED CARE BOARD,NHS trust,19943,14333,19943,5,71.9
2025-07-01,S5E5Y,HCRG CARE DERMATOLOGY THE IRONSTONE CENTRE,NHS HUMBER AND NORTH YORKSHIRE INTEGRATED CARE BOARD,Independent sector / other,3913,1082,3913,546,27.7
2025-07-01,NYR,HEALTHSHARE DIAGNOSTICS,NHS KENT AND MEDWAY INTEGRATED CARE BOARD,Independent sector / other,2571,1506,2571,51,58.6
2025-07-01,NRL,HEART NETWORKS,NHS GREATER MANCHESTER INTEGRATED CARE BOARD,Independent sector / other,391,391,391,0,100.0
2025-07-01,NT416,HENDON HOSPITAL,NHS NORTH CENTRAL LONDON INTEGRATED CARE BOARD,Independent sector / other,1043,794,1043,4,76.1
2025-07-01,R1A,HEREFORDSHIRE AND WORCESTERSHIRE HEALTH AND CARE NHS TRUST,NHS HEREFORDSHIRE AND WORCESTERSHIRE INTEGRATED CARE BOARD,NHS trust,103,97,103,0,94.2
2025-07-01,NT420,HIGHFIELD HOSPITAL,NHS GREATER MANCHESTER INTEGRATED CARE BOARD,Independent sector / other,993,857,993,1,86.3
2025-07-01,RQX,HOMERTON HEALTHCARE NHS FOUNDATION TRUST,NHS NORTH EAST LONDON INTEGRATED CARE BOARD,NHS trust,35456,23065,35456,395,65.1
2025-07-01,NT448,HUDDERSFIELD PRIVATE HOSPITAL,NHS WEST YORKSHIRE INTEGRATED CARE BOARD,Independent sector / other,789,748,789,0,94.8
2025-07-01,RWA,HULL UNIVERSITY TEACHING HOSPITALS NHS TRUST,NHS HUMBER AND NORTH YORKSHIRE INTEGRATED CARE BOARD,NHS trust,79782,46192,79782,2954,57.9
2025-07-01,RYJ,IMPERIAL COLLEGE HEALTHCARE NHS TRUST,NHS NORTH WEST LONDON INTEGRATED CARE BOARD,NHS trust,90019,55348,90019,1472,61.5
2025-07-01,NXP,INDEPENDENT HEALTH GROUP,"NHS BATH AND NORTH EAST SOMERSET, SWINDON AND WILTSHIRE INTEGRATED CARE BOARD",Independent sector / other,1224,1196,1224,0,97.7
2025-07-01,NV1,INHEALTH LIMITED,"NHS BUCKINGHAMSHIRE, OXFORDSHIRE AND BERKSHIRE WEST INTEGRATED CARE BOARD",Independent sector / other,1840,1397,1840,0,75.9
2025-07-01,NCR,ISIGHT,NHS CHESHIRE AND MERSEYSIDE INTEGRATED CARE BOARD,Independent sector / other,1018,963,1018,0,94.6
2025-07-01,R1F,ISLE OF WIGHT NHS TRUST,NHS HAMPSHIRE AND ISLE OF WIGHT INTEGRATED CARE BOARD,NHS trust,13760,8693,13760,93,63.2
2025-07-01,RGP,JAMES PAGET UNIVERSITY HOSPITALS NHS FOUNDATION TRUST,NHS NORFOLK AND WAVENEY INTEGRATED CARE BOARD,NHS trust,35167,18494,35167,1754,52.6
2025-07-01,RYY,KENT COMMUNITY HEALTH NHS FOUNDATION TRUST,NHS KENT AND MEDWAY INTEGRATED CARE BOARD,NHS trust,3193,3191,3193,0,99.9
2025-07-01,RNQ,KETTERING GENERAL HOSPITAL NHS FOUNDATION TRUST,NHS NORTHAMPTONSHIRE INTEGRATED CARE BOARD,NHS trust,25827,16307,25827,253,63.1
2025-07-01,ADP02,KIMS HOSPITAL (NEWNHAM COURT),NHS KENT AND MEDWAY INTEGRATED CARE BOARD,Independent sector / other,1305,1223,1305,2,93.7
2025-07-01,RJZ,KING'S COLLEGE HOSPITAL NHS FOUNDATION TRUST,NHS SOUTH EAST LONDON INTEGRATED CARE BOARD,NHS trust,81693,49593,81693,1964,60.7
2025-07-01,NT421,KINGS OAK HOSPITAL,NHS NORTH CENTRAL LONDON INTEGRATED CARE BOARD,Independent sector / other,938,744,938,0,79.3
2025-07-01,RAX,KINGSTON AND RICHMOND NHS FOUNDATION TRUST,NHS SOUTH WEST LONDON INTEGRATED CARE BOARD,NHS trust,42645,27807,42645,238,65.2
2025-07-01,RW5,LANCASHIRE & SOUTH CUMBRIA NHS FOUNDATION TRUST,NHS LANCASHIRE AND SOUTH CUMBRIA INTEGRATED CARE BOARD,NHS trust,2356,2174,2356,0,92.3
2025-07-01,RXN,LANCASHIRE TEACHING HOSPITALS NHS FOUNDATION TRUST,NHS LANCASHIRE AND SOUTH CUMBRIA INTEGRATED CARE BOARD,NHS trust,64579,35212,64579,2035,54.5
2025-07-01,NLE01,LANCASTER HOUSE CONSULTING DIAGNOSTICS SURGICAL LTD HQ,NHS GREATER MANCHESTER INTEGRATED CARE BOARD,Independent sector / other,344,332,344,0,96.5
2025-07-01,NT449,LANCASTER PRIVATE HOSPITAL,NHS LANCASHIRE AND SOUTH CUMBRIA INTEGRATED CARE BOARD,Independent sector / other,421,334,421,0,79.3
2025-07-01,RR8,LEEDS TEACHING HOSPITALS NHS TRUST,NHS WEST YORKSHIRE INTEGRATED CARE BOARD,NHS trust,88146,58290,88146,2316,66.1
2025-07-01,RJ2,LEWISHAM AND GREENWICH NHS TRUST,NHS SOUTH EAST LONDON INTEGRATED CARE BOARD,NHS trust,55560,33587,55560,1990,60.5
2025-07-01,NT450,LINCOLN PRIVATE HOSPITAL,NHS LINCOLNSHIRE INTEGRATED CARE BOARD,Independent sector / other,1278,898,1278,7,70.3
2025-07-01,RP7,LINCOLNSHIRE PARTNERSHIP NHS FOUNDATION TRUST,NHS LINCOLNSHIRE INTEGRATED CARE BOARD,NHS trust,49,48,49,0,98.0
2025-07-01,RBQ,LIVERPOOL HEART AND CHEST HOSPITAL NHS FOUNDATION TRUST,NHS CHESHIRE AND MERSEYSIDE INTEGRATED CARE BOARD,NHS trust,5732,4168,5732,52,72.7
2025-07-01,REM,LIVERPOOL UNIVERSITY HOSPITALS NHS FOUNDATION TRUST,NHS CHESHIRE AND MERSEYSIDE INTEGRATED CARE BOARD,NHS trust,66837,37384,66837,2525,55.9
2025-07-01,REP,LIVERPOOL WOMEN'S NHS FOUNDATION TRUST,NHS CHESHIRE AND MERSEYSIDE INTEGRATED CARE BOARD,NHS trust,16654,7722,16654,995,46.4
2025-07-01,NR5,LIVEWELL SOUTHWEST,NHS DEVON INTEGRATED CARE BOARD,Independent sector / other,75,71,75,0,94.7
2025-07-01,NL8,LOCALA COMMUNITY PARTNERSHIPS CIC,NHS WEST YORKSHIRE INTEGRATED CARE BOARD,Independent sector / other,1091,1055,1091,0,96.7
2025-07-01,NT422,LONDON INDEPENDENT HOSPITAL,NHS NORTH EAST LONDON INTEGRATED CARE BOARD,Independent sector / other,3819,2448,3819,169,64.1
2025-07-01,R1K,LONDON NORTH WEST UNIVERSITY HEALTHCARE NHS TRUST,NHS NORTH WEST LONDON INTEGRATED CARE BOARD,NHS trust,86818,50379,86818,2080,58.0
2025-07-01,RWF,MAIDSTONE AND TUNBRIDGE WELLS NHS TRUST,NHS KENT AND MEDWAY INTEGRATED CARE BOARD,NHS trust,48311,34027,48311,3,70.4
2025-07-01,NN5,MANCHESTER SURGICAL SERVICES LTD,NHS GREATER MANCHESTER INTEGRATED CARE BOARD,Independent sector / other,359,305,359,0,85.0
2025-07-01,R0A,MANCHESTER UNIVERSITY NHS FOUNDATION TRUST,NHS GREATER MANCHESTER INTEGRATED CARE BOARD,NHS trust,189038,100713,189038,7188,53.3
2025-07-01,NT423,MANOR HOSPITAL,"NHS BEDFORDSHIRE, LUTON AND MILTON KEYNES INTEGRATED CARE BOARD",Independent sector / other,860,479,860,6,55.7
2025-07-01,AY1,MEDEFER,NHS NORTH CENTRAL LONDON INTEGRATED CARE BOARD,Independent sector / other,389,319,389,2,82.0
2025-07-01,RPA,MEDWAY NHS FOUNDATION TRUST,NHS KENT AND MEDWAY INTEGRATED CARE BOARD,NHS trust,39335,21126,39335,1756,53.7
2025-07-01,NT424,MERIDEN HOSPITAL,NHS COVENTRY AND WARWICKSHIRE INTEGRATED CARE BOARD,Independent sector / other,1812,1561,1812,1,86.1
2025-07-01,RBN,MERSEY AND WEST LANCASHIRE TEACHING HOSPITALS NHS TRUST,NHS CHESHIRE AND MERSEYSIDE INTEGRATED CARE BOARD,NHS trust,76418,48530,76418,2043,63.5
2025-07-01,RW4,MERSEY CARE NHS FOUNDATION TRUST,NHS CHESHIRE AND MERSEYSIDE INTEGRATED CARE BOARD,NHS trust,41,41,41,0,100.0
2025-07-01,RAJ,MID AND SOUTH ESSEX NHS FOUNDATION TRUST,NHS MID AND SOUTH ESSEX INTEGRATED CARE BOARD,NHS trust,173813,86388,173813,12568,49.7
2025-07-01,RBT,MID CHESHIRE HOSPITALS NHS FOUNDATION TRUST,NHS CHESHIRE AND MERSEYSIDE INTEGRATED CARE BOARD,NHS trust,42122,22816,42122,2053,54.2
2025-07-01,RXF,MID YORKSHIRE TEACHING NHS TRUST,NHS WEST YORKSHIRE INTEGRATED CARE BOARD,NHS trust,57215,35507,57215,299,62.1
2025-07-01,S4E3I,MIDLAND EYE (EYE-DOCS LTD),NHS BIRMINGHAM AND SOLIHULL INTEGRATED CARE BOARD,Independent sector / other,507,477,507,0,94.1
2025-07-01,RRE,MIDLANDS PARTNERSHIP UNIVERSITY NHS FOUNDATION TRUST,NHS STAFFORDSHIRE AND STOKE-ON-TRENT INTEGRATED CARE BOARD,NHS trust,7132,6897,7132,3,96.7
2025-07-01,RD8,MILTON KEYNES UNIVERSITY HOSPITAL NHS FOUNDATION TRUST,"NHS BEDFORDSHIRE, LUTON AND MILTON KEYNES INTEGRATED CARE BOARD",NHS trust,34707,17356,34707,1955,50.0
2025-07-01,RP6,MOORFIELDS EYE HOSPITAL NHS FOUNDATION TRUST,NHS NORTH CENTRAL LONDON INTEGRATED CARE BOARD,NHS trust,35096,28663,35096,16,81.7
2025-07-01,NT455,MOUNT ALVERNIA HOSPITAL,NHS SURREY HEARTLANDS INTEGRATED CARE BOARD,Independent sector / other,260,204,260,0,78.5
2025-07-01,NVC08,MOUNT STUART HOSPITAL,NHS DEVON INTEGRATED CARE BOARD,Independent sector / other,1963,1205,1963,46,61.4
2025-07-01,NVC09,NEW HALL HOSPITAL,"NHS BATH AND NORTH EAST SOMERSET, SWINDON AND WILTSHIRE INTEGRATED CARE BOARD",Independent sector / other,3419,2306,3419,51,67.4
2025-07-01,R7W2O,NEWCASTLE NEWMEDICA LTD,NHS NORTH EAST AND NORTH CUMBRIA INTEGRATED CARE BOARD,Independent sector / other,598,596,598,0,99.7
2025-07-01,N8R1N,NEWMEDICA - BERKSHIRE,NHS FRIMLEY INTEGRATED CARE BOARD,Independent sector / other,715,622,715,0,87.0
2025-07-01,C5Y9L,NEWMEDICA - BERKSHIRE - BRACKNELL,NHS FRIMLEY INTEGRATED CARE BOARD,Independent sector / other,45,38,45,0,84.4
2025-07-01,S1Z4X,NEWMEDICA - BIRMINGHAM,NHS BIRMINGHAM AND SOLIHULL INTEGRATED CARE BOARD,Independent sector / other,712,686,712,0,96.3
2025-07-01,C9A7J,NEWMEDICA - BRADFORD & HUDDERSFIELD,NHS WEST YORKSHIRE INTEGRATED CARE BOARD,Independent sector / other,239,233,239,0,97.5
2025-07-01,ACG22,NEWMEDICA - BRIGG - RIVERSIDE SURGERY,NHS HUMBER AND NORTH YORKSHIRE INTEGRATED CARE BOARD,Independent sector / other,902,772,902,0,85.6
2025-07-01,ACG20,NEWMEDICA - BRISTOL - LITFIELD HOUSE,"NHS BRISTOL, NORTH SOMERSET AND SOUTH GLOUCESTERSHIRE INTEGRATED CARE BOARD",Independent sector / other,293,287,293,0,98.0
2025-07-01,H2K1G,NEWMEDICA - BROMSGROVE,NHS HEREFORDSHIRE AND WORCESTERSHIRE INTEGRATED CARE BOARD,Independent sector / other,309,298,309,0,96.4
2025-07-01,Q1S8W,NEWMEDICA - BURY ST EDMUNDS,NHS SUFFOLK AND NORTH EAST ESSEX INTEGRATED CARE BOARD,Independent sector / other,1,1,1,0,100.0
2025-07-01,F1Y1H,NEWMEDICA - CHESHIRE OAKS,NHS CHESHIRE AND MERSEYSIDE INTEGRATED CARE BOARD,Independent sector / other,221,205,221,0,92.8
2025-07-01,F0R0W,NEWMEDICA - DARLINGTON,NHS NORTH EAST AND NORTH CUMBRIA INTEGRATED CARE BOARD,Independent sector / other,28,28,28,0,100.0
2025-07-01,ACG36,NEWMEDICA - EXETER - GLEN HOUSE,NHS DEVON INTEGRATED CARE BOARD,Independent sector / other,205,195,205,0,95.1
2025-07-01,ACG13,NEWMEDICA - GLOUCESTER (ASPEN MEDICAL CENTRE),NHS GLOUCESTERSHIRE INTEGRATED CARE BOARD,Independent sector / other,290,259,290,0,89.3
2025-07-01,L0D9W,NEWMEDICA - GLOUCESTER (BRIGHOUSE COURT),NHS GLOUCESTERSHIRE INTEGRATED CARE BOARD,Independent sector / other,885,827,885,0,93.4
2025-07-01,L4R3R,NEWMEDICA - HAMPSHIRE,NHS HAMPSHIRE AND ISLE OF WIGHT INTEGRATED CARE BOARD,Independent sector / other,1457,1383,1457,1,94.9
2025-07-01,Z1E5F,NEWMEDICA - HARROGATE,NHS HUMBER AND NORTH YORKSHIRE INTEGRATED CARE BOARD,Independent sector / other,158,153,158,0,96.8
2025-07-01,F7F6D,NEWMEDICA - HERTFORSHIRE - WELWYN GARDEN CITY,NHS HERTFORDSHIRE AND WEST ESSEX INTEGRATED CARE BOARD,Independent sector / other,251,246,251,0,98.0
2025-07-01,ACG37,NEWMEDICA - IPSWICH,NHS SUFFOLK AND NORTH EAST ESSEX INTEGRATED CARE BOARD,Independent sector / other,711,705,711,0,99.2
2025-07-01,ACG38,NEWMEDICA - LANGFORD,"NHS BRISTOL, NORTH SOMERSET AND SOUTH GLOUCESTERSHIRE INTEGRATED CARE BOARD",Independent sector / other,339,304,339,0,89.7
2025-07-01,N6Z0R,NEWMEDICA - LINCOLN,NHS LINCOLNSHIRE INTEGRATED CARE BOARD,Independent sector / other,44,40,44,0,90.9
2025-07-01,Z2L9B,NEWMEDICA - MANCHESTER WEST,NHS GREATER MANCHESTER INTEGRATED CARE BOARD,Independent sector / other,380,318,380,0,83.7
2025-07-01,ACG26,NEWMEDICA - NORTH DERBYSHIRE - MIDLAND COURT,NHS DERBY AND DERBYSHIRE INTEGRATED CARE BOARD,Independent sector / other,956,900,956,0,94.1
2025-07-01,M4C5R,NEWMEDICA - NORTHAMPTON,NHS NORTHAMPTONSHIRE INTEGRATED CARE BOARD,Independent sector / other,616,607,616,0,98.5
2025-07-01,B5M7B,NEWMEDICA - NORWICH,NHS NORFOLK AND WAVENEY INTEGRATED CARE BOARD,Independent sector / other,1010,980,1010,0,97.0
2025-07-01,B1A5K,NEWMEDICA - NOTTINGHAM,NHS NOTTINGHAM AND NOTTINGHAMSHIRE INTEGRATED CARE BOARD,Independent sector / other,690,627,690,1,90.9
2025-07-01,J3J8Z,NEWMEDICA - OXFORDSHIRE,"NHS BUCKINGHAMSHIRE, OXFORDSHIRE AND BERKSHIRE WEST INTEGRATED CARE BOARD",Independent sector / other,497,481,497,0,96.8
2025-07-01,P5Y6K,NEWMEDICA - SHREWSBURY,"NHS SHROPSHIRE, TELFORD AND WREKIN INTEGRATED CARE BOARD",Independent sector / other,170,168,170,0,98.8
2025-07-01,ACG39,NEWMEDICA - SWINDON,"NHS BATH AND NORTH EAST SOMERSET, SWINDON AND WILTSHIRE INTEGRATED CARE BOARD",Independent sector / other,131,116,131,0,88.5
2025-07-01,ACG24,NEWMEDICA - TEESSIDE - NORTH ORMESBY,NHS NORTH EAST AND NORTH CUMBRIA INTEGRATED CARE BOARD,Independent sector / other,889,885,889,0,99.6
2025-07-01,ACG40,NEWMEDICA - WAKEFIELD,NHS WEST YORKSHIRE INTEGRATED CARE BOARD,Independent sector / other,562,543,562,0,96.6
2025-07-01,ACG31,NEWMEDICA - WORCESTER,NHS HEREFORDSHIRE AND WORCESTERSHIRE INTEGRATED CARE BOARD,Independent sector / other,755,734,755,0,97.2
2025-07-01,ACG30,NEWMEDICA - WORKSOP - DUKERIES,NHS NOTTINGHAM AND NOTTINGHAMSHIRE INTEGRATED CARE BOARD,Independent sector / other,153,147,153,0,96.1
2025-07-01,H4J9P,NEWMEDICA AZTEC WEST,"NHS BRISTOL, NORTH SOMERSET AND SOUTH GLOUCESTERSHIRE INTEGRATED CARE BOARD",Independent sector / other,729,660,729,0,90.5
2025-07-01,ACG19,NEWMEDICA COMMUNITY OPHTHALMOLOGY - LEEDS,NHS WEST YORKSHIRE INTEGRATED CARE BOARD,Independent sector / other,564,543,564,0,96.3
2025-07-01,ACG12,NEWMEDICA COMMUNITY OPHTHALMOLOGY - NORTH EAST LINCOLNSHIRE - GRIMSBY,NHS HUMBER AND NORTH YORKSHIRE INTEGRATED CARE BOARD,Independent sector / other,954,857,954,0,89.8
2025-07-01,A4Q9X,NEWMEDICA LEICESTER,"NHS LEICESTER, LEICESTERSHIRE AND RUTLAND INTEGRATED CARE BOARD",Independent sector / other,299,298,299,0,99.7
2025-07-01,ACG08,NEWMEDICA OPHTHALMOLOGY - NUNEATON - CAMP HILL - GP LED HEALTH CENTRE,NHS COVENTRY AND WARWICKSHIRE INTEGRATED CARE BOARD,Independent sector / other,28,27,28,0,96.4
2025-07-01,G4H0I,NEWMEDICA SUFFOLK - BURY ST EDMUNDS - CLARITY HOUSE,NHS SUFFOLK AND NORTH EAST ESSEX INTEGRATED CARE BOARD,Independent sector / other,530,527,530,0,99.4
2025-07-01,RM1,NORFOLK AND NORWICH UNIVERSITY HOSPITALS NHS FOUNDATION TRUST,NHS NORFOLK AND WAVENEY INTEGRATED CARE BOARD,NHS trust,81837,43875,81837,3891,53.6
2025-07-01,RVJ,NORTH BRISTOL NHS TRUST,"NHS BRISTOL, NORTH SOMERSET AND SOUTH GLOUCESTERSHIRE INTEGRATED CARE BOARD",NHS trust,44360,29179,44360,164,65.8
2025-07-01,RNN,NORTH CUMBRIA INTEGRATED CARE NHS FOUNDATION TRUST,NHS NORTH EAST AND NORTH CUMBRIA INTEGRATED CARE BOARD,NHS trust,38143,21303,38143,1231,55.9
2025-07-01,NVC11,NORTH DOWNS HOSPITAL,NHS SURREY HEARTLANDS INTEGRATED CARE BOARD,Independent sector / other,1692,1075,1692,23,63.5
2025-07-01,RVW,NORTH TEES AND HARTLEPOOL NHS FOUNDATION TRUST,NHS NORTH EAST AND NORTH CUMBRIA INTEGRATED CARE BOARD,NHS trust,21232,15752,21232,199,74.2
2025-07-01,RGN,NORTH WEST ANGLIA NHS FOUNDATION TRUST,NHS CAMBRIDGESHIRE AND PETERBOROUGH INTEGRATED CARE BOARD,NHS trust,78902,45159,78902,1548,57.2
2025-07-01,RNS,NORTHAMPTON GENERAL HOSPITAL NHS TRUST,NHS NORTHAMPTONSHIRE INTEGRATED CARE BOARD,NHS trust,43445,27323,43445,588,62.9
2025-07-01,RM3,NORTHERN CARE ALLIANCE NHS FOUNDATION TRUST,NHS GREATER MANCHESTER INTEGRATED CARE BOARD,NHS trust,137542,73670,137542,5081,53.6
2025-07-01,RJL,NORTHERN LINCOLNSHIRE AND GOOLE NHS FOUNDATION TRUST,NHS HUMBER AND NORTH YORKSHIRE INTEGRATED CARE BOARD,NHS trust,39115,23412,39115,895,59.9
2025-07-01,RTF,NORTHUMBRIA HEALTHCARE NHS FOUNDATION TRUST,NHS NORTH EAST AND NORTH CUMBRIA INTEGRATED CARE BOARD,NHS trust,36762,30219,36762,5,82.2
2025-07-01,DFQ,NORWICH & NORFOLK SURGICAL LTD (N2S),NHS NORFOLK AND WAVENEY INTEGRATED CARE BOARD,Independent sector / other,856,719,856,0,84.0
2025-07-01,RX1,NOTTINGHAM UNIVERSITY HOSPITALS NHS TRUST,NHS NOTTINGHAM AND NOTTINGHAMSHIRE INTEGRATED CARE BOARD,NHS trust,81537,51493,81537,1784,63.2
2025-07-01,NQH,NOVUS HEALTH LTD,NHS WEST YORKSHIRE INTEGRATED CARE BOARD,Independent sector / other,727,722,727,0,99.3
2025-07-01,G3Q3Z,NUFFIELD HEALTH HIGHGATE HOSPITAL,NHS NORTH CENTRAL LONDON INTEGRATED CARE BOARD,Independent sector / other,790,633,790,5,80.1
2025-07-01,R0F4N,NUFFIELD HEALTH PARKSIDE HOSPITAL,NHS SOUTH WEST LONDON INTEGRATED CARE BOARD,Independent sector / other,970,508,970,256,52.4
2025-07-01,H4I8B,NUFFIELD HEALTH THE HOLLY HOSPITAL,NHS HERTFORDSHIRE AND WEST ESSEX INTEGRATED CARE BOARD,Independent sector / other,2544,2050,2544,15,80.6
2025-07-01,NT202,"NUFFIELD HEALTH, BOURNEMOUTH HOSPITAL",NHS DORSET INTEGRATED CARE BOARD,Independent sector / other,551,331,551,5,60.1
2025-07-01,NT204,"NUFFIELD HEALTH, BRENTWOOD HOSPITAL",NHS MID AND SOUTH ESSEX INTEGRATED CARE BOARD,Independent sector / other,1776,1121,1776,260,63.1
2025-07-01,NT205,"NUFFIELD HEALTH, BRIGHTON HOSPITAL",NHS SUSSEX INTEGRATED CARE BOARD,Independent sector / other,910,446,910,58,49.0
2025-07-01,NT206,"NUFFIELD HEALTH, BRISTOL HOSPITAL (CHESTERFIELD)","NHS BRISTOL, NORTH SOMERSET AND SOUTH GLOUCESTERSHIRE INTEGRATED CARE BOARD",Independent sector / other,662,485,662,0,73.3
2025-07-01,NT209,"NUFFIELD HEALTH, CAMBRIDGE HOSPITAL",NHS CAMBRIDGESHIRE AND PETERBOROUGH INTEGRATED CARE BOARD,Independent sector / other,339,240,339,5,70.8
2025-07-01,NT211,"NUFFIELD HEALTH, CHELTENHAM HOSPITAL",NHS GLOUCESTERSHIRE INTEGRATED CARE BOARD,Independent sector / other,52,8,52,4,15.4
2025-07-01,NT212,"NUFFIELD HEALTH, CHICHESTER HOSPITAL",NHS SUSSEX INTEGRATED CARE BOARD,Independent sector / other,1367,516,1367,200,37.7
2025-07-01,NT213,"NUFFIELD HEALTH, DERBY HOSPITAL",NHS DERBY AND DERBYSHIRE INTEGRATED CARE BOARD,Independent sector / other,1058,492,1058,37,46.5
2025-07-01,NT215,"NUFFIELD HEALTH, EXETER HOSPITAL",NHS DEVON INTEGRATED CARE BOARD,Independent sector / other,584,245,584,155,42.0
2025-07-01,NT216,"NUFFIELD HEALTH, GUILDFORD HOSPITAL",NHS SURREY HEARTLANDS INTEGRATED CARE BOARD,Independent sector / other,481,210,481,69,43.7
2025-07-01,NT218,"NUFFIELD HEALTH, HAYWARDS HEATH HOSPITAL",NHS SUSSEX INTEGRATED CARE BOARD,Independent sector / other,397,273,397,4,68.8
2025-07-01,NT219,"NUFFIELD HEALTH, HEREFORD HOSPITAL",NHS HEREFORDSHIRE AND WORCESTERSHIRE INTEGRATED CARE BOARD,Independent sector / other,297,282,297,0,94.9
2025-07-01,NT225,"NUFFIELD HEALTH, LEEDS HOSPITAL",NHS WEST YORKSHIRE INTEGRATED CARE BOARD,Independent sector / other,1639,793,1639,314,48.4
2025-07-01,NT226,"NUFFIELD HEALTH, LEICESTER HOSPITAL","NHS LEICESTER, LEICESTERSHIRE AND RUTLAND INTEGRATED CARE BOARD",Independent sector / other,462,407,462,3,88.1
2025-07-01,NT229,"NUFFIELD HEALTH, NEWCASTLE UPON TYNE HOSPITAL",NHS NORTH EAST AND NORTH CUMBRIA INTEGRATED CARE BOARD,Independent sector / other,575,285,575,6,49.6
2025-07-01,NT230,"NUFFIELD HEALTH, NORTH STAFFORDSHIRE HOSPITAL",NHS STAFFORDSHIRE AND STOKE-ON-TRENT INTEGRATED CARE BOARD,Independent sector / other,1528,1180,1528,1,77.2
2025-07-01,NT233,"NUFFIELD HEALTH, PLYMOUTH HOSPITAL",NHS DEVON INTEGRATED CARE BOARD,Independent sector / other,979,628,979,9,64.1
2025-07-01,NT235,"NUFFIELD HEALTH, SHREWSBURY HOSPITAL","NHS SHROPSHIRE, TELFORD AND WREKIN INTEGRATED CARE BOARD",Independent sector / other,158,138,158,0,87.3
2025-07-01,NT238,"NUFFIELD HEALTH, TAUNTON HOSPITAL",NHS SOMERSET INTEGRATED CARE BOARD,Independent sector / other,271,167,271,18,61.6
2025-07-01,NT237,"NUFFIELD HEALTH, TEES HOSPITAL",NHS NORTH EAST AND NORTH CUMBRIA INTEGRATED CARE BOARD,Independent sector / other,1242,917,1242,0,73.8
2025-07-01,NT210,"NUFFIELD HEALTH, THE GROSVENOR HOSPITAL, CHESTER",NHS CHESHIRE AND MERSEYSIDE INTEGRATED CARE BOARD,Independent sector / other,384,320,384,3,83.3
2025-07-01,NT239,"NUFFIELD HEALTH, TUNBRIDGE WELLS HOSPITAL",NHS KENT AND MEDWAY INTEGRATED CARE BOARD,Independent sector / other,159,73,159,4,45.9
2025-07-01,NT224,"NUFFIELD HEALTH, WARWICKSHIRE HOSPITAL",NHS COVENTRY AND WARWICKSHIRE INTEGRATED CARE BOARD,Independent sector / other,343,269,343,4,78.4
2025-07-01,NT214,"NUFFIELD HEALTH, WESSEX HOSPITAL",NHS HAMPSHIRE AND ISLE OF WIGHT INTEGRATED CARE BOARD,Independent sector / other,650,413,650,42,63.5
2025-07-01,NT241,"NUFFIELD HEALTH, WOKING HOSPITAL",NHS SURREY HEARTLANDS INTEGRATED CARE BOARD,Independent sector / other,395,252,395,27,63.8
2025-07-01,NT242,"NUFFIELD HEALTH, WOLVERHAMPTON HOSPITAL",NHS BLACK COUNTRY INTEGRATED CARE BOARD,Independent sector / other,454,351,454,0,77.3
2025-07-01,NT245,"NUFFIELD HEALTH, YORK HOSPITAL",NHS HUMBER AND NORTH YORKSHIRE INTEGRATED CARE BOARD,Independent sector / other,864,762,864,5,88.2
2025-07-01,NT244,NUFFIELD HOSPITAL OXFORD (THE MANOR),"NHS BUCKINGHAMSHIRE, OXFORDSHIRE AND BERKSHIRE WEST INTEGRATED CARE BOARD",Independent sector / other,106,97,106,1,91.5
2025-07-01,NVC12,OAKLANDS HOSPITAL,NHS GREATER MANCHESTER INTEGRATED CARE BOARD,Independent sector / other,4308,3393,4308,8,78.8
2025-07-01,NVC13,OAKS HOSPITAL,NHS SUFFOLK AND NORTH EAST ESSEX INTEGRATED CARE BOARD,Independent sector / other,746,405,746,31,54.3
2025-07-01,DXV,OMNES HEALTHCARE LTD,NHS GREATER MANCHESTER INTEGRATED CARE BOARD,Independent sector / other,10075,8505,10075,16,84.4
2025-07-01,AWR,ONE STOP DOCTORS LIMITED,NHS HERTFORDSHIRE AND WEST ESSEX INTEGRATED CARE BOARD,Independent sector / other,13,13,13,0,100.0
2025-07-01,NNH,OPTEGRA UK,NHS SURREY HEARTLANDS INTEGRATED CARE BOARD,Independent sector / other,6337,6287,6337,1,99.2
2025-07-01,NQM01,ORTHOPAEDICS & SPINE SPECIALIST HOSPITAL SITE,NHS CAMBRIDGESHIRE AND PETERBOROUGH INTEGRATED CARE BOARD,Independent sector / other,169,140,169,0,82.8
2025-07-01,Q2Y5H,OVIVA UK LTD,NHS SOUTH EAST LONDON INTEGRATED CARE BOARD,Independent sector / other,8389,8386,8389,0,100.0
2025-07-01,RTH,OXFORD UNIVERSITY HOSPITALS NHS FOUNDATION TRUST,"NHS BUCKINGHAMSHIRE, OXFORDSHIRE AND BERKSHIRE WEST INTEGRATED CARE BOARD",NHS trust,87002,50982,87002,2811,58.6
2025-07-01,RPG,OXLEAS NHS FOUNDATION TRUST,NHS SOUTH EAST LONDON INTEGRATED CARE BOARD,NHS trust,1745,980,1745,323,56.2
2025-07-01,NVC14,PARK HILL HOSPITAL,NHS SOUTH YORKSHIRE INTEGRATED CARE BOARD,Independent sector / other,828,660,828,2,79.7
2025-07-01,NT427,PARK HOSPITAL,NHS NOTTINGHAM AND NOTTINGHAMSHIRE INTEGRATED CARE BOARD,Independent sector / other,1443,1171,1443,9,81.2
2025-07-01,NEQ,PHOENIX HEALTH SOLUTIONS LIMITED HQ,NHS WEST YORKSHIRE INTEGRATED CARE BOARD,Independent sector / other,592,562,592,0,94.9
2025-07-01,DTT,PHOENIX PUBLIC HEALTH LTD,NHS CHESHIRE AND MERSEYSIDE INTEGRATED CARE BOARD,Independent sector / other,248,147,248,14,59.3
2025-07-01,NVC15,PINEHILL HOSPITAL,NHS HERTFORDSHIRE AND WEST ESSEX INTEGRATED CARE BOARD,Independent sector / other,1405,1056,1405,0,75.2
2025-07-01,NEY,PIONEER HEALTHCARE LIMITED,NHS SOUTH YORKSHIRE INTEGRATED CARE BOARD,Independent sector / other,1968,601,1968,96,30.5
2025-07-01,D3O0Z,PLYMOUTH NEWMEDICA LTD,NHS DEVON INTEGRATED CARE BOARD,Independent sector / other,380,354,380,1,93.2
2025-07-01,RHU,PORTSMOUTH HOSPITALS UNIVERSITY NHS TRUST,NHS HAMPSHIRE AND ISLE OF WIGHT INTEGRATED CARE BOARD,NHS trust,59618,34168,59618,2297,57.3
2025-07-01,NTP13,PRACTICE PLUS GROUP HOSPITAL - BARLBOROUGH,NHS DERBY AND DERBYSHIRE INTEGRATED CARE BOARD,Independent sector / other,2098,1576,2098,3,75.1
2025-07-01,NTPH2,PRACTICE PLUS GROUP HOSPITAL - EMERSONS GREEN,"NHS BRISTOL, NORTH SOMERSET AND SOUTH GLOUCESTERSHIRE INTEGRATED CARE BOARD",Independent sector / other,5070,3903,5070,0,77.0
2025-07-01,NTP15,PRACTICE PLUS GROUP HOSPITAL - ILFORD,NHS NORTH EAST LONDON INTEGRATED CARE BOARD,Independent sector / other,5659,4208,5659,4,74.4
2025-07-01,NTPH5,PRACTICE PLUS GROUP HOSPITAL - PLYMOUTH,NHS DEVON INTEGRATED CARE BOARD,Independent sector / other,2185,1953,2185,26,89.4
2025-07-01,NTPH1,PRACTICE PLUS GROUP HOSPITAL - SHEPTON MALLET,NHS SOMERSET INTEGRATED CARE BOARD,Independent sector / other,2680,2071,2680,7,77.3
2025-07-01,NTP11,PRACTICE PLUS GROUP HOSPITAL - SOUTHAMPTON,NHS HAMPSHIRE AND ISLE OF WIGHT INTEGRATED CARE BOARD,Independent sector / other,7943,5545,7943,31,69.8
2025-07-01,M2Y6D,PRACTICE PLUS GROUP HOSPITAL BIRMINGHAM,NHS BIRMINGHAM AND SOLIHULL INTEGRATED CARE BOARD,Independent sector / other,614,605,614,0,98.5
2025-07-01,NTPAE,PRACTICE PLUS GROUP OPHTHALMOLOGY - NORTH WEST,NHS GREATER MANCHESTER INTEGRATED CARE BOARD,Independent sector / other,2431,1823,2431,3,75.0
2025-07-01,NTPH3,PRACTICE PLUS GROUP SURGICAL CENTRE - DEVIZES,"NHS BATH AND NORTH EAST SOMERSET, SWINDON AND WILTSHIRE INTEGRATED CARE BOARD",Independent sector / other,2785,2103,2785,12,75.5
2025-07-01,NTP16,PRACTICE PLUS GROUP SURGICAL CENTRE - GILLINGHAM,NHS KENT AND MEDWAY INTEGRATED CARE BOARD,Independent sector / other,1076,857,1076,152,79.6
2025-07-01,NTPAD,PRACTICE PLUS GROUP SURGICAL CENTRE - ST MARYS PORTSMOUTH,NHS HAMPSHIRE AND ISLE OF WIGHT INTEGRATED CARE BOARD,Independent sector / other,2193,2096,2193,0,95.6
2025-07-01,ADN,PRIMARY INTEGRATED COMMUNITY SERVICES LTD,NHS NOTTINGHAM AND NOTTINGHAMSHIRE INTEGRATED CARE BOARD,Independent sector / other,2908,1207,2908,38,41.5
2025-07-01,NT428,PRINCESS MARGARET HOSPITAL,NHS FRIMLEY INTEGRATED CARE BOARD,Independent sector / other,80,77,80,1,96.3
2025-07-01,NT429,PRIORY HOSPITAL,NHS BIRMINGHAM AND SOLIHULL INTEGRATED CARE BOARD,Independent sector / other,595,479,595,1,80.5
2025-07-01,NAM01,PROBUS SURGICAL CENTRE,NHS CORNWALL AND THE ISLES OF SCILLY INTEGRATED CARE BOARD,Independent sector / other,1262,1173,1262,0,92.9
2025-07-01,NQX,PROVIDE ENTERPRISES,NHS SUFFOLK AND NORTH EAST ESSEX INTEGRATED CARE BOARD,Independent sector / other,111,111,111,0,100.0
2025-07-01,RPC,QUEEN VICTORIA HOSPITAL NHS FOUNDATION TRUST,NHS SUSSEX INTEGRATED CARE BOARD,NHS trust,18727,11848,18727,351,63.3
2025-07-01,GEC01,RAPID INVESTIGATION SERVICE,NHS HAMPSHIRE AND ISLE OF WIGHT INTEGRATED CARE BOARD,Independent sector / other,139,139,139,0,100.0
2025-07-01,NVC16,RENACRES HOSPITAL,NHS LANCASHIRE AND SOUTH CUMBRIA INTEGRATED CARE BOARD,Independent sector / other,4586,3414,4586,6,74.4
2025-07-01,NT430,RIDGEWAY HOSPITAL,"NHS BATH AND NORTH EAST SOMERSET, SWINDON AND WILTSHIRE INTEGRATED CARE BOARD",Independent sector / other,326,277,326,0,85.0
2025-07-01,NVC19,RIVERS HOSPITAL,NHS HERTFORDSHIRE AND WEST ESSEX INTEGRATED CARE BOARD,Independent sector / other,4106,2893,4106,41,70.5
2025-07-01,NVC17,ROWLEY HALL HOSPITAL,NHS STAFFORDSHIRE AND STOKE-ON-TRENT INTEGRATED CARE BOARD,Independent sector / other,2353,1649,2353,0,70.1
2025-07-01,RHW,ROYAL BERKSHIRE NHS FOUNDATION TRUST,"NHS BUCKINGHAMSHIRE, OXFORDSHIRE AND BERKSHIRE WEST INTEGRATED CARE BOARD",NHS trust,36763,29376,36763,43,79.9
2025-07-01,REF,ROYAL CORNWALL HOSPITALS NHS TRUST,NHS CORNWALL AND THE ISLES OF SCILLY INTEGRATED CARE BOARD,NHS trust,40869,29453,40869,460,72.1
2025-07-01,RH8,ROYAL DEVON UNIVERSITY HEALTHCARE NHS FOUNDATION TRUST,NHS DEVON INTEGRATED CARE BOARD,NHS trust,74842,44728,74842,2248,59.8
2025-07-01,RAL,ROYAL FREE LONDON NHS FOUNDATION TRUST,NHS NORTH CENTRAL LONDON INTEGRATED CARE BOARD,NHS trust,143124,82867,143124,3800,57.9
2025-07-01,RAN,ROYAL NATIONAL ORTHOPAEDIC HOSPITAL NHS TRUST,NHS NORTH WEST LONDON INTEGRATED CARE BOARD,NHS trust,8753,6165,8753,58,70.4
2025-07-01,RGM,ROYAL PAPWORTH HOSPITAL NHS FOUNDATION TRUST,NHS CAMBRIDGESHIRE AND PETERBOROUGH INTEGRATED CARE BOARD,NHS trust,6369,4304,6369,55,67.6
2025-07-01,RA2,ROYAL SURREY NHS FOUNDATION TRUST,NHS SURREY HEARTLANDS INTEGRATED CARE BOARD,NHS trust,30556,16920,30556,1382,55.4
2025-07-01,RD1,ROYAL UNITED HOSPITALS BATH NHS FOUNDATION TRUST,"NHS BATH AND NORTH EAST SOMERSET, SWINDON AND WILTSHIRE INTEGRATED CARE BOARD",NHS trust,41043,23671,41043,939,57.7
2025-07-01,NT431,RUNNYMEDE HOSPITAL,NHS SURREY HEARTLANDS INTEGRATED CARE BOARD,Independent sector / other,91,81,91,0,89.0
2025-07-01,RNZ,SALISBURY NHS FOUNDATION TRUST,"NHS BATH AND NORTH EAST SOMERSET, SWINDON AND WILTSHIRE INTEGRATED CARE BOARD",NHS trust,30230,20076,30230,253,66.4
2025-07-01,RXK,SANDWELL AND WEST BIRMINGHAM HOSPITALS NHS TRUST,NHS BLACK COUNTRY INTEGRATED CARE BOARD,NHS trust,63805,36750,63805,1022,57.6
2025-07-01,NT433,SARUM ROAD HOSPITAL,NHS HAMPSHIRE AND ISLE OF WIGHT INTEGRATED CARE BOARD,Independent sector / other,367,275,367,0,74.9
2025-07-01,NT434,SAXON CLINIC,"NHS BEDFORDSHIRE, LUTON AND MILTON KEYNES INTEGRATED CARE BOARD",Independent sector / other,625,424,625,8,67.8
2025-07-01,RCU,SHEFFIELD CHILDREN'S NHS FOUNDATION TRUST,NHS SOUTH YORKSHIRE INTEGRATED CARE BOARD,NHS trust,12258,8152,12258,325,66.5
2025-07-01,NT435,SHELBURNE HOSPITAL,"NHS BUCKINGHAMSHIRE, OXFORDSHIRE AND BERKSHIRE WEST INTEGRATED CARE BOARD",Independent sector / other,160,113,160,0,70.6
2025-07-01,RK5,SHERWOOD FOREST HOSPITALS NHS FOUNDATION TRUST,NHS NOTTINGHAM AND NOTTINGHAMSHIRE INTEGRATED CARE BOARD,NHS trust,36082,22699,36082,386,62.9
2025-07-01,NT436,SHIRLEY OAKS HOSPITAL,NHS SOUTH WEST LONDON INTEGRATED CARE BOARD,Independent sector / other,773,670,773,3,86.7
2025-07-01,R1D,SHROPSHIRE COMMUNITY HEALTH NHS TRUST,"NHS SHROPSHIRE, TELFORD AND WREKIN INTEGRATED CARE BOARD",NHS trust,8596,5939,8596,73,69.1
2025-07-01,NLX,SIRONA CARE & HEALTH,"NHS BRISTOL, NORTH SOMERSET AND SOUTH GLOUCESTERSHIRE INTEGRATED CARE BOARD",Independent sector / other,7769,5551,7769,0,71.5
2025-07-01,NT437,SLOANE HOSPITAL,NHS SOUTH EAST LONDON INTEGRATED CARE BOARD,Independent sector / other,895,657,895,25,73.4
2025-07-01,RH5,SOMERSET NHS FOUNDATION TRUST,NHS SOMERSET INTEGRATED CARE BOARD,NHS trust,57905,37017,57905,1749,63.9
2025-07-01,NFH,SOMERSET SURGICAL SERVICES HQ,"NHS BRISTOL, NORTH SOMERSET AND SOUTH GLOUCESTERSHIRE INTEGRATED CARE BOARD",Independent sector / other,1112,1037,1112,1,93.3
2025-07-01,RTR,SOUTH TEES HOSPITALS NHS FOUNDATION TRUST,NHS NORTH EAST AND NORTH CUMBRIA INTEGRATED CARE BOARD,NHS trust,57052,35302,57052,1568,61.9
2025-07-01,R0B,SOUTH TYNESIDE AND SUNDERLAND NHS FOUNDATION TRUST,NHS NORTH EAST AND NORTH CUMBRIA INTEGRATED CARE BOARD,NHS trust,59142,44526,59142,28,75.3
2025-07-01,RJC,SOUTH WARWICKSHIRE UNIVERSITY NHS FOUNDATION TRUST,NHS COVENTRY AND WARWICKSHIRE INTEGRATED CARE BOARD,NHS trust,33301,21832,33301,709,65.6
2025-07-01,RXG,SOUTH WEST YORKSHIRE PARTNERSHIP NHS FOUNDATION TRUST,NHS WEST YORKSHIRE INTEGRATED CARE BOARD,NHS trust,4249,4151,4249,0,97.7
2025-07-01,NT490,SOUTHEND PRIVATE HOSPITAL,NHS MID AND SOUTH ESSEX INTEGRATED CARE BOARD,Independent sector / other,1554,1289,1554,0,82.9
2025-07-01,NPG19,SPAMEDICA BEDFORD,"NHS BEDFORDSHIRE, LUTON AND MILTON KEYNES INTEGRATED CARE BOARD",Independent sector / other,152,146,152,0,96.1
2025-07-01,D5P5H,SPAMEDICA BEXHILL,NHS SUSSEX INTEGRATED CARE BOARD,Independent sector / other,135,131,135,0,97.0
2025-07-01,NPG11,SPAMEDICA BIRMINGHAM,NHS BIRMINGHAM AND SOLIHULL INTEGRATED CARE BOARD,Independent sector / other,260,253,260,0,97.3
2025-07-01,C3Y0A,SPAMEDICA BLACKPOOL,NHS LANCASHIRE AND SOUTH CUMBRIA INTEGRATED CARE BOARD,Independent sector / other,158,154,158,0,97.5
2025-07-01,NPG08,SPAMEDICA BOLTON,NHS GREATER MANCHESTER INTEGRATED CARE BOARD,Independent sector / other,158,155,158,0,98.1
2025-07-01,I2C7H,SPAMEDICA BRADFORD,NHS WEST YORKSHIRE INTEGRATED CARE BOARD,Independent sector / other,116,108,116,0,93.1
2025-07-01,I9A4A,SPAMEDICA BRIGHTON,NHS SUSSEX INTEGRATED CARE BOARD,Independent sector / other,331,313,331,0,94.6
2025-07-01,P1B7M,SPAMEDICA BRISTOL,"NHS BRISTOL, NORTH SOMERSET AND SOUTH GLOUCESTERSHIRE INTEGRATED CARE BOARD",Independent sector / other,63,61,63,0,96.8
2025-07-01,Y8L9S,SPAMEDICA BROMLEY,NHS SOUTH EAST LONDON INTEGRATED CARE BOARD,Independent sector / other,256,229,256,0,89.5
2025-07-01,O6X7Z,SPAMEDICA CAMBRIDGE,NHS CAMBRIDGESHIRE AND PETERBOROUGH INTEGRATED CARE BOARD,Independent sector / other,161,154,161,0,95.7
2025-07-01,E1U4T,SPAMEDICA CARLISLE,NHS NORTH EAST AND NORTH CUMBRIA INTEGRATED CARE BOARD,Independent sector / other,167,161,167,0,96.4
2025-07-01,NPG16,SPAMEDICA CHELMSFORD,NHS MID AND SOUTH ESSEX INTEGRATED CARE BOARD,Independent sector / other,236,230,236,0,97.5
2025-07-01,V4U1Y,SPAMEDICA CHESTER,NHS CHESHIRE AND MERSEYSIDE INTEGRATED CARE BOARD,Independent sector / other,136,127,136,0,93.4
2025-07-01,T4I8V,SPAMEDICA CHESTERFIELD,NHS DERBY AND DERBYSHIRE INTEGRATED CARE BOARD,Independent sector / other,98,93,98,0,94.9
2025-07-01,J2H6H,SPAMEDICA COLCHESTER,NHS SUFFOLK AND NORTH EAST ESSEX INTEGRATED CARE BOARD,Independent sector / other,86,83,86,0,96.5
2025-07-01,NPG21,SPAMEDICA COVENTRY,NHS COVENTRY AND WARWICKSHIRE INTEGRATED CARE BOARD,Independent sector / other,232,219,232,0,94.4
2025-07-01,N1N0Y,SPAMEDICA CROYDON,NHS SOUTH WEST LONDON INTEGRATED CARE BOARD,Independent sector / other,50,50,50,0,100.0
2025-07-01,V8N5R,SPAMEDICA DALSTON,NHS NORTH EAST LONDON INTEGRATED CARE BOARD,Independent sector / other,240,219,240,0,91.3
2025-07-01,NPG23,SPAMEDICA DERBY,NHS DERBY AND DERBYSHIRE INTEGRATED CARE BOARD,Independent sector / other,154,151,154,0,98.1
2025-07-01,T8V3L,SPAMEDICA DONCASTER,NHS SOUTH YORKSHIRE INTEGRATED CARE BOARD,Independent sector / other,115,109,115,0,94.8
2025-07-01,M7C9Q,SPAMEDICA EPSOM,NHS SURREY HEARTLANDS INTEGRATED CARE BOARD,Independent sector / other,155,141,155,0,91.0
2025-07-01,M5E1S,SPAMEDICA EXETER,NHS DEVON INTEGRATED CARE BOARD,Independent sector / other,118,115,118,0,97.5
2025-07-01,NPG07,SPAMEDICA EYE HOSPITAL (WAKEFIELD),NHS WEST YORKSHIRE INTEGRATED CARE BOARD,Independent sector / other,230,222,230,0,96.5
2025-07-01,Z9Z1G,SPAMEDICA GATESHEAD,NHS NORTH EAST AND NORTH CUMBRIA INTEGRATED CARE BOARD,Independent sector / other,123,116,123,0,94.3
2025-07-01,A0C5S,SPAMEDICA GLOUCESTER,NHS GLOUCESTERSHIRE INTEGRATED CARE BOARD,Independent sector / other,71,66,71,0,93.0
2025-07-01,Z5J5V,SPAMEDICA HAYDOCK,NHS CHESHIRE AND MERSEYSIDE INTEGRATED CARE BOARD,Independent sector / other,126,122,126,0,96.8
2025-07-01,J0M7P,SPAMEDICA HEREFORD DIAGNOSTIC AND TREATMENT CENTRE,NHS HEREFORDSHIRE AND WORCESTERSHIRE INTEGRATED CARE BOARD,Independent sector / other,22,22,22,0,100.0
2025-07-01,NPG18,SPAMEDICA HULL,NHS HUMBER AND NORTH YORKSHIRE INTEGRATED CARE BOARD,Independent sector / other,166,166,166,0,100.0
2025-07-01,Q8X0X,SPAMEDICA ISLE OF WIGHT COMMUNITY DIAGNOSTIC & TREATMENT CENTRE,NHS HAMPSHIRE AND ISLE OF WIGHT INTEGRATED CARE BOARD,Independent sector / other,35,35,35,0,100.0
2025-07-01,R1G7E,SPAMEDICA KENDAL,NHS LANCASHIRE AND SOUTH CUMBRIA INTEGRATED CARE BOARD,Independent sector / other,135,133,135,0,98.5
2025-07-01,P0C3F,SPAMEDICA LEEDS,NHS WEST YORKSHIRE INTEGRATED CARE BOARD,Independent sector / other,111,108,111,0,97.3
2025-07-01,L9D3Z,SPAMEDICA LEICESTER,"NHS LEICESTER, LEICESTERSHIRE AND RUTLAND INTEGRATED CARE BOARD",Independent sector / other,107,107,107,0,100.0
2025-07-01,NPG06,SPAMEDICA LIVERPOOL,NHS CHESHIRE AND MERSEYSIDE INTEGRATED CARE BOARD,Independent sector / other,287,279,287,0,97.2
2025-07-01,K9J3O,SPAMEDICA LUTON,"NHS BEDFORDSHIRE, LUTON AND MILTON KEYNES INTEGRATED CARE BOARD",Independent sector / other,144,135,144,0,93.8
2025-07-01,NPG01,SPAMEDICA MANCHESTER,NHS GREATER MANCHESTER INTEGRATED CARE BOARD,Independent sector / other,170,165,170,0,97.1
2025-07-01,G3O5P,SPAMEDICA NEWARK,NHS NOTTINGHAM AND NOTTINGHAMSHIRE INTEGRATED CARE BOARD,Independent sector / other,248,236,248,0,95.2
2025-07-01,NPG15,SPAMEDICA NEWCASTLE-UNDER-LYME,NHS STAFFORDSHIRE AND STOKE-ON-TRENT INTEGRATED CARE BOARD,Independent sector / other,134,130,134,0,97.0
2025-07-01,G5X2Q,SPAMEDICA NORTH TYNESIDE,NHS NORTH EAST AND NORTH CUMBRIA INTEGRATED CARE BOARD,Independent sector / other,140,139,140,0,99.3
2025-07-01,M3R0W,SPAMEDICA NORWICH,NHS NORFOLK AND WAVENEY INTEGRATED CARE BOARD,Independent sector / other,180,178,180,0,98.9
2025-07-01,O1P6X,SPAMEDICA OLDHAM,NHS GREATER MANCHESTER INTEGRATED CARE BOARD,Independent sector / other,225,211,225,0,93.8
2025-07-01,O5Y9D,SPAMEDICA OXFORD,"NHS BUCKINGHAMSHIRE, OXFORDSHIRE AND BERKSHIRE WEST INTEGRATED CARE BOARD",Independent sector / other,169,164,169,0,97.0
2025-07-01,B9J4U,SPAMEDICA PETERBOROUGH,NHS CAMBRIDGESHIRE AND PETERBOROUGH INTEGRATED CARE BOARD,Independent sector / other,178,172,178,0,96.6
2025-07-01,L6O7H,SPAMEDICA POOLE,NHS DORSET INTEGRATED CARE BOARD,Independent sector / other,388,372,388,0,95.9
2025-07-01,A1U4J,SPAMEDICA PORTSMOUTH,NHS HAMPSHIRE AND ISLE OF WIGHT INTEGRATED CARE BOARD,Independent sector / other,87,81,87,0,93.1
2025-07-01,NPG17,SPAMEDICA PRESTON,NHS LANCASHIRE AND SOUTH CUMBRIA INTEGRATED CARE BOARD,Independent sector / other,156,148,156,0,94.9
2025-07-01,B4N1U,SPAMEDICA ROMFORD,NHS NORTH EAST LONDON INTEGRATED CARE BOARD,Independent sector / other,303,278,303,0,91.7
2025-07-01,I1H7K,SPAMEDICA SALE,NHS GREATER MANCHESTER INTEGRATED CARE BOARD,Independent sector / other,78,75,78,0,96.2
2025-07-01,NPG10,SPAMEDICA SHEFFIELD,NHS SOUTH YORKSHIRE INTEGRATED CARE BOARD,Independent sector / other,111,109,111,0,98.2
2025-07-01,V8A3H,SPAMEDICA SHEFFIELD COMMUNITY DIAGNOSTIC & TREATMENT CENTRE,NHS SOUTH YORKSHIRE INTEGRATED CARE BOARD,Independent sector / other,1,1,1,0,100.0
2025-07-01,M0N7E,SPAMEDICA SITTINGBOURNE,NHS KENT AND MEDWAY INTEGRATED CARE BOARD,Independent sector / other,106,101,106,0,95.3
2025-07-01,NPG13,SPAMEDICA SKELMERSDALE,NHS LANCASHIRE AND SOUTH CUMBRIA INTEGRATED CARE BOARD,Independent sector / other,77,74,77,0,96.1
2025-07-01,J7V1N,SPAMEDICA SOLIHULL,NHS BIRMINGHAM AND SOLIHULL INTEGRATED CARE BOARD,Independent sector / other,141,133,141,0,94.3
2025-07-01,B9M3W,SPAMEDICA SOUTHAMPTON,NHS HAMPSHIRE AND ISLE OF WIGHT INTEGRATED CARE BOARD,Independent sector / other,484,468,484,6,96.7
2025-07-01,NPG22,SPAMEDICA STOCKTON-ON-TEES,NHS NORTH EAST AND NORTH CUMBRIA INTEGRATED CARE BOARD,Independent sector / other,226,222,226,0,98.2
2025-07-01,H1T2P,SPAMEDICA SWINDON,"NHS BATH AND NORTH EAST SOMERSET, SWINDON AND WILTSHIRE INTEGRATED CARE BOARD",Independent sector / other,54,49,54,0,90.7
2025-07-01,G6S7A,SPAMEDICA TAUNTON,NHS SOMERSET INTEGRATED CARE BOARD,Independent sector / other,190,185,190,0,97.4
2025-07-01,V5F1D,SPAMEDICA TELFORD,"NHS SHROPSHIRE, TELFORD AND WREKIN INTEGRATED CARE BOARD",Independent sector / other,136,127,136,0,93.4
2025-07-01,E3D4A,SPAMEDICA TRURO,NHS CORNWALL AND THE ISLES OF SCILLY INTEGRATED CARE BOARD,Independent sector / other,148,142,148,0,95.9
2025-07-01,Q1W6P,SPAMEDICA WATFORD,NHS HERTFORDSHIRE AND WEST ESSEX INTEGRATED CARE BOARD,Independent sector / other,145,139,145,0,95.9
2025-07-01,A1D1B,SPAMEDICA WEMBLEY,NHS NORTH WEST LONDON INTEGRATED CARE BOARD,Independent sector / other,145,145,145,0,100.0
2025-07-01,NPG14,SPAMEDICA WIDNES,NHS CHESHIRE AND MERSEYSIDE INTEGRATED CARE BOARD,Independent sector / other,116,113,116,0,97.4
2025-07-01,NPG02,SPAMEDICA WIRRAL,NHS CHESHIRE AND MERSEYSIDE INTEGRATED CARE BOARD,Independent sector / other,147,145,147,0,98.6
2025-07-01,T8R5I,SPAMEDICA WOKINGHAM,"NHS BUCKINGHAMSHIRE, OXFORDSHIRE AND BERKSHIRE WEST INTEGRATED CARE BOARD",Independent sector / other,141,136,141,0,96.5
2025-07-01,NPG20,SPAMEDICA WOLVERHAMPTON,NHS BLACK COUNTRY INTEGRATED CARE BOARD,Independent sector / other,290,264,290,0,91.0
2025-07-01,J3X4C,SPAMEDICA WORCESTER,NHS HEREFORDSHIRE AND WORCESTERSHIRE INTEGRATED CARE BOARD,Independent sector / other,113,109,113,0,96.5
2025-07-01,NN8,SPENCER PRIVATE HOSPITALS LTD,NHS KENT AND MEDWAY INTEGRATED CARE BOARD,Independent sector / other,3053,1829,3053,112,59.9
2025-07-01,NT312,SPIRE ALEXANDRA HOSPITAL,NHS KENT AND MEDWAY INTEGRATED CARE BOARD,Independent sector / other,1336,1003,1336,2,75.1
2025-07-01,NT302,SPIRE BRISTOL HOSPITAL,"NHS BRISTOL, NORTH SOMERSET AND SOUTH GLOUCESTERSHIRE INTEGRATED CARE BOARD",Independent sector / other,756,488,756,2,64.6
2025-07-01,NT315,SPIRE BUSHEY HOSPITAL,NHS HERTFORDSHIRE AND WEST ESSEX INTEGRATED CARE BOARD,Independent sector / other,948,933,948,0,98.4
2025-07-01,NT317,SPIRE CAMBRIDGE LEA HOSPITAL,NHS CAMBRIDGESHIRE AND PETERBOROUGH INTEGRATED CARE BOARD,Independent sector / other,434,354,434,2,81.6
2025-07-01,NT324,SPIRE CHESHIRE HOSPITAL,NHS CHESHIRE AND MERSEYSIDE INTEGRATED CARE BOARD,Independent sector / other,1447,1139,1447,8,78.7
2025-07-01,NT345,SPIRE CLARE PARK HOSPITAL,NHS FRIMLEY INTEGRATED CARE BOARD,Independent sector / other,316,275,316,1,87.0
2025-07-01,NT344,SPIRE DUNEDIN HOSPITAL,"NHS BUCKINGHAMSHIRE, OXFORDSHIRE AND BERKSHIRE WEST INTEGRATED CARE BOARD",Independent sector / other,251,204,251,4,81.3
2025-07-01,NT348,SPIRE ELLAND HOSPITAL,NHS WEST YORKSHIRE INTEGRATED CARE BOARD,Independent sector / other,1542,1307,1542,2,84.8
2025-07-01,NT347,SPIRE FYLDE COAST HOSPITAL,NHS LANCASHIRE AND SOUTH CUMBRIA INTEGRATED CARE BOARD,Independent sector / other,4177,3265,4177,24,78.2
2025-07-01,NT308,SPIRE GATWICK PARK HOSPITAL,NHS SURREY HEARTLANDS INTEGRATED CARE BOARD,Independent sector / other,1013,673,1013,23,66.4
2025-07-01,NT316,SPIRE HARPENDEN HOSPITAL,NHS HERTFORDSHIRE AND WEST ESSEX INTEGRATED CARE BOARD,Independent sector / other,501,480,501,0,95.8
2025-07-01,NT319,SPIRE HARTSWOOD HOSPITAL,NHS MID AND SOUTH ESSEX INTEGRATED CARE BOARD,Independent sector / other,1390,883,1390,22,63.5
2025-07-01,NT351,SPIRE HULL AND EAST RIDING HOSPITAL,NHS HUMBER AND NORTH YORKSHIRE INTEGRATED CARE BOARD,Independent sector / other,2035,2034,2035,0,100.0
2025-07-01,NT332,SPIRE LEEDS HOSPITAL,NHS WEST YORKSHIRE INTEGRATED CARE BOARD,Independent sector / other,1035,901,1035,1,87.1
2025-07-01,NT322,SPIRE LEICESTER HOSPITAL,"NHS LEICESTER, LEICESTERSHIRE AND RUTLAND INTEGRATED CARE BOARD",Independent sector / other,729,517,729,5,70.9
2025-07-01,NT321,SPIRE LITTLE ASTON HOSPITAL,NHS STAFFORDSHIRE AND STOKE-ON-TRENT INTEGRATED CARE BOARD,Independent sector / other,1464,1171,1464,7,80.0
2025-07-01,NT337,SPIRE LIVERPOOL HOSPITAL,NHS CHESHIRE AND MERSEYSIDE INTEGRATED CARE BOARD,Independent sector / other,3127,2688,3127,0,86.0
2025-07-01,NT314,SPIRE LONDON EAST,NHS NORTH EAST LONDON INTEGRATED CARE BOARD,Independent sector / other,2433,1616,2433,10,66.4
2025-07-01,NT327,SPIRE MANCHESTER HOSPITAL,NHS GREATER MANCHESTER INTEGRATED CARE BOARD,Independent sector / other,1295,917,1295,3,70.8
2025-07-01,NT350,SPIRE METHLEY PARK HOSPITAL,NHS WEST YORKSHIRE INTEGRATED CARE BOARD,Independent sector / other,1291,1093,1291,1,84.7
2025-07-01,NT364,SPIRE MONTEFIORE HOSPITAL,NHS SUSSEX INTEGRATED CARE BOARD,Independent sector / other,986,496,986,61,50.3
2025-07-01,NT325,SPIRE MURRAYFIELD HOSPITAL,NHS CHESHIRE AND MERSEYSIDE INTEGRATED CARE BOARD,Independent sector / other,629,606,629,0,96.3
2025-07-01,NT318,SPIRE NORWICH HOSPITAL,NHS NORFOLK AND WAVENEY INTEGRATED CARE BOARD,Independent sector / other,480,398,480,2,82.9
2025-07-01,NT30A,SPIRE NOTTINGHAM HOSPITAL,NHS NOTTINGHAM AND NOTTINGHAMSHIRE INTEGRATED CARE BOARD,Independent sector / other,559,460,559,0,82.3
2025-07-01,NT320,SPIRE PARKWAY HOSPITAL,NHS BIRMINGHAM AND SOLIHULL INTEGRATED CARE BOARD,Independent sector / other,1216,916,1216,8,75.3
2025-07-01,NT305,SPIRE PORTSMOUTH HOSPITAL,NHS HAMPSHIRE AND ISLE OF WIGHT INTEGRATED CARE BOARD,Independent sector / other,440,350,440,1,79.5
2025-07-01,NT339,SPIRE REGENCY HOSPITAL,NHS CHESHIRE AND MERSEYSIDE INTEGRATED CARE BOARD,Independent sector / other,1770,1734,1770,0,98.0
2025-07-01,NT301,SPIRE SOUTH BANK HOSPITAL,NHS HEREFORDSHIRE AND WORCESTERSHIRE INTEGRATED CARE BOARD,Independent sector / other,778,547,778,1,70.3
2025-07-01,NT304,SPIRE SOUTHAMPTON HOSPITAL,NHS HAMPSHIRE AND ISLE OF WIGHT INTEGRATED CARE BOARD,Independent sector / other,553,236,553,25,42.7
2025-07-01,NT3X3,SPIRE ST ANTHONY'S HOSPITAL,NHS SOUTH WEST LONDON INTEGRATED CARE BOARD,Independent sector / other,542,479,542,2,88.4
2025-07-01,NT343,SPIRE THAMES VALLEY HOSPITAL,"NHS BUCKINGHAMSHIRE, OXFORDSHIRE AND BERKSHIRE WEST INTEGRATED CARE BOARD",Independent sector / other,364,242,364,2,66.5
2025-07-01,NT333,SPIRE WASHINGTON HOSPITAL,NHS NORTH EAST AND NORTH CUMBRIA INTEGRATED CARE BOARD,Independent sector / other,1314,1039,1314,8,79.1
2025-07-01,NT313,SPIRE WELLESLEY HOSPITAL,NHS MID AND SOUTH ESSEX INTEGRATED CARE BOARD,Independent sector / other,1148,469,1148,22,40.9
2025-07-01,NVC18,SPRINGFIELD HOSPITAL,NHS MID AND SOUTH ESSEX INTEGRATED CARE BOARD,Independent sector / other,4715,3341,4715,102,70.9
2025-07-01,NT446,ST EDMUNDS HOSPITAL,NHS SUFFOLK AND NORTH EAST ESSEX INTEGRATED CARE BOARD,Independent sector / other,668,392,668,2,58.7
2025-07-01,RJ7,ST GEORGE'S UNIVERSITY HOSPITALS NHS FOUNDATION TRUST,NHS SOUTH WEST LONDON INTEGRATED CARE BOARD,NHS trust,71716,43896,71716,1775,61.2
2025-07-01,NTE02,ST HUGH'S HOSPITAL,NHS HUMBER AND NORTH YORKSHIRE INTEGRATED CARE BOARD,Independent sector / other,2259,1649,2259,52,73.0
2025-07-01,NQT5K,ST MARTINS HOSPITAL,"NHS BATH AND NORTH EAST SOMERSET, SWINDON AND WILTSHIRE INTEGRATED CARE BOARD",Independent sector / other,127,108,127,1,85.0
2025-07-01,AHP,ST MICHAEL'S CLINIC LIMITED,"NHS SHROPSHIRE, TELFORD AND WREKIN INTEGRATED CARE BOARD",Independent sector / other,1559,870,1559,31,55.8
2025-07-01,RWJ,STOCKPORT NHS FOUNDATION TRUST,NHS GREATER MANCHESTER INTEGRATED CARE BOARD,NHS trust,34784,19757,34784,934,56.8
2025-07-01,NVC1H,STOURSIDE HOSPITAL,NHS BLACK COUNTRY INTEGRATED CARE BOARD,Independent sector / other,2913,2138,2913,11,73.4
2025-07-01,NDL01,SUFFOLK GP FEDERATION,NHS SUFFOLK AND NORTH EAST ESSEX INTEGRATED CARE BOARD,Independent sector / other,88,87,88,0,98.9
2025-07-01,G3Z1Q,SULIS HOSPITAL BATH (FOXCOTE AVENUE),"NHS BATH AND NORTH EAST SOMERSET, SWINDON AND WILTSHIRE INTEGRATED CARE BOARD",Independent sector / other,3316,2603,3316,51,78.5
2025-07-01,RTP,SURREY AND SUSSEX HEALTHCARE NHS TRUST,NHS SURREY HEARTLANDS INTEGRATED CARE BOARD,NHS trust,52190,29572,52190,1038,56.7
2025-07-01,NYG,SUSSEX COMMUNITY DERMATOLOGY SERVICE,NHS SUSSEX INTEGRATED CARE BOARD,Independent sector / other,17137,14857,17137,2,86.7
2025-07-01,RDR,SUSSEX COMMUNITY NHS FOUNDATION TRUST,NHS SUSSEX INTEGRATED CARE BOARD,NHS trust,13961,10214,13961,124,73.2
2025-07-01,RMP,TAMESIDE AND GLOSSOP INTEGRATED CARE NHS FOUNDATION TRUST,NHS GREATER MANCHESTER INTEGRATED CARE BOARD,NHS trust,17204,12326,17204,0,71.6
2025-07-01,NVC0R,TEES VALLEY HOSPITAL,NHS NORTH EAST AND NORTH CUMBRIA INTEGRATED CARE BOARD,Independent sector / other,3992,3252,3992,0,81.5
2025-07-01,AAH,TETBURY HOSPITAL TRUST LTD,NHS GLOUCESTERSHIRE INTEGRATED CARE BOARD,Independent sector / other,372,342,372,1,91.9
2025-07-01,NVC02,THE BERKSHIRE INDEPENDENT HOSPITAL,"NHS BUCKINGHAMSHIRE, OXFORDSHIRE AND BERKSHIRE WEST INTEGRATED CARE BOARD",Independent sector / other,1165,783,1165,5,67.2
2025-07-01,NVC25,THE CHERWELL HOSPITAL,"NHS BUCKINGHAMSHIRE, OXFORDSHIRE AND BERKSHIRE WEST INTEGRATED CARE BOARD",Independent sector / other,2171,1389,2171,13,64.0
2025-07-01,RBV,THE CHRISTIE NHS FOUNDATION TRUST,NHS GREATER MANCHESTER INTEGRATED CARE BOARD,NHS trust,2795,2618,2795,2,93.7
2025-07-01,REN,THE CLATTERBRIDGE CANCER CENTRE NHS FOUNDATION TRUST,NHS CHESHIRE AND MERSEYSIDE INTEGRATED CARE BOARD,NHS trust,1156,1117,1156,0,96.6
2025-07-01,RNA,THE DUDLEY GROUP NHS FOUNDATION TRUST,NHS BLACK COUNTRY INTEGRATED CARE BOARD,NHS trust,46859,29553,46859,279,63.1
2025-07-01,AJ8,THE GRANGE MEDICAL CENTRE HQ,NHS WEST YORKSHIRE INTEGRATED CARE BOARD,Independent sector / other,183,183,183,0,100.0
2025-07-01,S3H9L,THE HAMPTONS HOSPITAL LTD,NHS CAMBRIDGESHIRE AND PETERBOROUGH INTEGRATED CARE BOARD,Independent sector / other,1949,1453,1949,20,74.6
2025-07-01,RAS,THE HILLINGDON HOSPITALS NHS FOUNDATION TRUST,NHS NORTH WEST LONDON INTEGRATED CARE BOARD,NHS trust,32161,16951,32161,686,52.7
2025-07-01,NXM01,THE HORDER CENTRE - ST JOHNS ROAD,NHS SUSSEX INTEGRATED CARE BOARD,Independent sector / other,1038,709,1038,2,68.3
2025-07-01,DX1,THE NEW FOSCOTE HOSPITAL LTD,NHS NORTH CENTRAL LONDON INTEGRATED CARE BOARD,Independent sector / other,334,306,334,1,91.6
2025-07-01,RTD,THE NEWCASTLE UPON TYNE HOSPITALS NHS FOUNDATION TRUST,NHS NORTH EAST AND NORTH CUMBRIA INTEGRATED CARE BOARD,NHS trust,88211,64941,88211,1275,73.6
2025-07-01,NTX,THE ONE HEALTH GROUP PLC,NHS SOUTH YORKSHIRE INTEGRATED CARE BOARD,Independent sector / other,4579,3623,4579,37,79.1
2025-07-01,RQW,THE PRINCESS ALEXANDRA HOSPITAL NHS TRUST,NHS HERTFORDSHIRE AND WEST ESSEX INTEGRATED CARE BOARD,NHS trust,46788,24347,46788,2402,52.0
2025-07-01,RCX,"THE QUEEN ELIZABETH HOSPITAL, KING'S LYNN, NHS FOUNDATION TRUST",NHS NORFOLK AND WAVENEY INTEGRATED CARE BOARD,NHS trust,28041,15759,28041,545,56.2
2025-07-01,RL1,THE ROBERT JONES AND AGNES HUNT ORTHOPAEDIC HOSPITAL NHS FOUNDATION TRUST,"NHS SHROPSHIRE, TELFORD AND WREKIN INTEGRATED CARE BOARD",NHS trust,27357,12112,27357,3570,44.3
2025-07-01,RFR,THE ROTHERHAM NHS FOUNDATION TRUST,NHS SOUTH YORKSHIRE INTEGRATED CARE BOARD,NHS trust,31310,20818,31310,599,66.5
2025-07-01,DJH01,THE ROYAL BUCKINGHAMSHIRE HOSPITAL LTD,"NHS BUCKINGHAMSHIRE, OXFORDSHIRE AND BERKSHIRE WEST INTEGRATED CARE BOARD",Independent sector / other,3,1,3,0,33.3
2025-07-01,RPY,THE ROYAL MARSDEN NHS FOUNDATION TRUST,NHS NORTH WEST LONDON INTEGRATED CARE BOARD,NHS trust,1935,1849,1935,2,95.6
2025-07-01,RRJ,THE ROYAL ORTHOPAEDIC HOSPITAL NHS FOUNDATION TRUST,NHS BIRMINGHAM AND SOLIHULL INTEGRATED CARE BOARD,NHS trust,13414,8107,13414,448,60.4
2025-07-01,RL4,THE ROYAL WOLVERHAMPTON NHS TRUST,NHS BLACK COUNTRY INTEGRATED CARE BOARD,NHS trust,78673,43400,78673,2202,55.2
2025-07-01,RXW,THE SHREWSBURY AND TELFORD HOSPITAL NHS TRUST,"NHS SHROPSHIRE, TELFORD AND WREKIN INTEGRATED CARE BOARD",NHS trust,34742,19580,34742,444,56.4
2025-07-01,DPK,THE STONEYGATE EYE HOSPITAL,"NHS LEICESTER, LEICESTERSHIRE AND RUTLAND INTEGRATED CARE BOARD",Independent sector / other,269,249,269,0,92.6
2025-07-01,RET,THE WALTON CENTRE NHS FOUNDATION TRUST,NHS CHESHIRE AND MERSEYSIDE INTEGRATED CARE BOARD,NHS trust,17827,10928,17827,268,61.3
2025-07-01,NVC44,THE WESTBOURNE CENTRE,NHS BIRMINGHAM AND SOLIHULL INTEGRATED CARE BOARD,Independent sector / other,3271,1979,3271,7,60.5
2025-07-01,NVC20,THE YORKSHIRE CLINIC,NHS WEST YORKSHIRE INTEGRATED CARE BOARD,Independent sector / other,7251,5059,7251,89,69.8
2025-07-01,NT440,THORNBURY HOSPITAL,NHS SOUTH YORKSHIRE INTEGRATED CARE BOARD,Independent sector / other,650,483,650,9,74.3
2025-07-01,NT441,THREE SHIRES HOSPITAL,NHS NORTHAMPTONSHIRE INTEGRATED CARE BOARD,Independent sector / other,3519,2203,3519,23,62.6
2025-07-01,RA9,TORBAY AND SOUTH DEVON NHS FOUNDATION TRUST,NHS DEVON INTEGRATED CARE BOARD,NHS trust,32964,22982,32964,587,69.7
2025-07-01,NN4,TYNESIDE SURGICAL SERVICES LTD,NHS NORTH EAST AND NORTH CUMBRIA INTEGRATED CARE BOARD,Independent sector / other,1327,1134,1327,3,85.5
2025-07-01,RWD,UNITED LINCOLNSHIRE TEACHING HOSPITALS NHS TRUST,NHS LINCOLNSHIRE INTEGRATED CARE BOARD,NHS trust,69763,38051,69763,1882,54.5
2025-07-01,RRV,UNIVERSITY COLLEGE LONDON HOSPITALS NHS FOUNDATION TRUST,NHS NORTH CENTRAL LONDON INTEGRATED CARE BOARD,NHS trust,73458,43441,73458,1352,59.1
2025-07-01,RHM,UNIVERSITY HOSPITAL SOUTHAMPTON NHS FOUNDATION TRUST,NHS HAMPSHIRE AND ISLE OF WIGHT INTEGRATED CARE BOARD,NHS trust,63007,39959,63007,1599,63.4
2025-07-01,RRK,UNIVERSITY HOSPITALS BIRMINGHAM NHS FOUNDATION TRUST,NHS BIRMINGHAM AND SOLIHULL INTEGRATED CARE BOARD,NHS trust,101491,54423,101491,5497,53.6
2025-07-01,RA7,UNIVERSITY HOSPITALS BRISTOL AND WESTON NHS FOUNDATION TRUST,"NHS BRISTOL, NORTH SOMERSET AND SOUTH GLOUCESTERSHIRE INTEGRATED CARE BOARD",NHS trust,54602,35584,54602,726,65.2
2025-07-01,RKB,UNIVERSITY HOSPITALS COVENTRY AND WARWICKSHIRE NHS TRUST,NHS COVENTRY AND WARWICKSHIRE INTEGRATED CARE BOARD,NHS trust,76243,44273,76243,1679,58.1
2025-07-01,R0D,UNIVERSITY HOSPITALS DORSET NHS FOUNDATION TRUST,NHS DORSET INTEGRATED CARE BOARD,NHS trust,62203,39409,62203,1959,63.4
2025-07-01,RTG,UNIVERSITY HOSPITALS OF DERBY AND BURTON NHS FOUNDATION TRUST,NHS DERBY AND DERBYSHIRE INTEGRATED CARE BOARD,NHS trust,98832,57467,98832,2139,58.1
2025-07-01,RWE,UNIVERSITY HOSPITALS OF LEICESTER NHS TRUST,"NHS LEICESTER, LEICESTERSHIRE AND RUTLAND INTEGRATED CARE BOARD",NHS trust,109635,58582,109635,3202,53.4
2025-07-01,RTX,UNIVERSITY HOSPITALS OF MORECAMBE BAY NHS FOUNDATION TRUST,NHS LANCASHIRE AND SOUTH CUMBRIA INTEGRATED CARE BOARD,NHS trust,34937,23553,34937,485,67.4
2025-07-01,RJE,UNIVERSITY HOSPITALS OF NORTH MIDLANDS NHS TRUST,NHS STAFFORDSHIRE AND STOKE-ON-TRENT INTEGRATED CARE BOARD,NHS trust,65758,41934,65758,1543,63.8
2025-07-01,RK9,UNIVERSITY HOSPITALS PLYMOUTH NHS TRUST,NHS DEVON INTEGRATED CARE BOARD,NHS trust,49312,30089,49312,1733,61.0
2025-07-01,RYR,UNIVERSITY HOSPITALS SUSSEX NHS FOUNDATION TRUST,NHS SUSSEX INTEGRATED CARE BOARD,NHS trust,114891,59024,114891,5884,51.4
2025-07-01,NRF,UNIVERSITY OF SOUTHAMPTON AUDITORY IMPLANT SERVICE,NHS HAMPSHIRE AND ISLE OF WIGHT INTEGRATED CARE BOARD,Independent sector / other,179,90,179,15,50.3
2025-07-01,AQK,VERNOVA HEALTHCARE COMMUNITY INTEREST COMPANY,NHS CHESHIRE AND MERSEYSIDE INTEGRATED CARE BOARD,Independent sector / other,307,285,307,0,92.8
2025-07-01,RBK,WALSALL HEALTHCARE NHS TRUST,NHS BLACK COUNTRY INTEGRATED CARE BOARD,NHS trust,28313,20134,28313,46,71.1
2025-07-01,RWW,WARRINGTON AND HALTON TEACHING HOSPITALS NHS FOUNDATION TRUST,NHS CHESHIRE AND MERSEYSIDE INTEGRATED CARE BOARD,NHS trust,33334,19052,33334,1619,57.2
2025-07-01,RWG,WEST HERTFORDSHIRE TEACHING HOSPITALS NHS TRUST,NHS HERTFORDSHIRE AND WEST ESSEX INTEGRATED CARE BOARD,NHS trust,46784,30305,46784,723,64.8
2025-07-01,NVC21,WEST MIDLANDS HOSPITAL,NHS BLACK COUNTRY INTEGRATED CARE BOARD,Independent sector / other,852,447,852,14,52.5
2025-07-01,RGR,WEST SUFFOLK NHS FOUNDATION TRUST,NHS SUFFOLK AND NORTH EAST ESSEX INTEGRATED CARE BOARD,NHS trust,35220,19817,35220,1670,56.3
2025-07-01,RKE,WHITTINGTON HEALTH NHS TRUST,NHS NORTH CENTRAL LONDON INTEGRATED CARE BOARD,NHS trust,26461,17221,26461,401,65.1
2025-07-01,NVC22,WINFIELD HOSPITAL,NHS GLOUCESTERSHIRE INTEGRATED CARE BOARD,Independent sector / other,1622,1031,1622,5,63.6
2025-07-01,NT443,WINTERBOURNE HOSPITAL,NHS DORSET INTEGRATED CARE BOARD,Independent sector / other,315,294,315,0,93.3
2025-07-01,RBL,WIRRAL UNIVERSITY TEACHING HOSPITAL NHS FOUNDATION TRUST,NHS CHESHIRE AND MERSEYSIDE INTEGRATED CARE BOARD,NHS trust,47478,29317,47478,1261,61.7
2025-07-01,NVC23,WOODLAND HOSPITAL,NHS NORTHAMPTONSHIRE INTEGRATED CARE BOARD,Independent sector / other,4771,3228,4771,51,67.7
2025-07-01,NT457,WOODLANDS HOSPITAL,NHS NORTH EAST AND NORTH CUMBRIA INTEGRATED CARE BOARD,Independent sector / other,2167,1732,2167,0,79.9
2025-07-01,NVC40,WOODTHORPE HOSPITAL,NHS NOTTINGHAM AND NOTTINGHAMSHIRE INTEGRATED CARE BOARD,Independent sector / other,3489,2601,3489,2,74.5
2025-07-01,RWP,WORCESTERSHIRE ACUTE HOSPITALS NHS TRUST,NHS HEREFORDSHIRE AND WORCESTERSHIRE INTEGRATED CARE BOARD,NHS trust,55701,32947,55701,926,59.1
2025-07-01,RRF,"WRIGHTINGTON, WIGAN AND LEIGH TEACHING HOSPITALS NHS FOUNDATION TRUST",NHS GREATER MANCHESTER INTEGRATED CARE BOARD,NHS trust,48869,27605,48869,1807,56.5
2025-07-01,RLQ,WYE VALLEY NHS TRUST,NHS HEREFORDSHIRE AND WORCESTERSHIRE INTEGRATED CARE BOARD,NHS trust,27198,16426,27198,909,60.4
2025-07-01,RCB,YORK AND SCARBOROUGH TEACHING HOSPITALS NHS FOUNDATION TRUST,NHS HUMBER AND NORTH YORKSHIRE INTEGRATED CARE BOARD,NHS trust,55405,32465,55405,1758,58.6
2025-08-01,NPR01,ABOUT HEALTH HQ,NHS SOMERSET INTEGRATED CARE BOARD,Independent sector / other,1147,1091,1147,0,95.1
2025-08-01,RCF,AIREDALE NHS FOUNDATION TRUST,NHS WEST YORKSHIRE INTEGRATED CARE BOARD,NHS trust,14032,9973,14032,53,71.1
2025-08-01,RBS,ALDER HEY CHILDREN'S NHS FOUNDATION TRUST,NHS CHESHIRE AND MERSEYSIDE INTEGRATED CARE BOARD,NHS trust,18760,11227,18760,428,59.8
2025-08-01,NT401,ALEXANDRA HOSPITAL,NHS GREATER MANCHESTER INTEGRATED CARE BOARD,Independent sector / other,873,729,873,0,83.5
2025-08-01,NX5,ANGLIA COMMUNITY EYE SERVICE LTD,NHS CAMBRIDGESHIRE AND PETERBOROUGH INTEGRATED CARE BOARD,Independent sector / other,2082,1744,2082,1,83.8
2025-08-01,RTK,ASHFORD AND ST PETER'S HOSPITALS NHS FOUNDATION TRUST,NHS SURREY HEARTLANDS INTEGRATED CARE BOARD,NHS trust,55235,31594,55235,1092,57.2
2025-08-01,NVC01,ASHTEAD HOSPITAL,NHS SURREY HEARTLANDS INTEGRATED CARE BOARD,Independent sector / other,1061,886,1061,0,83.5
2025-08-01,RF4,"BARKING, HAVERING AND REDBRIDGE UNIVERSITY HOSPITALS NHS TRUST",NHS NORTH EAST LONDON INTEGRATED CARE BOARD,NHS trust,57944,41468,57944,565,71.6
2025-08-01,RFF,BARNSLEY HOSPITAL NHS FOUNDATION TRUST,NHS SOUTH YORKSHIRE INTEGRATED CARE BOARD,NHS trust,26332,17458,26332,199,66.3
2025-08-01,R1H,BARTS HEALTH NHS TRUST,NHS NORTH EAST LONDON INTEGRATED CARE BOARD,NHS trust,134064,75283,134064,4509,56.2
2025-08-01,NT402,BATH CLINIC,"NHS BATH AND NORTH EAST SOMERSET, SWINDON AND WILTSHIRE INTEGRATED CARE BOARD",Independent sector / other,787,595,787,0,75.6
2025-08-01,NRP,BEACON MEDICAL SERVICES GROUP LIMITED,NHS GREATER MANCHESTER INTEGRATED CARE BOARD,Independent sector / other,921,843,921,1,91.5
2025-08-01,NVC0I,BEACON PARK HOSPITAL,NHS STAFFORDSHIRE AND STOKE-ON-TRENT INTEGRATED CARE BOARD,Independent sector / other,899,713,899,0,79.3
2025-08-01,NT403,BEARDWOOD HOSPITAL,NHS LANCASHIRE AND SOUTH CUMBRIA INTEGRATED CARE BOARD,Independent sector / other,2368,1945,2368,0,82.1
2025-08-01,NT404,BEAUMONT HOSPITAL,NHS GREATER MANCHESTER INTEGRATED CARE BOARD,Independent sector / other,2900,2013,2900,11,69.4
2025-08-01,RC9,BEDFORDSHIRE HOSPITALS NHS FOUNDATION TRUST,"NHS BEDFORDSHIRE, LUTON AND MILTON KEYNES INTEGRATED CARE BOARD",NHS trust,87232,51660,87232,1948,59.2
2025-08-01,NWF01,BENENDEN HOSPITAL,NHS KENT AND MEDWAY INTEGRATED CARE BOARD,Independent sector / other,1505,1145,1505,13,76.1
2025-08-01,RWX,BERKSHIRE HEALTHCARE NHS FOUNDATION TRUST,NHS FRIMLEY INTEGRATED CARE BOARD,NHS trust,82,82,82,0,100.0
2025-08-01,RYW,BIRMINGHAM COMMUNITY HEALTHCARE NHS FOUNDATION TRUST,NHS BIRMINGHAM AND SOLIHULL INTEGRATED CARE BOARD,NHS trust,16229,11061,16229,61,68.2
2025-08-01,RQ3,BIRMINGHAM WOMEN'S AND CHILDREN'S NHS FOUNDATION TRUST,NHS BIRMINGHAM AND SOLIHULL INTEGRATED CARE BOARD,NHS trust,25197,14184,25197,293,56.3
2025-08-01,NT405,BISHOPS WOOD HOSPITAL,NHS NORTH WEST LONDON INTEGRATED CARE BOARD,Independent sector / other,523,445,523,0,85.1
2025-08-01,NT406,BLACKHEATH HOSPITAL,NHS SOUTH EAST LONDON INTEGRATED CARE BOARD,Independent sector / other,1494,1101,1494,64,73.7
2025-08-01,RXL,BLACKPOOL TEACHING HOSPITALS NHS FOUNDATION TRUST,NHS LANCASHIRE AND SOUTH CUMBRIA INTEGRATED CARE BOARD,NHS trust,42610,23588,42610,2010,55.4
2025-08-01,NVC31,BLAKELANDS HOSPITAL,"NHS BEDFORDSHIRE, LUTON AND MILTON KEYNES INTEGRATED CARE BOARD",Independent sector / other,2299,1689,2299,15,73.5
2025-08-01,RMC,BOLTON NHS FOUNDATION TRUST,NHS GREATER MANCHESTER INTEGRATED CARE BOARD,NHS trust,37521,21767,37521,1153,58.0
2025-08-01,R5J3Z,BORDER HEALTH ALLIANCE LIMITED,NHS HEREFORDSHIRE AND WORCESTERSHIRE INTEGRATED CARE BOARD,Independent sector / other,434,361,434,0,83.2
2025-08-01,NVC27,BOSTON WEST HOSPITAL,NHS LINCOLNSHIRE INTEGRATED CARE BOARD,Independent sector / other,1814,1279,1814,12,70.5
2025-08-01,TAD,BRADFORD DISTRICT CARE NHS FOUNDATION TRUST,NHS WEST YORKSHIRE INTEGRATED CARE BOARD,NHS trust,584,352,584,4,60.3
2025-08-01,RAE,BRADFORD TEACHING HOSPITALS NHS FOUNDATION TRUST,NHS WEST YORKSHIRE INTEGRATED CARE BOARD,NHS trust,33728,22136,33728,238,65.6
2025-08-01,RXQ,BUCKINGHAMSHIRE HEALTHCARE NHS TRUST,"NHS BUCKINGHAMSHIRE, OXFORDSHIRE AND BERKSHIRE WEST INTEGRATED CARE BOARD",NHS trust,50258,29488,50258,1382,58.7
2025-08-01,A4M8P,BUCKSHAW HOSPITAL,NHS LANCASHIRE AND SOUTH CUMBRIA INTEGRATED CARE BOARD,Independent sector / other,3230,2199,3230,55,68.1
2025-08-01,RWY,CALDERDALE AND HUDDERSFIELD NHS FOUNDATION TRUST,NHS WEST YORKSHIRE INTEGRATED CARE BOARD,NHS trust,36738,25245,36738,48,68.7
2025-08-01,RGT,CAMBRIDGE UNIVERSITY HOSPITALS NHS FOUNDATION TRUST,NHS CAMBRIDGESHIRE AND PETERBOROUGH INTEGRATED CARE BOARD,NHS trust,66120,38242,66120,2571,57.8
2025-08-01,RT1,CAMBRIDGESHIRE AND PETERBOROUGH NHS FOUNDATION TRUST,NHS CAMBRIDGESHIRE AND PETERBOROUGH INTEGRATED CARE BOARD,NHS trust,335,135,335,63,40.3
2025-08-01,NL3,CARE PLUS GROUP,NHS HUMBER AND NORTH YORKSHIRE INTEGRATED CARE BOARD,Independent sector / other,193,179,193,0,92.7
2025-08-01,NT451,CAVELL HOSPITAL,NHS NORTH CENTRAL LONDON INTEGRATED CARE BOARD,Independent sector / other,1347,1061,1347,3,78.8
2025-08-01,U0K8N,CES MEDICAL,NHS KENT AND MEDWAY INTEGRATED CARE BOARD,Independent sector / other,32,32,32,0,100.0
2025-08-01,NT408,CHAUCER HOSPITAL,NHS KENT AND MEDWAY INTEGRATED CARE BOARD,Independent sector / other,809,670,809,0,82.8
2025-08-01,RQM,CHELSEA AND WESTMINSTER HOSPITAL NHS FOUNDATION TRUST,NHS NORTH WEST LONDON INTEGRATED CARE BOARD,NHS trust,72327,43401,72327,1337,60.0
2025-08-01,NT409,CHELSFIELD PARK HOSPITAL,NHS SOUTH EAST LONDON INTEGRATED CARE BOARD,Independent sector / other,811,661,811,4,81.5
2025-08-01,RFS,CHESTERFIELD ROYAL HOSPITAL NHS FOUNDATION TRUST,NHS DERBY AND DERBYSHIRE INTEGRATED CARE BOARD,NHS trust,32396,18961,32396,1068,58.5
2025-08-01,NT410,CHILTERN HOSPITAL,"NHS BUCKINGHAMSHIRE, OXFORDSHIRE AND BERKSHIRE WEST INTEGRATED CARE BOARD",Independent sector / other,419,337,419,0,80.4
2025-08-01,F9Z4V,CIRCLE READING HOSPITAL,"NHS BUCKINGHAMSHIRE, OXFORDSHIRE AND BERKSHIRE WEST INTEGRATED CARE BOARD",Independent sector / other,1759,1292,1759,2,73.5
2025-08-01,B3M1X,CLAREMONT PRIVATE HOSPITAL,NHS SOUTH YORKSHIRE INTEGRATED CARE BOARD,Independent sector / other,2146,1564,2146,7,72.9
2025-08-01,NT411,CLEMENTINE CHURCHILL HOSPITAL,NHS NORTH WEST LONDON INTEGRATED CARE BOARD,Independent sector / other,2000,1990,2000,0,99.5
2025-08-01,NVC28,CLIFTON PARK HOSPITAL,NHS HUMBER AND NORTH YORKSHIRE INTEGRATED CARE BOARD,Independent sector / other,1691,1119,1691,11,66.2
2025-08-01,NVC29,COBALT HOSPITAL,NHS NORTH EAST AND NORTH CUMBRIA INTEGRATED CARE BOARD,Independent sector / other,1607,1219,1607,23,75.9
2025-08-01,NLG,COMMUNITAS CLINICS,NHS SOUTH WEST LONDON INTEGRATED CARE BOARD,Independent sector / other,13176,6417,13176,527,48.7
2025-08-01,AAV,COMMUNITY HEALTH AND EYECARE LIMITED,NHS LANCASHIRE AND SOUTH CUMBRIA INTEGRATED CARE BOARD,Independent sector / other,3451,3408,3451,0,98.8
2025-08-01,NMG,CORA HEALTH MSK (FORMERLY CONNECT HEALTH LTD),NHS NORTH EAST AND NORTH CUMBRIA INTEGRATED CARE BOARD,Independent sector / other,17910,16100,17910,2,89.9
2025-08-01,RJ8,CORNWALL PARTNERSHIP NHS FOUNDATION TRUST,NHS CORNWALL AND THE ISLES OF SCILLY INTEGRATED CARE BOARD,NHS trust,434,431,434,0,99.3
2025-08-01,DFY01,COTSWOLDS SURGICAL PARTNERS,"NHS BATH AND NORTH EAST SOMERSET, SWINDON AND WILTSHIRE INTEGRATED CARE BOARD",Independent sector / other,2,2,2,0,100.0
2025-08-01,RJR,COUNTESS OF CHESTER HOSPITAL NHS FOUNDATION TRUST,NHS CHESHIRE AND MERSEYSIDE INTEGRATED CARE BOARD,NHS trust,38056,18587,38056,3366,48.8
2025-08-01,RXP,COUNTY DURHAM AND DARLINGTON NHS FOUNDATION TRUST,NHS NORTH EAST AND NORTH CUMBRIA INTEGRATED CARE BOARD,NHS trust,41465,28484,41465,479,68.7
2025-08-01,RJ6,CROYDON HEALTH SERVICES NHS TRUST,NHS SOUTH WEST LONDON INTEGRATED CARE BOARD,NHS trust,36892,25258,36892,734,68.5
2025-08-01,RX4,"CUMBRIA, NORTHUMBERLAND, TYNE AND WEAR NHS FOUNDATION TRUST",NHS NORTH EAST AND NORTH CUMBRIA INTEGRATED CARE BOARD,NHS trust,155,155,155,0,100.0
2025-08-01,RN7,DARTFORD AND GRAVESHAM NHS TRUST,NHS KENT AND MEDWAY INTEGRATED CARE BOARD,NHS trust,32695,19733,32695,1219,60.4
2025-08-01,NVL,DMC DERMATOLOGY,NHS GREATER MANCHESTER INTEGRATED CARE BOARD,Independent sector / other,156,156,156,0,100.0
2025-08-01,NCN,DMC HEALTHCARE,NHS SOUTH EAST LONDON INTEGRATED CARE BOARD,Independent sector / other,1551,1543,1551,0,99.5
2025-08-01,RP5,DONCASTER AND BASSETLAW TEACHING HOSPITALS NHS FOUNDATION TRUST,NHS SOUTH YORKSHIRE INTEGRATED CARE BOARD,NHS trust,57223,34712,57223,1735,60.7
2025-08-01,NNE,DORKING HEALTHCARE LIMITED (DHC),NHS SURREY HEARTLANDS INTEGRATED CARE BOARD,Independent sector / other,6391,5348,6391,1,83.7
2025-08-01,RBD,DORSET COUNTY HOSPITAL NHS FOUNDATION TRUST,NHS DORSET INTEGRATED CARE BOARD,NHS trust,22300,13088,22300,365,58.7
2025-08-01,NT412,DROITWICH SPA HOSPITAL,NHS HEREFORDSHIRE AND WORCESTERSHIRE INTEGRATED CARE BOARD,Independent sector / other,1853,1411,1853,2,76.1
2025-08-01,NT447,DUCHY HOSPITAL,NHS HUMBER AND NORTH YORKSHIRE INTEGRATED CARE BOARD,Independent sector / other,398,269,398,0,67.6
2025-08-01,NVC04,DUCHY HOSPITAL,NHS CORNWALL AND THE ISLES OF SCILLY INTEGRATED CARE BOARD,Independent sector / other,1938,983,1938,7,50.7
2025-08-01,RWH,EAST AND NORTH HERTFORDSHIRE TEACHING NHS TRUST,NHS HERTFORDSHIRE AND WEST ESSEX INTEGRATED CARE BOARD,NHS trust,50875,31138,50875,781,61.2
2025-08-01,RJN,EAST CHESHIRE NHS TRUST,NHS CHESHIRE AND MERSEYSIDE INTEGRATED CARE BOARD,NHS trust,18248,10778,18248,435,59.1
2025-08-01,RVV,EAST KENT HOSPITALS UNIVERSITY NHS FOUNDATION TRUST,NHS KENT AND MEDWAY INTEGRATED CARE BOARD,NHS trust,80064,43761,80064,2320,54.7
2025-08-01,RXR,EAST LANCASHIRE HOSPITALS NHS TRUST,NHS LANCASHIRE AND SOUTH CUMBRIA INTEGRATED CARE BOARD,NHS trust,57217,34397,57217,2083,60.1
2025-08-01,RDE,EAST SUFFOLK AND NORTH ESSEX NHS FOUNDATION TRUST,NHS SUFFOLK AND NORTH EAST ESSEX INTEGRATED CARE BOARD,NHS trust,93276,52766,93276,2976,56.6
2025-08-01,RXC,EAST SUSSEX HEALTHCARE NHS TRUST,NHS SUSSEX INTEGRATED CARE BOARD,NHS trust,62249,39501,62249,834,63.5
2025-08-01,NT445,EDGBASTON HOSPITAL,NHS BIRMINGHAM AND SOLIHULL INTEGRATED CARE BOARD,Independent sector / other,1,1,1,0,100.0
2025-08-01,M9U8M,ENDOCARE DIAGNOSTICS LTD,NHS GREATER MANCHESTER INTEGRATED CARE BOARD,Independent sector / other,101,101,101,0,100.0
2025-08-01,RVR,EPSOM AND ST HELIER UNIVERSITY HOSPITALS NHS TRUST,NHS SOUTH WEST LONDON INTEGRATED CARE BOARD,NHS trust,59726,38035,59726,1091,63.7
2025-08-01,NVM,EPSOMEDICAL GROUP,NHS SURREY HEARTLANDS INTEGRATED CARE BOARD,Independent sector / other,2935,2617,2935,22,89.2
2025-08-01,NVC05,EUXTON HALL HOSPITAL,NHS LANCASHIRE AND SOUTH CUMBRIA INTEGRATED CARE BOARD,Independent sector / other,3213,2124,3213,34,66.1
2025-08-01,NVC0Y,EXETER MEDICAL,NHS DEVON INTEGRATED CARE BOARD,Independent sector / other,217,142,217,3,65.4
2025-08-01,ACM,EYE CARE MEDICAL LTD,NHS CHESHIRE AND MERSEYSIDE INTEGRATED CARE BOARD,Independent sector / other,12,12,12,0,100.0
2025-08-01,Y9S1N,FAIRFIELD INDEPENDENT HOSPITAL,NHS CHESHIRE AND MERSEYSIDE INTEGRATED CARE BOARD,Independent sector / other,2342,1575,2342,7,67.3
2025-08-01,NDJ,FIRST COMMUNITY HEALTH AND CARE CIC,NHS SURREY HEARTLANDS INTEGRATED CARE BOARD,Independent sector / other,689,671,689,0,97.4
2025-08-01,NVC06,FITZWILLIAM HOSPITAL,NHS CAMBRIDGESHIRE AND PETERBOROUGH INTEGRATED CARE BOARD,Independent sector / other,5865,3569,5865,15,60.9
2025-08-01,RDU,FRIMLEY HEALTH NHS FOUNDATION TRUST,NHS FRIMLEY INTEGRATED CARE BOARD,NHS trust,71038,39309,71038,1713,55.3
2025-08-01,NVC07,FULWOOD HALL HOSPITAL,NHS LANCASHIRE AND SOUTH CUMBRIA INTEGRATED CARE BOARD,Independent sector / other,5286,3892,5286,53,73.6
2025-08-01,RR7,GATESHEAD HEALTH NHS FOUNDATION TRUST,NHS NORTH EAST AND NORTH CUMBRIA INTEGRATED CARE BOARD,NHS trust,13533,9121,13533,55,67.4
2025-08-01,RLT,GEORGE ELIOT HOSPITAL NHS TRUST,NHS COVENTRY AND WARWICKSHIRE INTEGRATED CARE BOARD,NHS trust,20217,12738,20217,170,63.0
2025-08-01,K8I4X,GLENDON WOOD HOSPITAL,NHS NORTHAMPTONSHIRE INTEGRATED CARE BOARD,Independent sector / other,1317,1086,1317,1,82.5
2025-08-01,RTE,GLOUCESTERSHIRE HOSPITALS NHS FOUNDATION TRUST,NHS GLOUCESTERSHIRE INTEGRATED CARE BOARD,NHS trust,60358,40600,60358,37,67.3
2025-08-01,NT417,GORING HALL HOSPITAL,NHS SUSSEX INTEGRATED CARE BOARD,Independent sector / other,1063,628,1063,24,59.1
2025-08-01,NWV01,GP CARE UK,"NHS BRISTOL, NORTH SOMERSET AND SOUTH GLOUCESTERSHIRE INTEGRATED CARE BOARD",Independent sector / other,515,515,515,0,100.0
2025-08-01,RP4,GREAT ORMOND STREET HOSPITAL FOR CHILDREN NHS FOUNDATION TRUST,NHS NORTH CENTRAL LONDON INTEGRATED CARE BOARD,NHS trust,8000,5534,8000,246,69.2
2025-08-01,RN3,GREAT WESTERN HOSPITALS NHS FOUNDATION TRUST,"NHS BATH AND NORTH EAST SOMERSET, SWINDON AND WILTSHIRE INTEGRATED CARE BOARD",NHS trust,40133,24264,40133,646,60.5
2025-08-01,RJ1,GUY'S AND ST THOMAS' NHS FOUNDATION TRUST,NHS SOUTH EAST LONDON INTEGRATED CARE BOARD,NHS trust,112391,72784,112391,2680,64.8
2025-08-01,RW1,HAMPSHIRE AND ISLE OF WIGHT HEALTHCARE NHS FOUNDATION TRUST,NHS HAMPSHIRE AND ISLE OF WIGHT INTEGRATED CARE BOARD,NHS trust,4152,3845,4152,0,92.6
2025-08-01,NT418,HAMPSHIRE CLINIC,NHS HAMPSHIRE AND ISLE OF WIGHT INTEGRATED CARE BOARD,Independent sector / other,290,224,290,2,77.2
2025-08-01,RN5,HAMPSHIRE HOSPITALS NHS FOUNDATION TRUST,NHS HAMPSHIRE AND ISLE OF WIGHT INTEGRATED CARE BOARD,NHS trust,50866,30047,50866,2048,59.1
2025-08-01,NT419,HARBOUR HOSPITAL,NHS DORSET INTEGRATED CARE BOARD,Independent sector / other,130,89,130,1,68.5
2025-08-01,RCD,HARROGATE AND DISTRICT NHS FOUNDATION TRUST,NHS HUMBER AND NORTH YORKSHIRE INTEGRATED CARE BOARD,NHS trust,20159,14405,20159,7,71.5
2025-08-01,S5E5Y,HCRG CARE DERMATOLOGY THE IRONSTONE CENTRE,NHS HUMBER AND NORTH YORKSHIRE INTEGRATED CARE BOARD,Independent sector / other,2206,1805,2206,39,81.8
2025-08-01,NYR,HEALTHSHARE DIAGNOSTICS,NHS KENT AND MEDWAY INTEGRATED CARE BOARD,Independent sector / other,2501,2013,2501,24,80.5
2025-08-01,NRL,HEART NETWORKS,NHS GREATER MANCHESTER INTEGRATED CARE BOARD,Independent sector / other,415,414,415,0,99.8
2025-08-01,NT416,HENDON HOSPITAL,NHS NORTH CENTRAL LONDON INTEGRATED CARE BOARD,Independent sector / other,1115,862,1115,7,77.3
2025-08-01,R1A,HEREFORDSHIRE AND WORCESTERSHIRE HEALTH AND CARE NHS TRUST,NHS HEREFORDSHIRE AND WORCESTERSHIRE INTEGRATED CARE BOARD,NHS trust,108,98,108,0,90.7
2025-08-01,NT420,HIGHFIELD HOSPITAL,NHS GREATER MANCHESTER INTEGRATED CARE BOARD,Independent sector / other,1000,840,1000,0,84.0
2025-08-01,RQX,HOMERTON HEALTHCARE NHS FOUNDATION TRUST,NHS NORTH EAST LONDON INTEGRATED CARE BOARD,NHS trust,34340,22425,34340,413,65.3
2025-08-01,NT448,HUDDERSFIELD PRIVATE HOSPITAL,NHS WEST YORKSHIRE INTEGRATED CARE BOARD,Independent sector / other,746,603,746,45,80.8
2025-08-01,RWA,HULL UNIVERSITY TEACHING HOSPITALS NHS TRUST,NHS HUMBER AND NORTH YORKSHIRE INTEGRATED CARE BOARD,NHS trust,80655,45759,80655,3261,56.7
2025-08-01,RYJ,IMPERIAL COLLEGE HEALTHCARE NHS TRUST,NHS NORTH WEST LONDON INTEGRATED CARE BOARD,NHS trust,91122,55356,91122,1341,60.7
2025-08-01,NXP,INDEPENDENT HEALTH GROUP,"NHS BATH AND NORTH EAST SOMERSET, SWINDON AND WILTSHIRE INTEGRATED CARE BOARD",Independent sector / other,1006,976,1006,0,97.0
2025-08-01,NV1,INHEALTH LIMITED,"NHS BUCKINGHAMSHIRE, OXFORDSHIRE AND BERKSHIRE WEST INTEGRATED CARE BOARD",Independent sector / other,1755,1218,1755,0,69.4
2025-08-01,NCR,ISIGHT,NHS CHESHIRE AND MERSEYSIDE INTEGRATED CARE BOARD,Independent sector / other,1019,964,1019,0,94.6
2025-08-01,R1F,ISLE OF WIGHT NHS TRUST,NHS HAMPSHIRE AND ISLE OF WIGHT INTEGRATED CARE BOARD,NHS trust,13899,8713,13899,121,62.7
2025-08-01,RGP,JAMES PAGET UNIVERSITY HOSPITALS NHS FOUNDATION TRUST,NHS NORFOLK AND WAVENEY INTEGRATED CARE BOARD,NHS trust,35421,18158,35421,1819,51.3
2025-08-01,RYY,KENT COMMUNITY HEALTH NHS FOUNDATION TRUST,NHS KENT AND MEDWAY INTEGRATED CARE BOARD,NHS trust,3641,3639,3641,0,99.9
2025-08-01,RNQ,KETTERING GENERAL HOSPITAL NHS FOUNDATION TRUST,NHS NORTHAMPTONSHIRE INTEGRATED CARE BOARD,NHS trust,25619,15784,25619,281,61.6
2025-08-01,ADP02,KIMS HOSPITAL (NEWNHAM COURT),NHS KENT AND MEDWAY INTEGRATED CARE BOARD,Independent sector / other,1207,1124,1207,0,93.1
2025-08-01,RJZ,KING'S COLLEGE HOSPITAL NHS FOUNDATION TRUST,NHS SOUTH EAST LONDON INTEGRATED CARE BOARD,NHS trust,79638,47828,79638,1900,60.1
2025-08-01,NT421,KINGS OAK HOSPITAL,NHS NORTH CENTRAL LONDON INTEGRATED CARE BOARD,Independent sector / other,1003,770,1003,2,76.8
2025-08-01,RAX,KINGSTON AND RICHMOND NHS FOUNDATION TRUST,NHS SOUTH WEST LONDON INTEGRATED CARE BOARD,NHS trust,42937,27072,42937,260,63.1
2025-08-01,RW5,LANCASHIRE & SOUTH CUMBRIA NHS FOUNDATION TRUST,NHS LANCASHIRE AND SOUTH CUMBRIA INTEGRATED CARE BOARD,NHS trust,2217,2009,2217,0,90.6
2025-08-01,RXN,LANCASHIRE TEACHING HOSPITALS NHS FOUNDATION TRUST,NHS LANCASHIRE AND SOUTH CUMBRIA INTEGRATED CARE BOARD,NHS trust,65337,34848,65337,2158,53.3
2025-08-01,NLE01,LANCASTER HOUSE CONSULTING DIAGNOSTICS SURGICAL LTD HQ,NHS GREATER MANCHESTER INTEGRATED CARE BOARD,Independent sector / other,381,360,381,0,94.5
2025-08-01,NT449,LANCASTER PRIVATE HOSPITAL,NHS LANCASHIRE AND SOUTH CUMBRIA INTEGRATED CARE BOARD,Independent sector / other,408,305,408,1,74.8
2025-08-01,RR8,LEEDS TEACHING HOSPITALS NHS TRUST,NHS WEST YORKSHIRE INTEGRATED CARE BOARD,NHS trust,88367,58527,88367,1814,66.2
2025-08-01,RJ2,LEWISHAM AND GREENWICH NHS TRUST,NHS SOUTH EAST LONDON INTEGRATED CARE BOARD,NHS trust,53550,31659,53550,1745,59.1
2025-08-01,NT450,LINCOLN PRIVATE HOSPITAL,NHS LINCOLNSHIRE INTEGRATED CARE BOARD,Independent sector / other,1260,890,1260,0,70.6
2025-08-01,RP7,LINCOLNSHIRE PARTNERSHIP NHS FOUNDATION TRUST,NHS LINCOLNSHIRE INTEGRATED CARE BOARD,NHS trust,38,38,38,0,100.0
2025-08-01,RBQ,LIVERPOOL HEART AND CHEST HOSPITAL NHS FOUNDATION TRUST,NHS CHESHIRE AND MERSEYSIDE INTEGRATED CARE BOARD,NHS trust,5609,4166,5609,48,74.3
2025-08-01,REM,LIVERPOOL UNIVERSITY HOSPITALS NHS FOUNDATION TRUST,NHS CHESHIRE AND MERSEYSIDE INTEGRATED CARE BOARD,NHS trust,67595,37895,67595,2349,56.1
2025-08-01,REP,LIVERPOOL WOMEN'S NHS FOUNDATION TRUST,NHS CHESHIRE AND MERSEYSIDE INTEGRATED CARE BOARD,NHS trust,16831,7738,16831,1407,46.0
2025-08-01,NR5,LIVEWELL SOUTHWEST,NHS DEVON INTEGRATED CARE BOARD,Independent sector / other,62,59,62,0,95.2
2025-08-01,NL8,LOCALA COMMUNITY PARTNERSHIPS CIC,NHS WEST YORKSHIRE INTEGRATED CARE BOARD,Independent sector / other,1245,1217,1245,1,97.8
2025-08-01,NT422,LONDON INDEPENDENT HOSPITAL,NHS NORTH EAST LONDON INTEGRATED CARE BOARD,Independent sector / other,3844,2689,3844,114,70.0
2025-08-01,R1K,LONDON NORTH WEST UNIVERSITY HEALTHCARE NHS TRUST,NHS NORTH WEST LONDON INTEGRATED CARE BOARD,NHS trust,86396,50247,86396,2026,58.2
2025-08-01,RWF,MAIDSTONE AND TUNBRIDGE WELLS NHS TRUST,NHS KENT AND MEDWAY INTEGRATED CARE BOARD,NHS trust,48851,33706,48851,0,69.0
2025-08-01,NN5,MANCHESTER SURGICAL SERVICES LTD,NHS GREATER MANCHESTER INTEGRATED CARE BOARD,Independent sector / other,375,320,375,0,85.3
2025-08-01,R0A,MANCHESTER UNIVERSITY NHS FOUNDATION TRUST,NHS GREATER MANCHESTER INTEGRATED CARE BOARD,NHS trust,188681,99484,188681,7210,52.7
2025-08-01,NT423,MANOR HOSPITAL,"NHS BEDFORDSHIRE, LUTON AND MILTON KEYNES INTEGRATED CARE BOARD",Independent sector / other,846,456,846,6,53.9
2025-08-01,AY1,MEDEFER,NHS NORTH CENTRAL LONDON INTEGRATED CARE BOARD,Independent sector / other,357,314,357,1,88.0
2025-08-01,RPA,MEDWAY NHS FOUNDATION TRUST,NHS KENT AND MEDWAY INTEGRATED CARE BOARD,NHS trust,39907,21078,39907,2053,52.8
2025-08-01,NT424,MERIDEN HOSPITAL,NHS COVENTRY AND WARWICKSHIRE INTEGRATED CARE BOARD,Independent sector / other,1837,1599,1837,1,87.0
2025-08-01,RBN,MERSEY AND WEST LANCASHIRE TEACHING HOSPITALS NHS TRUST,NHS CHESHIRE AND MERSEYSIDE INTEGRATED CARE BOARD,NHS trust,76887,48810,76887,1955,63.5
2025-08-01,RW4,MERSEY CARE NHS FOUNDATION TRUST,NHS CHESHIRE AND MERSEYSIDE INTEGRATED CARE BOARD,NHS trust,55,54,55,0,98.2
2025-08-01,RAJ,MID AND SOUTH ESSEX NHS FOUNDATION TRUST,NHS MID AND SOUTH ESSEX INTEGRATED CARE BOARD,NHS trust,176763,89401,176763,13784,50.6
2025-08-01,RBT,MID CHESHIRE HOSPITALS NHS FOUNDATION TRUST,NHS CHESHIRE AND MERSEYSIDE INTEGRATED CARE BOARD,NHS trust,44351,24312,44351,2051,54.8
2025-08-01,RXF,MID YORKSHIRE TEACHING NHS TRUST,NHS WEST YORKSHIRE INTEGRATED CARE BOARD,NHS trust,56521,34654,56521,297,61.3
2025-08-01,S4E3I,MIDLAND EYE (EYE-DOCS LTD),NHS BIRMINGHAM AND SOLIHULL INTEGRATED CARE BOARD,Independent sector / other,373,333,373,0,89.3
2025-08-01,RRE,MIDLANDS PARTNERSHIP UNIVERSITY NHS FOUNDATION TRUST,NHS STAFFORDSHIRE AND STOKE-ON-TRENT INTEGRATED CARE BOARD,NHS trust,7330,7035,7330,1,96.0
2025-08-01,RD8,MILTON KEYNES UNIVERSITY HOSPITAL NHS FOUNDATION TRUST,"NHS BEDFORDSHIRE, LUTON AND MILTON KEYNES INTEGRATED CARE BOARD",NHS trust,37620,19022,37620,2146,50.6
2025-08-01,RP6,MOORFIELDS EYE HOSPITAL NHS FOUNDATION TRUST,NHS NORTH CENTRAL LONDON INTEGRATED CARE BOARD,NHS trust,34900,28084,34900,31,80.5
2025-08-01,NT455,MOUNT ALVERNIA HOSPITAL,NHS SURREY HEARTLANDS INTEGRATED CARE BOARD,Independent sector / other,264,212,264,0,80.3
2025-08-01,NVC08,MOUNT STUART HOSPITAL,NHS DEVON INTEGRATED CARE BOARD,Independent sector / other,2030,1292,2030,51,63.6
2025-08-01,NVC09,NEW HALL HOSPITAL,"NHS BATH AND NORTH EAST SOMERSET, SWINDON AND WILTSHIRE INTEGRATED CARE BOARD",Independent sector / other,3364,2250,3364,41,66.9
2025-08-01,R7W2O,NEWCASTLE NEWMEDICA LTD,NHS NORTH EAST AND NORTH CUMBRIA INTEGRATED CARE BOARD,Independent sector / other,670,668,670,0,99.7
2025-08-01,N8R1N,NEWMEDICA - BERKSHIRE,NHS FRIMLEY INTEGRATED CARE BOARD,Independent sector / other,837,706,837,1,84.3
2025-08-01,C5Y9L,NEWMEDICA - BERKSHIRE - BRACKNELL,NHS FRIMLEY INTEGRATED CARE BOARD,Independent sector / other,70,62,70,0,88.6
2025-08-01,S1Z4X,NEWMEDICA - BIRMINGHAM,NHS BIRMINGHAM AND SOLIHULL INTEGRATED CARE BOARD,Independent sector / other,781,733,781,1,93.9
2025-08-01,C9A7J,NEWMEDICA - BRADFORD & HUDDERSFIELD,NHS WEST YORKSHIRE INTEGRATED CARE BOARD,Independent sector / other,277,268,277,0,96.8
2025-08-01,ACG22,NEWMEDICA - BRIGG - RIVERSIDE SURGERY,NHS HUMBER AND NORTH YORKSHIRE INTEGRATED CARE BOARD,Independent sector / other,979,816,979,0,83.4
2025-08-01,ACG20,NEWMEDICA - BRISTOL - LITFIELD HOUSE,"NHS BRISTOL, NORTH SOMERSET AND SOUTH GLOUCESTERSHIRE INTEGRATED CARE BOARD",Independent sector / other,312,301,312,0,96.5
2025-08-01,H2K1G,NEWMEDICA - BROMSGROVE,NHS HEREFORDSHIRE AND WORCESTERSHIRE INTEGRATED CARE BOARD,Independent sector / other,381,348,381,0,91.3
2025-08-01,Q1S8W,NEWMEDICA - BURY ST EDMUNDS,NHS SUFFOLK AND NORTH EAST ESSEX INTEGRATED CARE BOARD,Independent sector / other,2,2,2,0,100.0
2025-08-01,F1Y1H,NEWMEDICA - CHESHIRE OAKS,NHS CHESHIRE AND MERSEYSIDE INTEGRATED CARE BOARD,Independent sector / other,228,208,228,0,91.2
2025-08-01,F0R0W,NEWMEDICA - DARLINGTON,NHS NORTH EAST AND NORTH CUMBRIA INTEGRATED CARE BOARD,Independent sector / other,33,33,33,0,100.0
2025-08-01,ACG36,NEWMEDICA - EXETER - GLEN HOUSE,NHS DEVON INTEGRATED CARE BOARD,Independent sector / other,244,237,244,0,97.1
2025-08-01,ACG13,NEWMEDICA - GLOUCESTER (ASPEN MEDICAL CENTRE),NHS GLOUCESTERSHIRE INTEGRATED CARE BOARD,Independent sector / other,361,327,361,0,90.6
2025-08-01,L0D9W,NEWMEDICA - GLOUCESTER (BRIGHOUSE COURT),NHS GLOUCESTERSHIRE INTEGRATED CARE BOARD,Independent sector / other,836,769,836,1,92.0
2025-08-01,L4R3R,NEWMEDICA - HAMPSHIRE,NHS HAMPSHIRE AND ISLE OF WIGHT INTEGRATED CARE BOARD,Independent sector / other,1455,1323,1455,1,90.9
2025-08-01,Z1E5F,NEWMEDICA - HARROGATE,NHS HUMBER AND NORTH YORKSHIRE INTEGRATED CARE BOARD,Independent sector / other,204,196,204,0,96.1
2025-08-01,F7F6D,NEWMEDICA - HERTFORSHIRE - WELWYN GARDEN CITY,NHS HERTFORDSHIRE AND WEST ESSEX INTEGRATED CARE BOARD,Independent sector / other,322,308,322,0,95.7
2025-08-01,ACG37,NEWMEDICA - IPSWICH,NHS SUFFOLK AND NORTH EAST ESSEX INTEGRATED CARE BOARD,Independent sector / other,761,756,761,0,99.3
2025-08-01,ACG38,NEWMEDICA - LANGFORD,"NHS BRISTOL, NORTH SOMERSET AND SOUTH GLOUCESTERSHIRE INTEGRATED CARE BOARD",Independent sector / other,327,287,327,0,87.8
2025-08-01,N6Z0R,NEWMEDICA - LINCOLN,NHS LINCOLNSHIRE INTEGRATED CARE BOARD,Independent sector / other,58,51,58,0,87.9
2025-08-01,Z2L9B,NEWMEDICA - MANCHESTER WEST,NHS GREATER MANCHESTER INTEGRATED CARE BOARD,Independent sector / other,399,311,399,3,77.9
2025-08-01,ACG26,NEWMEDICA - NORTH DERBYSHIRE - MIDLAND COURT,NHS DERBY AND DERBYSHIRE INTEGRATED CARE BOARD,Independent sector / other,919,865,919,0,94.1
2025-08-01,M4C5R,NEWMEDICA - NORTHAMPTON,NHS NORTHAMPTONSHIRE INTEGRATED CARE BOARD,Independent sector / other,707,692,707,0,97.9
2025-08-01,B5M7B,NEWMEDICA - NORWICH,NHS NORFOLK AND WAVENEY INTEGRATED CARE BOARD,Independent sector / other,1230,1205,1230,0,98.0
2025-08-01,B1A5K,NEWMEDICA - NOTTINGHAM,NHS NOTTINGHAM AND NOTTINGHAMSHIRE INTEGRATED CARE BOARD,Independent sector / other,668,609,668,0,91.2
2025-08-01,M6L9D,NEWMEDICA - NOTTINGHAM - KEYWORTH,NHS NOTTINGHAM AND NOTTINGHAMSHIRE INTEGRATED CARE BOARD,Independent sector / other,16,16,16,0,100.0
2025-08-01,J3J8Z,NEWMEDICA - OXFORDSHIRE,"NHS BUCKINGHAMSHIRE, OXFORDSHIRE AND BERKSHIRE WEST INTEGRATED CARE BOARD",Independent sector / other,561,548,561,0,97.7
2025-08-01,P5Y6K,NEWMEDICA - SHREWSBURY,"NHS SHROPSHIRE, TELFORD AND WREKIN INTEGRATED CARE BOARD",Independent sector / other,263,262,263,0,99.6
2025-08-01,ACG39,NEWMEDICA - SWINDON,"NHS BATH AND NORTH EAST SOMERSET, SWINDON AND WILTSHIRE INTEGRATED CARE BOARD",Independent sector / other,56,37,56,0,66.1
2025-08-01,D0V5X,NEWMEDICA - SWINDON MURDOCK ROAD,"NHS BATH AND NORTH EAST SOMERSET, SWINDON AND WILTSHIRE INTEGRATED CARE BOARD",Independent sector / other,53,51,53,0,96.2
2025-08-01,ACG24,NEWMEDICA - TEESSIDE - NORTH ORMESBY,NHS NORTH EAST AND NORTH CUMBRIA INTEGRATED CARE BOARD,Independent sector / other,1000,990,1000,0,99.0
2025-08-01,ACG40,NEWMEDICA - WAKEFIELD,NHS WEST YORKSHIRE INTEGRATED CARE BOARD,Independent sector / other,532,514,532,0,96.6
2025-08-01,ACG31,NEWMEDICA - WORCESTER,NHS HEREFORDSHIRE AND WORCESTERSHIRE INTEGRATED CARE BOARD,Independent sector / other,796,742,796,0,93.2
2025-08-01,ACG30,NEWMEDICA - WORKSOP - DUKERIES,NHS NOTTINGHAM AND NOTTINGHAMSHIRE INTEGRATED CARE BOARD,Independent sector / other,148,141,148,0,95.3
2025-08-01,H4J9P,NEWMEDICA AZTEC WEST,"NHS BRISTOL, NORTH SOMERSET AND SOUTH GLOUCESTERSHIRE INTEGRATED CARE BOARD",Independent sector / other,675,582,675,0,86.2
2025-08-01,ACG19,NEWMEDICA COMMUNITY OPHTHALMOLOGY - LEEDS,NHS WEST YORKSHIRE INTEGRATED CARE BOARD,Independent sector / other,590,556,590,0,94.2
2025-08-01,ACG12,NEWMEDICA COMMUNITY OPHTHALMOLOGY - NORTH EAST LINCOLNSHIRE - GRIMSBY,NHS HUMBER AND NORTH YORKSHIRE INTEGRATED CARE BOARD,Independent sector / other,1058,902,1058,0,85.3
2025-08-01,A4Q9X,NEWMEDICA LEICESTER,"NHS LEICESTER, LEICESTERSHIRE AND RUTLAND INTEGRATED CARE BOARD",Independent sector / other,387,386,387,0,99.7
2025-08-01,ACG08,NEWMEDICA OPHTHALMOLOGY - NUNEATON - CAMP HILL - GP LED HEALTH CENTRE,NHS COVENTRY AND WARWICKSHIRE INTEGRATED CARE BOARD,Independent sector / other,21,19,21,0,90.5
2025-08-01,G4H0I,NEWMEDICA SUFFOLK - BURY ST EDMUNDS - CLARITY HOUSE,NHS SUFFOLK AND NORTH EAST ESSEX INTEGRATED CARE BOARD,Independent sector / other,605,600,605,0,99.2
2025-08-01,RM1,NORFOLK AND NORWICH UNIVERSITY HOSPITALS NHS FOUNDATION TRUST,NHS NORFOLK AND WAVENEY INTEGRATED CARE BOARD,NHS trust,82575,42824,82575,4155,51.9
2025-08-01,RVJ,NORTH BRISTOL NHS TRUST,"NHS BRISTOL, NORTH SOMERSET AND SOUTH GLOUCESTERSHIRE INTEGRATED CARE BOARD",NHS trust,44756,29200,44756,187,65.2
2025-08-01,RNN,NORTH CUMBRIA INTEGRATED CARE NHS FOUNDATION TRUST,NHS NORTH EAST AND NORTH CUMBRIA INTEGRATED CARE BOARD,NHS trust,35253,18959,35253,1376,53.8
2025-08-01,NVC11,NORTH DOWNS HOSPITAL,NHS SURREY HEARTLANDS INTEGRATED CARE BOARD,Independent sector / other,1745,1096,1745,29,62.8
2025-08-01,RVW,NORTH TEES AND HARTLEPOOL NHS FOUNDATION TRUST,NHS NORTH EAST AND NORTH CUMBRIA INTEGRATED CARE BOARD,NHS trust,20922,15206,20922,157,72.7
2025-08-01,RGN,NORTH WEST ANGLIA NHS FOUNDATION TRUST,NHS CAMBRIDGESHIRE AND PETERBOROUGH INTEGRATED CARE BOARD,NHS trust,78012,43924,78012,1336,56.3
2025-08-01,RNS,NORTHAMPTON GENERAL HOSPITAL NHS TRUST,NHS NORTHAMPTONSHIRE INTEGRATED CARE BOARD,NHS trust,43628,27361,43628,775,62.7
2025-08-01,RM3,NORTHERN CARE ALLIANCE NHS FOUNDATION TRUST,NHS GREATER MANCHESTER INTEGRATED CARE BOARD,NHS trust,139204,73350,139204,5194,52.7
2025-08-01,RJL,NORTHERN LINCOLNSHIRE AND GOOLE NHS FOUNDATION TRUST,NHS HUMBER AND NORTH YORKSHIRE INTEGRATED CARE BOARD,NHS trust,39698,23458,39698,1025,59.1
2025-08-01,RTF,NORTHUMBRIA HEALTHCARE NHS FOUNDATION TRUST,NHS NORTH EAST AND NORTH CUMBRIA INTEGRATED CARE BOARD,NHS trust,36391,29843,36391,5,82.0
2025-08-01,DFQ,NORWICH & NORFOLK SURGICAL LTD (N2S),NHS NORFOLK AND WAVENEY INTEGRATED CARE BOARD,Independent sector / other,874,730,874,0,83.5
2025-08-01,RX1,NOTTINGHAM UNIVERSITY HOSPITALS NHS TRUST,NHS NOTTINGHAM AND NOTTINGHAMSHIRE INTEGRATED CARE BOARD,NHS trust,83003,51278,83003,1962,61.8
2025-08-01,NQH,NOVUS HEALTH LTD,NHS WEST YORKSHIRE INTEGRATED CARE BOARD,Independent sector / other,904,885,904,0,97.9
2025-08-01,G3Q3Z,NUFFIELD HEALTH HIGHGATE HOSPITAL,NHS NORTH CENTRAL LONDON INTEGRATED CARE BOARD,Independent sector / other,811,649,811,4,80.0
2025-08-01,R0F4N,NUFFIELD HEALTH PARKSIDE HOSPITAL,NHS SOUTH WEST LONDON INTEGRATED CARE BOARD,Independent sector / other,953,499,953,254,52.4
2025-08-01,H4I8B,NUFFIELD HEALTH THE HOLLY HOSPITAL,NHS HERTFORDSHIRE AND WEST ESSEX INTEGRATED CARE BOARD,Independent sector / other,2591,2070,2591,14,79.9
2025-08-01,NT202,"NUFFIELD HEALTH, BOURNEMOUTH HOSPITAL",NHS DORSET INTEGRATED CARE BOARD,Independent sector / other,264,182,264,6,68.9
2025-08-01,NT204,"NUFFIELD HEALTH, BRENTWOOD HOSPITAL",NHS MID AND SOUTH ESSEX INTEGRATED CARE BOARD,Independent sector / other,1797,1076,1797,315,59.9
2025-08-01,NT205,"NUFFIELD HEALTH, BRIGHTON HOSPITAL",NHS SUSSEX INTEGRATED CARE BOARD,Independent sector / other,864,395,864,73,45.7
2025-08-01,NT206,"NUFFIELD HEALTH, BRISTOL HOSPITAL (CHESTERFIELD)","NHS BRISTOL, NORTH SOMERSET AND SOUTH GLOUCESTERSHIRE INTEGRATED CARE BOARD",Independent sector / other,646,502,646,0,77.7
2025-08-01,NT209,"NUFFIELD HEALTH, CAMBRIDGE HOSPITAL",NHS CAMBRIDGESHIRE AND PETERBOROUGH INTEGRATED CARE BOARD,Independent sector / other,324,226,324,3,69.8
2025-08-01,NT211,"NUFFIELD HEALTH, CHELTENHAM HOSPITAL",NHS GLOUCESTERSHIRE INTEGRATED CARE BOARD,Independent sector / other,112,16,112,3,14.3
2025-08-01,NT212,"NUFFIELD HEALTH, CHICHESTER HOSPITAL",NHS SUSSEX INTEGRATED CARE BOARD,Independent sector / other,1158,524,1158,112,45.3
2025-08-01,NT213,"NUFFIELD HEALTH, DERBY HOSPITAL",NHS DERBY AND DERBYSHIRE INTEGRATED CARE BOARD,Independent sector / other,1066,532,1066,49,49.9
2025-08-01,NT215,"NUFFIELD HEALTH, EXETER HOSPITAL",NHS DEVON INTEGRATED CARE BOARD,Independent sector / other,521,220,521,116,42.2
2025-08-01,NT216,"NUFFIELD HEALTH, GUILDFORD HOSPITAL",NHS SURREY HEARTLANDS INTEGRATED CARE BOARD,Independent sector / other,443,181,443,65,40.9
2025-08-01,NT218,"NUFFIELD HEALTH, HAYWARDS HEATH HOSPITAL",NHS SUSSEX INTEGRATED CARE BOARD,Independent sector / other,422,275,422,5,65.2
2025-08-01,NT219,"NUFFIELD HEALTH, HEREFORD HOSPITAL",NHS HEREFORDSHIRE AND WORCESTERSHIRE INTEGRATED CARE BOARD,Independent sector / other,322,309,322,0,96.0
2025-08-01,NT225,"NUFFIELD HEALTH, LEEDS HOSPITAL",NHS WEST YORKSHIRE INTEGRATED CARE BOARD,Independent sector / other,1583,825,1583,281,52.1
2025-08-01,NT226,"NUFFIELD HEALTH, LEICESTER HOSPITAL","NHS LEICESTER, LEICESTERSHIRE AND RUTLAND INTEGRATED CARE BOARD",Independent sector / other,413,375,413,2,90.8
2025-08-01,NT229,"NUFFIELD HEALTH, NEWCASTLE UPON TYNE HOSPITAL",NHS NORTH EAST AND NORTH CUMBRIA INTEGRATED CARE BOARD,Independent sector / other,632,359,632,8,56.8
2025-08-01,NT230,"NUFFIELD HEALTH, NORTH STAFFORDSHIRE HOSPITAL",NHS STAFFORDSHIRE AND STOKE-ON-TRENT INTEGRATED CARE BOARD,Independent sector / other,1479,1144,1479,3,77.3
2025-08-01,NT233,"NUFFIELD HEALTH, PLYMOUTH HOSPITAL",NHS DEVON INTEGRATED CARE BOARD,Independent sector / other,998,672,998,14,67.3
2025-08-01,NT235,"NUFFIELD HEALTH, SHREWSBURY HOSPITAL","NHS SHROPSHIRE, TELFORD AND WREKIN INTEGRATED CARE BOARD",Independent sector / other,206,186,206,0,90.3
2025-08-01,NT238,"NUFFIELD HEALTH, TAUNTON HOSPITAL",NHS SOMERSET INTEGRATED CARE BOARD,Independent sector / other,273,171,273,13,62.6
2025-08-01,NT237,"NUFFIELD HEALTH, TEES HOSPITAL",NHS NORTH EAST AND NORTH CUMBRIA INTEGRATED CARE BOARD,Independent sector / other,1280,908,1280,0,70.9
2025-08-01,NT210,"NUFFIELD HEALTH, THE GROSVENOR HOSPITAL, CHESTER",NHS CHESHIRE AND MERSEYSIDE INTEGRATED CARE BOARD,Independent sector / other,422,333,422,1,78.9
2025-08-01,NT239,"NUFFIELD HEALTH, TUNBRIDGE WELLS HOSPITAL",NHS KENT AND MEDWAY INTEGRATED CARE BOARD,Independent sector / other,133,68,133,2,51.1
2025-08-01,NT224,"NUFFIELD HEALTH, WARWICKSHIRE HOSPITAL",NHS COVENTRY AND WARWICKSHIRE INTEGRATED CARE BOARD,Independent sector / other,383,290,383,5,75.7
2025-08-01,NT214,"NUFFIELD HEALTH, WESSEX HOSPITAL",NHS HAMPSHIRE AND ISLE OF WIGHT INTEGRATED CARE BOARD,Independent sector / other,678,414,678,45,61.1
2025-08-01,NT241,"NUFFIELD HEALTH, WOKING HOSPITAL",NHS SURREY HEARTLANDS INTEGRATED CARE BOARD,Independent sector / other,485,294,485,84,60.6
2025-08-01,NT242,"NUFFIELD HEALTH, WOLVERHAMPTON HOSPITAL",NHS BLACK COUNTRY INTEGRATED CARE BOARD,Independent sector / other,474,374,474,2,78.9
2025-08-01,NT245,"NUFFIELD HEALTH, YORK HOSPITAL",NHS HUMBER AND NORTH YORKSHIRE INTEGRATED CARE BOARD,Independent sector / other,932,804,932,6,86.3
2025-08-01,NT244,NUFFIELD HOSPITAL OXFORD (THE MANOR),"NHS BUCKINGHAMSHIRE, OXFORDSHIRE AND BERKSHIRE WEST INTEGRATED CARE BOARD",Independent sector / other,113,102,113,1,90.3
2025-08-01,NVC12,OAKLANDS HOSPITAL,NHS GREATER MANCHESTER INTEGRATED CARE BOARD,Independent sector / other,4200,3287,4200,5,78.3
2025-08-01,NVC13,OAKS HOSPITAL,NHS SUFFOLK AND NORTH EAST ESSEX INTEGRATED CARE BOARD,Independent sector / other,785,457,785,13,58.2
2025-08-01,DXV,OMNES HEALTHCARE LTD,NHS GREATER MANCHESTER INTEGRATED CARE BOARD,Independent sector / other,11055,9140,11055,15,82.7
2025-08-01,AWR,ONE STOP DOCTORS LIMITED,NHS HERTFORDSHIRE AND WEST ESSEX INTEGRATED CARE BOARD,Independent sector / other,28,28,28,0,100.0
2025-08-01,NNH,OPTEGRA UK,NHS SURREY HEARTLANDS INTEGRATED CARE BOARD,Independent sector / other,6365,6349,6365,0,99.7
2025-08-01,NQM01,ORTHOPAEDICS & SPINE SPECIALIST HOSPITAL SITE,NHS CAMBRIDGESHIRE AND PETERBOROUGH INTEGRATED CARE BOARD,Independent sector / other,170,139,170,0,81.8
2025-08-01,Q2Y5H,OVIVA UK LTD,NHS SOUTH EAST LONDON INTEGRATED CARE BOARD,Independent sector / other,20681,19507,20681,0,94.3
2025-08-01,RTH,OXFORD UNIVERSITY HOSPITALS NHS FOUNDATION TRUST,"NHS BUCKINGHAMSHIRE, OXFORDSHIRE AND BERKSHIRE WEST INTEGRATED CARE BOARD",NHS trust,86320,50764,86320,2722,58.8
2025-08-01,RPG,OXLEAS NHS FOUNDATION TRUST,NHS SOUTH EAST LONDON INTEGRATED CARE BOARD,NHS trust,1501,846,1501,268,56.4
2025-08-01,NVC14,PARK HILL HOSPITAL,NHS SOUTH YORKSHIRE INTEGRATED CARE BOARD,Independent sector / other,804,637,804,4,79.2
2025-08-01,NT427,PARK HOSPITAL,NHS NOTTINGHAM AND NOTTINGHAMSHIRE INTEGRATED CARE BOARD,Independent sector / other,1628,1275,1628,9,78.3
2025-08-01,NEQ,PHOENIX HEALTH SOLUTIONS LIMITED HQ,NHS WEST YORKSHIRE INTEGRATED CARE BOARD,Independent sector / other,516,512,516,0,99.2
2025-08-01,DTT,PHOENIX PUBLIC HEALTH LTD,NHS CHESHIRE AND MERSEYSIDE INTEGRATED CARE BOARD,Independent sector / other,238,139,238,19,58.4
2025-08-01,NVC15,PINEHILL HOSPITAL,NHS HERTFORDSHIRE AND WEST ESSEX INTEGRATED CARE BOARD,Independent sector / other,1269,1042,1269,0,82.1
2025-08-01,NEY,PIONEER HEALTHCARE LIMITED,NHS SOUTH YORKSHIRE INTEGRATED CARE BOARD,Independent sector / other,1613,223,1613,170,13.8
2025-08-01,D3O0Z,PLYMOUTH NEWMEDICA LTD,NHS DEVON INTEGRATED CARE BOARD,Independent sector / other,378,356,378,1,94.2
2025-08-01,RHU,PORTSMOUTH HOSPITALS UNIVERSITY NHS TRUST,NHS HAMPSHIRE AND ISLE OF WIGHT INTEGRATED CARE BOARD,NHS trust,58262,33483,58262,2263,57.5
2025-08-01,NTP13,PRACTICE PLUS GROUP HOSPITAL - BARLBOROUGH,NHS DERBY AND DERBYSHIRE INTEGRATED CARE BOARD,Independent sector / other,2034,1490,2034,3,73.3
2025-08-01,NTPH2,PRACTICE PLUS GROUP HOSPITAL - EMERSONS GREEN,"NHS BRISTOL, NORTH SOMERSET AND SOUTH GLOUCESTERSHIRE INTEGRATED CARE BOARD",Independent sector / other,4873,3936,4873,0,80.8
2025-08-01,NTP15,PRACTICE PLUS GROUP HOSPITAL - ILFORD,NHS NORTH EAST LONDON INTEGRATED CARE BOARD,Independent sector / other,5822,4216,5822,1,72.4
2025-08-01,NTPH5,PRACTICE PLUS GROUP HOSPITAL - PLYMOUTH,NHS DEVON INTEGRATED CARE BOARD,Independent sector / other,2306,2076,2306,23,90.0
2025-08-01,NTPH1,PRACTICE PLUS GROUP HOSPITAL - SHEPTON MALLET,NHS SOMERSET INTEGRATED CARE BOARD,Independent sector / other,2747,2137,2747,3,77.8
2025-08-01,NTP11,PRACTICE PLUS GROUP HOSPITAL - SOUTHAMPTON,NHS HAMPSHIRE AND ISLE OF WIGHT INTEGRATED CARE BOARD,Independent sector / other,8141,5611,8141,19,68.9
2025-08-01,M2Y6D,PRACTICE PLUS GROUP HOSPITAL BIRMINGHAM,NHS BIRMINGHAM AND SOLIHULL INTEGRATED CARE BOARD,Independent sector / other,692,663,692,0,95.8
2025-08-01,NTPAE,PRACTICE PLUS GROUP OPHTHALMOLOGY - NORTH WEST,NHS GREATER MANCHESTER INTEGRATED CARE BOARD,Independent sector / other,318,303,318,0,95.3
2025-08-01,NTPH3,PRACTICE PLUS GROUP SURGICAL CENTRE - DEVIZES,"NHS BATH AND NORTH EAST SOMERSET, SWINDON AND WILTSHIRE INTEGRATED CARE BOARD",Independent sector / other,2742,2164,2742,5,78.9
2025-08-01,NTP16,PRACTICE PLUS GROUP SURGICAL CENTRE - GILLINGHAM,NHS KENT AND MEDWAY INTEGRATED CARE BOARD,Independent sector / other,930,831,930,16,89.4
2025-08-01,NTPAD,PRACTICE PLUS GROUP SURGICAL CENTRE - ST MARYS PORTSMOUTH,NHS HAMPSHIRE AND ISLE OF WIGHT INTEGRATED CARE BOARD,Independent sector / other,2134,2028,2134,0,95.0
2025-08-01,NT428,PRINCESS MARGARET HOSPITAL,NHS FRIMLEY INTEGRATED CARE BOARD,Independent sector / other,67,65,67,0,97.0
2025-08-01,NT429,PRIORY HOSPITAL,NHS BIRMINGHAM AND SOLIHULL INTEGRATED CARE BOARD,Independent sector / other,552,451,552,0,81.7
2025-08-01,NAM01,PROBUS SURGICAL CENTRE,NHS CORNWALL AND THE ISLES OF SCILLY INTEGRATED CARE BOARD,Independent sector / other,1322,1213,1322,1,91.8
2025-08-01,NQX,PROVIDE ENTERPRISES,NHS SUFFOLK AND NORTH EAST ESSEX INTEGRATED CARE BOARD,Independent sector / other,105,105,105,0,100.0
2025-08-01,RPC,QUEEN VICTORIA HOSPITAL NHS FOUNDATION TRUST,NHS SUSSEX INTEGRATED CARE BOARD,NHS trust,19018,11863,19018,374,62.4
2025-08-01,GEC01,RAPID INVESTIGATION SERVICE,NHS HAMPSHIRE AND ISLE OF WIGHT INTEGRATED CARE BOARD,Independent sector / other,105,105,105,0,100.0
2025-08-01,NVC16,RENACRES HOSPITAL,NHS LANCASHIRE AND SOUTH CUMBRIA INTEGRATED CARE BOARD,Independent sector / other,4680,3519,4680,8,75.2
2025-08-01,NT430,RIDGEWAY HOSPITAL,"NHS BATH AND NORTH EAST SOMERSET, SWINDON AND WILTSHIRE INTEGRATED CARE BOARD",Independent sector / other,328,283,328,0,86.3
2025-08-01,NVC19,RIVERS HOSPITAL,NHS HERTFORDSHIRE AND WEST ESSEX INTEGRATED CARE BOARD,Independent sector / other,4257,2950,4257,36,69.3
2025-08-01,NVC17,ROWLEY HALL HOSPITAL,NHS STAFFORDSHIRE AND STOKE-ON-TRENT INTEGRATED CARE BOARD,Independent sector / other,2343,1627,2343,0,69.4
2025-08-01,RHW,ROYAL BERKSHIRE NHS FOUNDATION TRUST,"NHS BUCKINGHAMSHIRE, OXFORDSHIRE AND BERKSHIRE WEST INTEGRATED CARE BOARD",NHS trust,35016,27891,35016,23,79.7
2025-08-01,REF,ROYAL CORNWALL HOSPITALS NHS TRUST,NHS CORNWALL AND THE ISLES OF SCILLY INTEGRATED CARE BOARD,NHS trust,41254,29324,41254,433,71.1
2025-08-01,RH8,ROYAL DEVON UNIVERSITY HEALTHCARE NHS FOUNDATION TRUST,NHS DEVON INTEGRATED CARE BOARD,NHS trust,75951,44869,75951,2310,59.1
2025-08-01,RAL,ROYAL FREE LONDON NHS FOUNDATION TRUST,NHS NORTH CENTRAL LONDON INTEGRATED CARE BOARD,NHS trust,140331,82290,140331,3186,58.6
2025-08-01,RAN,ROYAL NATIONAL ORTHOPAEDIC HOSPITAL NHS TRUST,NHS NORTH WEST LONDON INTEGRATED CARE BOARD,NHS trust,9003,6463,9003,50,71.8
2025-08-01,RGM,ROYAL PAPWORTH HOSPITAL NHS FOUNDATION TRUST,NHS CAMBRIDGESHIRE AND PETERBOROUGH INTEGRATED CARE BOARD,NHS trust,6141,4227,6141,57,68.8
2025-08-01,RA2,ROYAL SURREY NHS FOUNDATION TRUST,NHS SURREY HEARTLANDS INTEGRATED CARE BOARD,NHS trust,30267,17477,30267,1195,57.7
2025-08-01,RD1,ROYAL UNITED HOSPITALS BATH NHS FOUNDATION TRUST,"NHS BATH AND NORTH EAST SOMERSET, SWINDON AND WILTSHIRE INTEGRATED CARE BOARD",NHS trust,39349,22906,39349,761,58.2
2025-08-01,NT431,RUNNYMEDE HOSPITAL,NHS SURREY HEARTLANDS INTEGRATED CARE BOARD,Independent sector / other,100,87,100,0,87.0
2025-08-01,RNZ,SALISBURY NHS FOUNDATION TRUST,"NHS BATH AND NORTH EAST SOMERSET, SWINDON AND WILTSHIRE INTEGRATED CARE BOARD",NHS trust,30062,19848,30062,209,66.0
2025-08-01,RXK,SANDWELL AND WEST BIRMINGHAM HOSPITALS NHS TRUST,NHS BLACK COUNTRY INTEGRATED CARE BOARD,NHS trust,65604,37755,65604,956,57.5
2025-08-01,NT433,SARUM ROAD HOSPITAL,NHS HAMPSHIRE AND ISLE OF WIGHT INTEGRATED CARE BOARD,Independent sector / other,383,266,383,0,69.5
2025-08-01,NT434,SAXON CLINIC,"NHS BEDFORDSHIRE, LUTON AND MILTON KEYNES INTEGRATED CARE BOARD",Independent sector / other,634,417,634,8,65.8
2025-08-01,RCU,SHEFFIELD CHILDREN'S NHS FOUNDATION TRUST,NHS SOUTH YORKSHIRE INTEGRATED CARE BOARD,NHS trust,12272,8011,12272,321,65.3
2025-08-01,NT435,SHELBURNE HOSPITAL,"NHS BUCKINGHAMSHIRE, OXFORDSHIRE AND BERKSHIRE WEST INTEGRATED CARE BOARD",Independent sector / other,161,108,161,0,67.1
2025-08-01,RK5,SHERWOOD FOREST HOSPITALS NHS FOUNDATION TRUST,NHS NOTTINGHAM AND NOTTINGHAMSHIRE INTEGRATED CARE BOARD,NHS trust,36134,22162,36134,349,61.3
2025-08-01,NT436,SHIRLEY OAKS HOSPITAL,NHS SOUTH WEST LONDON INTEGRATED CARE BOARD,Independent sector / other,828,704,828,3,85.0
2025-08-01,R1D,SHROPSHIRE COMMUNITY HEALTH NHS TRUST,"NHS SHROPSHIRE, TELFORD AND WREKIN INTEGRATED CARE BOARD",NHS trust,8053,6036,8053,52,75.0
2025-08-01,NLX,SIRONA CARE & HEALTH,"NHS BRISTOL, NORTH SOMERSET AND SOUTH GLOUCESTERSHIRE INTEGRATED CARE BOARD",Independent sector / other,7701,5370,7701,0,69.7
2025-08-01,NT437,SLOANE HOSPITAL,NHS SOUTH EAST LONDON INTEGRATED CARE BOARD,Independent sector / other,858,651,858,23,75.9
2025-08-01,RH5,SOMERSET NHS FOUNDATION TRUST,NHS SOMERSET INTEGRATED CARE BOARD,NHS trust,57715,35880,57715,1826,62.2
2025-08-01,NFH,SOMERSET SURGICAL SERVICES HQ,"NHS BRISTOL, NORTH SOMERSET AND SOUTH GLOUCESTERSHIRE INTEGRATED CARE BOARD",Independent sector / other,1104,1020,1104,0,92.4
2025-08-01,RTR,SOUTH TEES HOSPITALS NHS FOUNDATION TRUST,NHS NORTH EAST AND NORTH CUMBRIA INTEGRATED CARE BOARD,NHS trust,57473,35099,57473,1679,61.1
2025-08-01,R0B,SOUTH TYNESIDE AND SUNDERLAND NHS FOUNDATION TRUST,NHS NORTH EAST AND NORTH CUMBRIA INTEGRATED CARE BOARD,NHS trust,59265,44111,59265,26,74.4
2025-08-01,RJC,SOUTH WARWICKSHIRE UNIVERSITY NHS FOUNDATION TRUST,NHS COVENTRY AND WARWICKSHIRE INTEGRATED CARE BOARD,NHS trust,33099,21498,33099,759,65.0
2025-08-01,RXG,SOUTH WEST YORKSHIRE PARTNERSHIP NHS FOUNDATION TRUST,NHS WEST YORKSHIRE INTEGRATED CARE BOARD,NHS trust,4432,4319,4432,0,97.5
2025-08-01,NT490,SOUTHEND PRIVATE HOSPITAL,NHS MID AND SOUTH ESSEX INTEGRATED CARE BOARD,Independent sector / other,1670,1321,1670,2,79.1
2025-08-01,NPG19,SPAMEDICA BEDFORD,"NHS BEDFORDSHIRE, LUTON AND MILTON KEYNES INTEGRATED CARE BOARD",Independent sector / other,212,201,212,0,94.8
2025-08-01,D5P5H,SPAMEDICA BEXHILL,NHS SUSSEX INTEGRATED CARE BOARD,Independent sector / other,237,229,237,0,96.6
2025-08-01,NPG11,SPAMEDICA BIRMINGHAM,NHS BIRMINGHAM AND SOLIHULL INTEGRATED CARE BOARD,Independent sector / other,325,315,325,0,96.9
2025-08-01,C3Y0A,SPAMEDICA BLACKPOOL,NHS LANCASHIRE AND SOUTH CUMBRIA INTEGRATED CARE BOARD,Independent sector / other,165,161,165,0,97.6
2025-08-01,NPG08,SPAMEDICA BOLTON,NHS GREATER MANCHESTER INTEGRATED CARE BOARD,Independent sector / other,153,144,153,0,94.1
2025-08-01,I2C7H,SPAMEDICA BRADFORD,NHS WEST YORKSHIRE INTEGRATED CARE BOARD,Independent sector / other,143,139,143,0,97.2
2025-08-01,I9A4A,SPAMEDICA BRIGHTON,NHS SUSSEX INTEGRATED CARE BOARD,Independent sector / other,244,233,244,0,95.5
2025-08-01,P1B7M,SPAMEDICA BRISTOL,"NHS BRISTOL, NORTH SOMERSET AND SOUTH GLOUCESTERSHIRE INTEGRATED CARE BOARD",Independent sector / other,91,83,91,0,91.2
2025-08-01,Y8L9S,SPAMEDICA BROMLEY,NHS SOUTH EAST LONDON INTEGRATED CARE BOARD,Independent sector / other,304,272,304,0,89.5
2025-08-01,O6X7Z,SPAMEDICA CAMBRIDGE,NHS CAMBRIDGESHIRE AND PETERBOROUGH INTEGRATED CARE BOARD,Independent sector / other,237,228,237,0,96.2
2025-08-01,E1U4T,SPAMEDICA CARLISLE,NHS NORTH EAST AND NORTH CUMBRIA INTEGRATED CARE BOARD,Independent sector / other,187,180,187,0,96.3
2025-08-01,NPG16,SPAMEDICA CHELMSFORD,NHS MID AND SOUTH ESSEX INTEGRATED CARE BOARD,Independent sector / other,249,234,249,0,94.0
2025-08-01,V4U1Y,SPAMEDICA CHESTER,NHS CHESHIRE AND MERSEYSIDE INTEGRATED CARE BOARD,Independent sector / other,166,157,166,0,94.6
2025-08-01,T4I8V,SPAMEDICA CHESTERFIELD,NHS DERBY AND DERBYSHIRE INTEGRATED CARE BOARD,Independent sector / other,98,93,98,0,94.9
2025-08-01,J2H6H,SPAMEDICA COLCHESTER,NHS SUFFOLK AND NORTH EAST ESSEX INTEGRATED CARE BOARD,Independent sector / other,82,80,82,0,97.6
2025-08-01,NPG21,SPAMEDICA COVENTRY,NHS COVENTRY AND WARWICKSHIRE INTEGRATED CARE BOARD,Independent sector / other,278,264,278,0,95.0
2025-08-01,N1N0Y,SPAMEDICA CROYDON,NHS SOUTH WEST LONDON INTEGRATED CARE BOARD,Independent sector / other,77,77,77,0,100.0
2025-08-01,V8N5R,SPAMEDICA DALSTON,NHS NORTH EAST LONDON INTEGRATED CARE BOARD,Independent sector / other,261,240,261,0,92.0
2025-08-01,NPG23,SPAMEDICA DERBY,NHS DERBY AND DERBYSHIRE INTEGRATED CARE BOARD,Independent sector / other,189,184,189,0,97.4
2025-08-01,T8V3L,SPAMEDICA DONCASTER,NHS SOUTH YORKSHIRE INTEGRATED CARE BOARD,Independent sector / other,153,147,153,0,96.1
2025-08-01,M7C9Q,SPAMEDICA EPSOM,NHS SURREY HEARTLANDS INTEGRATED CARE BOARD,Independent sector / other,164,149,164,0,90.9
2025-08-01,M5E1S,SPAMEDICA EXETER,NHS DEVON INTEGRATED CARE BOARD,Independent sector / other,190,182,190,0,95.8
2025-08-01,NPG07,SPAMEDICA EYE HOSPITAL (WAKEFIELD),NHS WEST YORKSHIRE INTEGRATED CARE BOARD,Independent sector / other,214,205,214,0,95.8
2025-08-01,Z9Z1G,SPAMEDICA GATESHEAD,NHS NORTH EAST AND NORTH CUMBRIA INTEGRATED CARE BOARD,Independent sector / other,118,114,118,0,96.6
2025-08-01,A0C5S,SPAMEDICA GLOUCESTER,NHS GLOUCESTERSHIRE INTEGRATED CARE BOARD,Independent sector / other,64,61,64,0,95.3
2025-08-01,Z5J5V,SPAMEDICA HAYDOCK,NHS CHESHIRE AND MERSEYSIDE INTEGRATED CARE BOARD,Independent sector / other,153,146,153,0,95.4
2025-08-01,J0M7P,SPAMEDICA HEREFORD DIAGNOSTIC AND TREATMENT CENTRE,NHS HEREFORDSHIRE AND WORCESTERSHIRE INTEGRATED CARE BOARD,Independent sector / other,19,18,19,0,94.7
2025-08-01,NPG18,SPAMEDICA HULL,NHS HUMBER AND NORTH YORKSHIRE INTEGRATED CARE BOARD,Independent sector / other,169,167,169,0,98.8
2025-08-01,Q8X0X,SPAMEDICA ISLE OF WIGHT COMMUNITY DIAGNOSTIC & TREATMENT CENTRE,NHS HAMPSHIRE AND ISLE OF WIGHT INTEGRATED CARE BOARD,Independent sector / other,41,41,41,0,100.0
2025-08-01,R1G7E,SPAMEDICA KENDAL,NHS LANCASHIRE AND SOUTH CUMBRIA INTEGRATED CARE BOARD,Independent sector / other,134,131,134,0,97.8
2025-08-01,P0C3F,SPAMEDICA LEEDS,NHS WEST YORKSHIRE INTEGRATED CARE BOARD,Independent sector / other,96,91,96,0,94.8
2025-08-01,L9D3Z,SPAMEDICA LEICESTER,"NHS LEICESTER, LEICESTERSHIRE AND RUTLAND INTEGRATED CARE BOARD",Independent sector / other,116,111,116,0,95.7
2025-08-01,NPG06,SPAMEDICA LIVERPOOL,NHS CHESHIRE AND MERSEYSIDE INTEGRATED CARE BOARD,Independent sector / other,327,317,327,0,96.9
2025-08-01,K9J3O,SPAMEDICA LUTON,"NHS BEDFORDSHIRE, LUTON AND MILTON KEYNES INTEGRATED CARE BOARD",Independent sector / other,178,164,178,0,92.1
2025-08-01,NPG01,SPAMEDICA MANCHESTER,NHS GREATER MANCHESTER INTEGRATED CARE BOARD,Independent sector / other,152,147,152,0,96.7
2025-08-01,G3O5P,SPAMEDICA NEWARK,NHS NOTTINGHAM AND NOTTINGHAMSHIRE INTEGRATED CARE BOARD,Independent sector / other,303,293,303,0,96.7
2025-08-01,NPG15,SPAMEDICA NEWCASTLE-UNDER-LYME,NHS STAFFORDSHIRE AND STOKE-ON-TRENT INTEGRATED CARE BOARD,Independent sector / other,153,147,153,0,96.1
2025-08-01,G5X2Q,SPAMEDICA NORTH TYNESIDE,NHS NORTH EAST AND NORTH CUMBRIA INTEGRATED CARE BOARD,Independent sector / other,188,182,188,1,96.8
2025-08-01,M3R0W,SPAMEDICA NORWICH,NHS NORFOLK AND WAVENEY INTEGRATED CARE BOARD,Independent sector / other,186,181,186,0,97.3
2025-08-01,O1P6X,SPAMEDICA OLDHAM,NHS GREATER MANCHESTER INTEGRATED CARE BOARD,Independent sector / other,231,224,231,0,97.0
2025-08-01,O5Y9D,SPAMEDICA OXFORD,"NHS BUCKINGHAMSHIRE, OXFORDSHIRE AND BERKSHIRE WEST INTEGRATED CARE BOARD",Independent sector / other,205,200,205,0,97.6
2025-08-01,B9J4U,SPAMEDICA PETERBOROUGH,NHS CAMBRIDGESHIRE AND PETERBOROUGH INTEGRATED CARE BOARD,Independent sector / other,211,207,211,0,98.1
2025-08-01,L6O7H,SPAMEDICA POOLE,NHS DORSET INTEGRATED CARE BOARD,Independent sector / other,424,403,424,0,95.0
2025-08-01,A1U4J,SPAMEDICA PORTSMOUTH,NHS HAMPSHIRE AND ISLE OF WIGHT INTEGRATED CARE BOARD,Independent sector / other,95,88,95,0,92.6
2025-08-01,NPG17,SPAMEDICA PRESTON,NHS LANCASHIRE AND SOUTH CUMBRIA INTEGRATED CARE BOARD,Independent sector / other,212,208,212,0,98.1
2025-08-01,B4N1U,SPAMEDICA ROMFORD,NHS NORTH EAST LONDON INTEGRATED CARE BOARD,Independent sector / other,336,312,336,0,92.9
2025-08-01,I1H7K,SPAMEDICA SALE,NHS GREATER MANCHESTER INTEGRATED CARE BOARD,Independent sector / other,74,71,74,0,95.9
2025-08-01,NPG10,SPAMEDICA SHEFFIELD,NHS SOUTH YORKSHIRE INTEGRATED CARE BOARD,Independent sector / other,162,157,162,0,96.9
2025-08-01,V8A3H,SPAMEDICA SHEFFIELD COMMUNITY DIAGNOSTIC & TREATMENT CENTRE,NHS SOUTH YORKSHIRE INTEGRATED CARE BOARD,Independent sector / other,2,2,2,0,100.0
2025-08-01,M0N7E,SPAMEDICA SITTINGBOURNE,NHS KENT AND MEDWAY INTEGRATED CARE BOARD,Independent sector / other,129,120,129,0,93.0
2025-08-01,NPG13,SPAMEDICA SKELMERSDALE,NHS LANCASHIRE AND SOUTH CUMBRIA INTEGRATED CARE BOARD,Independent sector / other,88,84,88,0,95.5
2025-08-01,J7V1N,SPAMEDICA SOLIHULL,NHS BIRMINGHAM AND SOLIHULL INTEGRATED CARE BOARD,Independent sector / other,236,223,236,0,94.5
2025-08-01,B9M3W,SPAMEDICA SOUTHAMPTON,NHS HAMPSHIRE AND ISLE OF WIGHT INTEGRATED CARE BOARD,Independent sector / other,511,307,511,7,60.1
2025-08-01,NPG22,SPAMEDICA STOCKTON-ON-TEES,NHS NORTH EAST AND NORTH CUMBRIA INTEGRATED CARE BOARD,Independent sector / other,210,205,210,0,97.6
2025-08-01,H1T2P,SPAMEDICA SWINDON,"NHS BATH AND NORTH EAST SOMERSET, SWINDON AND WILTSHIRE INTEGRATED CARE BOARD",Independent sector / other,61,57,61,0,93.4
2025-08-01,G6S7A,SPAMEDICA TAUNTON,NHS SOMERSET INTEGRATED CARE BOARD,Independent sector / other,258,248,258,0,96.1
2025-08-01,V5F1D,SPAMEDICA TELFORD,"NHS SHROPSHIRE, TELFORD AND WREKIN INTEGRATED CARE BOARD",Independent sector / other,173,163,173,0,94.2
2025-08-01,E3D4A,SPAMEDICA TRURO,NHS CORNWALL AND THE ISLES OF SCILLY INTEGRATED CARE BOARD,Independent sector / other,139,136,139,0,97.8
2025-08-01,Q1W6P,SPAMEDICA WATFORD,NHS HERTFORDSHIRE AND WEST ESSEX INTEGRATED CARE BOARD,Independent sector / other,159,150,159,0,94.3
2025-08-01,A1D1B,SPAMEDICA WEMBLEY,NHS NORTH WEST LONDON INTEGRATED CARE BOARD,Independent sector / other,153,151,153,0,98.7
2025-08-01,NPG14,SPAMEDICA WIDNES,NHS CHESHIRE AND MERSEYSIDE INTEGRATED CARE BOARD,Independent sector / other,135,131,135,0,97.0
2025-08-01,NPG02,SPAMEDICA WIRRAL,NHS CHESHIRE AND MERSEYSIDE INTEGRATED CARE BOARD,Independent sector / other,171,168,171,0,98.2
2025-08-01,T8R5I,SPAMEDICA WOKINGHAM,"NHS BUCKINGHAMSHIRE, OXFORDSHIRE AND BERKSHIRE WEST INTEGRATED CARE BOARD",Independent sector / other,186,177,186,0,95.2
2025-08-01,NPG20,SPAMEDICA WOLVERHAMPTON,NHS BLACK COUNTRY INTEGRATED CARE BOARD,Independent sector / other,324,296,324,0,91.4
2025-08-01,J3X4C,SPAMEDICA WORCESTER,NHS HEREFORDSHIRE AND WORCESTERSHIRE INTEGRATED CARE BOARD,Independent sector / other,187,183,187,0,97.9
2025-08-01,NN8,SPENCER PRIVATE HOSPITALS LTD,NHS KENT AND MEDWAY INTEGRATED CARE BOARD,Independent sector / other,3209,1955,3209,120,60.9
2025-08-01,NT312,SPIRE ALEXANDRA HOSPITAL,NHS KENT AND MEDWAY INTEGRATED CARE BOARD,Independent sector / other,1105,898,1105,3,81.3
2025-08-01,NT302,SPIRE BRISTOL HOSPITAL,"NHS BRISTOL, NORTH SOMERSET AND SOUTH GLOUCESTERSHIRE INTEGRATED CARE BOARD",Independent sector / other,762,504,762,3,66.1
2025-08-01,NT315,SPIRE BUSHEY HOSPITAL,NHS HERTFORDSHIRE AND WEST ESSEX INTEGRATED CARE BOARD,Independent sector / other,935,923,935,0,98.7
2025-08-01,NT317,SPIRE CAMBRIDGE LEA HOSPITAL,NHS CAMBRIDGESHIRE AND PETERBOROUGH INTEGRATED CARE BOARD,Independent sector / other,353,289,353,3,81.9
2025-08-01,NT324,SPIRE CHESHIRE HOSPITAL,NHS CHESHIRE AND MERSEYSIDE INTEGRATED CARE BOARD,Independent sector / other,1443,1140,1443,8,79.0
2025-08-01,NT345,SPIRE CLARE PARK HOSPITAL,NHS FRIMLEY INTEGRATED CARE BOARD,Independent sector / other,325,272,325,1,83.7
2025-08-01,NT344,SPIRE DUNEDIN HOSPITAL,"NHS BUCKINGHAMSHIRE, OXFORDSHIRE AND BERKSHIRE WEST INTEGRATED CARE BOARD",Independent sector / other,266,213,266,4,80.1
2025-08-01,NT348,SPIRE ELLAND HOSPITAL,NHS WEST YORKSHIRE INTEGRATED CARE BOARD,Independent sector / other,1453,1217,1453,4,83.8
2025-08-01,NT347,SPIRE FYLDE COAST HOSPITAL,NHS LANCASHIRE AND SOUTH CUMBRIA INTEGRATED CARE BOARD,Independent sector / other,4004,3234,4004,32,80.8
2025-08-01,NT308,SPIRE GATWICK PARK HOSPITAL,NHS SURREY HEARTLANDS INTEGRATED CARE BOARD,Independent sector / other,949,617,949,12,65.0
2025-08-01,NT316,SPIRE HARPENDEN HOSPITAL,NHS HERTFORDSHIRE AND WEST ESSEX INTEGRATED CARE BOARD,Independent sector / other,536,514,536,0,95.9
2025-08-01,NT319,SPIRE HARTSWOOD HOSPITAL,NHS MID AND SOUTH ESSEX INTEGRATED CARE BOARD,Independent sector / other,1399,963,1399,14,68.8
2025-08-01,NT351,SPIRE HULL AND EAST RIDING HOSPITAL,NHS HUMBER AND NORTH YORKSHIRE INTEGRATED CARE BOARD,Independent sector / other,2030,2028,2030,0,99.9
2025-08-01,NT332,SPIRE LEEDS HOSPITAL,NHS WEST YORKSHIRE INTEGRATED CARE BOARD,Independent sector / other,1040,877,1040,1,84.3
2025-08-01,NT322,SPIRE LEICESTER HOSPITAL,"NHS LEICESTER, LEICESTERSHIRE AND RUTLAND INTEGRATED CARE BOARD",Independent sector / other,762,553,762,5,72.6
2025-08-01,NT321,SPIRE LITTLE ASTON HOSPITAL,NHS STAFFORDSHIRE AND STOKE-ON-TRENT INTEGRATED CARE BOARD,Independent sector / other,1343,1100,1343,5,81.9
2025-08-01,NT337,SPIRE LIVERPOOL HOSPITAL,NHS CHESHIRE AND MERSEYSIDE INTEGRATED CARE BOARD,Independent sector / other,3072,2560,3072,0,83.3
2025-08-01,NT314,SPIRE LONDON EAST,NHS NORTH EAST LONDON INTEGRATED CARE BOARD,Independent sector / other,2453,1592,2453,12,64.9
2025-08-01,NT327,SPIRE MANCHESTER HOSPITAL,NHS GREATER MANCHESTER INTEGRATED CARE BOARD,Independent sector / other,1380,940,1380,1,68.1
2025-08-01,NT350,SPIRE METHLEY PARK HOSPITAL,NHS WEST YORKSHIRE INTEGRATED CARE BOARD,Independent sector / other,1166,979,1166,0,84.0
2025-08-01,NT364,SPIRE MONTEFIORE HOSPITAL,NHS SUSSEX INTEGRATED CARE BOARD,Independent sector / other,877,427,877,30,48.7
2025-08-01,NT325,SPIRE MURRAYFIELD HOSPITAL,NHS CHESHIRE AND MERSEYSIDE INTEGRATED CARE BOARD,Independent sector / other,629,592,629,1,94.1
2025-08-01,NT318,SPIRE NORWICH HOSPITAL,NHS NORFOLK AND WAVENEY INTEGRATED CARE BOARD,Independent sector / other,548,483,548,1,88.1
2025-08-01,NT30A,SPIRE NOTTINGHAM HOSPITAL,NHS NOTTINGHAM AND NOTTINGHAMSHIRE INTEGRATED CARE BOARD,Independent sector / other,626,523,626,1,83.5
2025-08-01,NT320,SPIRE PARKWAY HOSPITAL,NHS BIRMINGHAM AND SOLIHULL INTEGRATED CARE BOARD,Independent sector / other,1322,976,1322,6,73.8
2025-08-01,NT305,SPIRE PORTSMOUTH HOSPITAL,NHS HAMPSHIRE AND ISLE OF WIGHT INTEGRATED CARE BOARD,Independent sector / other,418,305,418,1,73.0
2025-08-01,NT339,SPIRE REGENCY HOSPITAL,NHS CHESHIRE AND MERSEYSIDE INTEGRATED CARE BOARD,Independent sector / other,1710,1707,1710,0,99.8
2025-08-01,NT301,SPIRE SOUTH BANK HOSPITAL,NHS HEREFORDSHIRE AND WORCESTERSHIRE INTEGRATED CARE BOARD,Independent sector / other,864,613,864,2,70.9
2025-08-01,NT304,SPIRE SOUTHAMPTON HOSPITAL,NHS HAMPSHIRE AND ISLE OF WIGHT INTEGRATED CARE BOARD,Independent sector / other,407,273,407,5,67.1
2025-08-01,NT3X3,SPIRE ST ANTHONY'S HOSPITAL,NHS SOUTH WEST LONDON INTEGRATED CARE BOARD,Independent sector / other,637,584,637,6,91.7
2025-08-01,NT343,SPIRE THAMES VALLEY HOSPITAL,"NHS BUCKINGHAMSHIRE, OXFORDSHIRE AND BERKSHIRE WEST INTEGRATED CARE BOARD",Independent sector / other,351,214,351,3,61.0
2025-08-01,NT333,SPIRE WASHINGTON HOSPITAL,NHS NORTH EAST AND NORTH CUMBRIA INTEGRATED CARE BOARD,Independent sector / other,1357,1107,1357,8,81.6
2025-08-01,NT313,SPIRE WELLESLEY HOSPITAL,NHS MID AND SOUTH ESSEX INTEGRATED CARE BOARD,Independent sector / other,1091,467,1091,26,42.8
2025-08-01,NVC18,SPRINGFIELD HOSPITAL,NHS MID AND SOUTH ESSEX INTEGRATED CARE BOARD,Independent sector / other,4759,3335,4759,103,70.1
2025-08-01,NT446,ST EDMUNDS HOSPITAL,NHS SUFFOLK AND NORTH EAST ESSEX INTEGRATED CARE BOARD,Independent sector / other,684,398,684,0,58.2
2025-08-01,RJ7,ST GEORGE'S UNIVERSITY HOSPITALS NHS FOUNDATION TRUST,NHS SOUTH WEST LONDON INTEGRATED CARE BOARD,NHS trust,71216,43121,71216,1812,60.5
2025-08-01,NTE02,ST HUGH'S HOSPITAL,NHS HUMBER AND NORTH YORKSHIRE INTEGRATED CARE BOARD,Independent sector / other,2164,1621,2164,42,74.9
2025-08-01,NQT5K,ST MARTINS HOSPITAL,"NHS BATH AND NORTH EAST SOMERSET, SWINDON AND WILTSHIRE INTEGRATED CARE BOARD",Independent sector / other,153,138,153,2,90.2
2025-08-01,AHP,ST MICHAEL'S CLINIC LIMITED,"NHS SHROPSHIRE, TELFORD AND WREKIN INTEGRATED CARE BOARD",Independent sector / other,1755,886,1755,20,50.5
2025-08-01,RWJ,STOCKPORT NHS FOUNDATION TRUST,NHS GREATER MANCHESTER INTEGRATED CARE BOARD,NHS trust,35246,19741,35246,833,56.0
2025-08-01,NVC1H,STOURSIDE HOSPITAL,NHS BLACK COUNTRY INTEGRATED CARE BOARD,Independent sector / other,3047,2231,3047,18,73.2
2025-08-01,NDL01,SUFFOLK GP FEDERATION,NHS SUFFOLK AND NORTH EAST ESSEX INTEGRATED CARE BOARD,Independent sector / other,54,53,54,0,98.1
2025-08-01,G3Z1Q,SULIS HOSPITAL BATH (FOXCOTE AVENUE),"NHS BATH AND NORTH EAST SOMERSET, SWINDON AND WILTSHIRE INTEGRATED CARE BOARD",Independent sector / other,3273,2606,3273,24,79.6
2025-08-01,RTP,SURREY AND SUSSEX HEALTHCARE NHS TRUST,NHS SURREY HEARTLANDS INTEGRATED CARE BOARD,NHS trust,50457,28913,50457,905,57.3
2025-08-01,NYG,SUSSEX COMMUNITY DERMATOLOGY SERVICE,NHS SUSSEX INTEGRATED CARE BOARD,Independent sector / other,17171,14784,17171,4,86.1
2025-08-01,RDR,SUSSEX COMMUNITY NHS FOUNDATION TRUST,NHS SUSSEX INTEGRATED CARE BOARD,NHS trust,14087,10266,14087,5,72.9
2025-08-01,RMP,TAMESIDE AND GLOSSOP INTEGRATED CARE NHS FOUNDATION TRUST,NHS GREATER MANCHESTER INTEGRATED CARE BOARD,NHS trust,17099,12030,17099,0,70.4
2025-08-01,NVC0R,TEES VALLEY HOSPITAL,NHS NORTH EAST AND NORTH CUMBRIA INTEGRATED CARE BOARD,Independent sector / other,4039,3268,4039,0,80.9
2025-08-01,AAH,TETBURY HOSPITAL TRUST LTD,NHS GLOUCESTERSHIRE INTEGRATED CARE BOARD,Independent sector / other,342,323,342,0,94.4
2025-08-01,NVC02,THE BERKSHIRE INDEPENDENT HOSPITAL,"NHS BUCKINGHAMSHIRE, OXFORDSHIRE AND BERKSHIRE WEST INTEGRATED CARE BOARD",Independent sector / other,1196,770,1196,5,64.4
2025-08-01,NVC25,THE CHERWELL HOSPITAL,"NHS BUCKINGHAMSHIRE, OXFORDSHIRE AND BERKSHIRE WEST INTEGRATED CARE BOARD",Independent sector / other,2176,1415,2176,14,65.0
2025-08-01,RBV,THE CHRISTIE NHS FOUNDATION TRUST,NHS GREATER MANCHESTER INTEGRATED CARE BOARD,NHS trust,2765,2608,2765,3,94.3
2025-08-01,REN,THE CLATTERBRIDGE CANCER CENTRE NHS FOUNDATION TRUST,NHS CHESHIRE AND MERSEYSIDE INTEGRATED CARE BOARD,NHS trust,1123,1079,1123,0,96.1
2025-08-01,RNA,THE DUDLEY GROUP NHS FOUNDATION TRUST,NHS BLACK COUNTRY INTEGRATED CARE BOARD,NHS trust,46398,29380,46398,206,63.3
2025-08-01,AJ8,THE GRANGE MEDICAL CENTRE HQ,NHS WEST YORKSHIRE INTEGRATED CARE BOARD,Independent sector / other,295,295,295,0,100.0
2025-08-01,S3H9L,THE HAMPTONS HOSPITAL LTD,NHS CAMBRIDGESHIRE AND PETERBOROUGH INTEGRATED CARE BOARD,Independent sector / other,1813,1305,1813,23,72.0
2025-08-01,RAS,THE HILLINGDON HOSPITALS NHS FOUNDATION TRUST,NHS NORTH WEST LONDON INTEGRATED CARE BOARD,NHS trust,34621,19028,34621,965,55.0
2025-08-01,NXM01,THE HORDER CENTRE - ST JOHNS ROAD,NHS SUSSEX INTEGRATED CARE BOARD,Independent sector / other,1073,757,1073,1,70.5
2025-08-01,DX1,THE NEW FOSCOTE HOSPITAL LTD,NHS NORTH CENTRAL LONDON INTEGRATED CARE BOARD,Independent sector / other,314,292,314,0,93.0
2025-08-01,RTD,THE NEWCASTLE UPON TYNE HOSPITALS NHS FOUNDATION TRUST,NHS NORTH EAST AND NORTH CUMBRIA INTEGRATED CARE BOARD,NHS trust,88675,64493,88675,1245,72.7
2025-08-01,NTX,THE ONE HEALTH GROUP PLC,NHS SOUTH YORKSHIRE INTEGRATED CARE BOARD,Independent sector / other,4777,3797,4777,39,79.5
2025-08-01,RQW,THE PRINCESS ALEXANDRA HOSPITAL NHS TRUST,NHS HERTFORDSHIRE AND WEST ESSEX INTEGRATED CARE BOARD,NHS trust,44367,23412,44367,2449,52.8
2025-08-01,RCX,"THE QUEEN ELIZABETH HOSPITAL, KING'S LYNN, NHS FOUNDATION TRUST",NHS NORFOLK AND WAVENEY INTEGRATED CARE BOARD,NHS trust,28493,16544,28493,560,58.1
2025-08-01,RL1,THE ROBERT JONES AND AGNES HUNT ORTHOPAEDIC HOSPITAL NHS FOUNDATION TRUST,"NHS SHROPSHIRE, TELFORD AND WREKIN INTEGRATED CARE BOARD",NHS trust,27030,12037,27030,3616,44.5
2025-08-01,RFR,THE ROTHERHAM NHS FOUNDATION TRUST,NHS SOUTH YORKSHIRE INTEGRATED CARE BOARD,NHS trust,31707,20474,31707,647,64.6
2025-08-01,DJH01,THE ROYAL BUCKINGHAMSHIRE HOSPITAL LTD,"NHS BUCKINGHAMSHIRE, OXFORDSHIRE AND BERKSHIRE WEST INTEGRATED CARE BOARD",Independent sector / other,9,7,9,0,77.8
2025-08-01,RPY,THE ROYAL MARSDEN NHS FOUNDATION TRUST,NHS NORTH WEST LONDON INTEGRATED CARE BOARD,NHS trust,1917,1817,1917,1,94.8
2025-08-01,RRJ,THE ROYAL ORTHOPAEDIC HOSPITAL NHS FOUNDATION TRUST,NHS BIRMINGHAM AND SOLIHULL INTEGRATED CARE BOARD,NHS trust,13502,8313,13502,427,61.6
2025-08-01,RL4,THE ROYAL WOLVERHAMPTON NHS TRUST,NHS BLACK COUNTRY INTEGRATED CARE BOARD,NHS trust,77368,42310,77368,1883,54.7
2025-08-01,RXW,THE SHREWSBURY AND TELFORD HOSPITAL NHS TRUST,"NHS SHROPSHIRE, TELFORD AND WREKIN INTEGRATED CARE BOARD",NHS trust,32670,19211,32670,305,58.8
2025-08-01,DPK,THE STONEYGATE EYE HOSPITAL,"NHS LEICESTER, LEICESTERSHIRE AND RUTLAND INTEGRATED CARE BOARD",Independent sector / other,279,264,279,0,94.6
2025-08-01,RET,THE WALTON CENTRE NHS FOUNDATION TRUST,NHS CHESHIRE AND MERSEYSIDE INTEGRATED CARE BOARD,NHS trust,18469,11312,18469,301,61.2
2025-08-01,NVC44,THE WESTBOURNE CENTRE,NHS BIRMINGHAM AND SOLIHULL INTEGRATED CARE BOARD,Independent sector / other,3205,1871,3205,10,58.4
2025-08-01,NVC20,THE YORKSHIRE CLINIC,NHS WEST YORKSHIRE INTEGRATED CARE BOARD,Independent sector / other,7328,5156,7328,115,70.4
2025-08-01,NT440,THORNBURY HOSPITAL,NHS SOUTH YORKSHIRE INTEGRATED CARE BOARD,Independent sector / other,632,458,632,7,72.5
2025-08-01,NT441,THREE SHIRES HOSPITAL,NHS NORTHAMPTONSHIRE INTEGRATED CARE BOARD,Independent sector / other,3516,2147,3516,28,61.1
2025-08-01,RA9,TORBAY AND SOUTH DEVON NHS FOUNDATION TRUST,NHS DEVON INTEGRATED CARE BOARD,NHS trust,32123,22327,32123,614,69.5
2025-08-01,NN4,TYNESIDE SURGICAL SERVICES LTD,NHS NORTH EAST AND NORTH CUMBRIA INTEGRATED CARE BOARD,Independent sector / other,1338,1114,1338,3,83.3
2025-08-01,RWD,UNITED LINCOLNSHIRE TEACHING HOSPITALS NHS TRUST,NHS LINCOLNSHIRE INTEGRATED CARE BOARD,NHS trust,69630,37336,69630,2012,53.6
2025-08-01,RRV,UNIVERSITY COLLEGE LONDON HOSPITALS NHS FOUNDATION TRUST,NHS NORTH CENTRAL LONDON INTEGRATED CARE BOARD,NHS trust,73758,42736,73758,1336,57.9
2025-08-01,RHM,UNIVERSITY HOSPITAL SOUTHAMPTON NHS FOUNDATION TRUST,NHS HAMPSHIRE AND ISLE OF WIGHT INTEGRATED CARE BOARD,NHS trust,63018,38924,63018,1855,61.8
2025-08-01,RRK,UNIVERSITY HOSPITALS BIRMINGHAM NHS FOUNDATION TRUST,NHS BIRMINGHAM AND SOLIHULL INTEGRATED CARE BOARD,NHS trust,98099,54671,98099,4236,55.7
2025-08-01,RA7,UNIVERSITY HOSPITALS BRISTOL AND WESTON NHS FOUNDATION TRUST,"NHS BRISTOL, NORTH SOMERSET AND SOUTH GLOUCESTERSHIRE INTEGRATED CARE BOARD",NHS trust,54268,35082,54268,794,64.6
2025-08-01,RKB,UNIVERSITY HOSPITALS COVENTRY AND WARWICKSHIRE NHS TRUST,NHS COVENTRY AND WARWICKSHIRE INTEGRATED CARE BOARD,NHS trust,75490,44190,75490,1710,58.5
2025-08-01,R0D,UNIVERSITY HOSPITALS DORSET NHS FOUNDATION TRUST,NHS DORSET INTEGRATED CARE BOARD,NHS trust,63172,39965,63172,1832,63.3
2025-08-01,RTG,UNIVERSITY HOSPITALS OF DERBY AND BURTON NHS FOUNDATION TRUST,NHS DERBY AND DERBYSHIRE INTEGRATED CARE BOARD,NHS trust,95660,56333,95660,1881,58.9
2025-08-01,RWE,UNIVERSITY HOSPITALS OF LEICESTER NHS TRUST,"NHS LEICESTER, LEICESTERSHIRE AND RUTLAND INTEGRATED CARE BOARD",NHS trust,110728,57478,110728,3402,51.9
2025-08-01,RTX,UNIVERSITY HOSPITALS OF MORECAMBE BAY NHS FOUNDATION TRUST,NHS LANCASHIRE AND SOUTH CUMBRIA INTEGRATED CARE BOARD,NHS trust,34468,23235,34468,465,67.4
2025-08-01,RJE,UNIVERSITY HOSPITALS OF NORTH MIDLANDS NHS TRUST,NHS STAFFORDSHIRE AND STOKE-ON-TRENT INTEGRATED CARE BOARD,NHS trust,66524,41812,66524,1385,62.9
2025-08-01,RK9,UNIVERSITY HOSPITALS PLYMOUTH NHS TRUST,NHS DEVON INTEGRATED CARE BOARD,NHS trust,49961,29909,49961,1814,59.9
2025-08-01,RYR,UNIVERSITY HOSPITALS SUSSEX NHS FOUNDATION TRUST,NHS SUSSEX INTEGRATED CARE BOARD,NHS trust,114712,58275,114712,5629,50.8
2025-08-01,NRF,UNIVERSITY OF SOUTHAMPTON AUDITORY IMPLANT SERVICE,NHS HAMPSHIRE AND ISLE OF WIGHT INTEGRATED CARE BOARD,Independent sector / other,184,102,184,13,55.4
2025-08-01,AQK,VERNOVA HEALTHCARE COMMUNITY INTEREST COMPANY,NHS CHESHIRE AND MERSEYSIDE INTEGRATED CARE BOARD,Independent sector / other,298,279,298,0,93.6
2025-08-01,RBK,WALSALL HEALTHCARE NHS TRUST,NHS BLACK COUNTRY INTEGRATED CARE BOARD,NHS trust,28355,20003,28355,11,70.5
2025-08-01,RWW,WARRINGTON AND HALTON TEACHING HOSPITALS NHS FOUNDATION TRUST,NHS CHESHIRE AND MERSEYSIDE INTEGRATED CARE BOARD,NHS trust,32519,18537,32519,1497,57.0
2025-08-01,RWG,WEST HERTFORDSHIRE TEACHING HOSPITALS NHS TRUST,NHS HERTFORDSHIRE AND WEST ESSEX INTEGRATED CARE BOARD,NHS trust,46952,29957,46952,827,63.8
2025-08-01,NVC21,WEST MIDLANDS HOSPITAL,NHS BLACK COUNTRY INTEGRATED CARE BOARD,Independent sector / other,800,420,800,5,52.5
2025-08-01,RGR,WEST SUFFOLK NHS FOUNDATION TRUST,NHS SUFFOLK AND NORTH EAST ESSEX INTEGRATED CARE BOARD,NHS trust,33671,19662,33671,1430,58.4
2025-08-01,RKE,WHITTINGTON HEALTH NHS TRUST,NHS NORTH CENTRAL LONDON INTEGRATED CARE BOARD,NHS trust,26978,17063,26978,539,63.2
2025-08-01,NVC22,WINFIELD HOSPITAL,NHS GLOUCESTERSHIRE INTEGRATED CARE BOARD,Independent sector / other,1638,1028,1638,6,62.8
2025-08-01,NT443,WINTERBOURNE HOSPITAL,NHS DORSET INTEGRATED CARE BOARD,Independent sector / other,316,294,316,0,93.0
2025-08-01,RBL,WIRRAL UNIVERSITY TEACHING HOSPITAL NHS FOUNDATION TRUST,NHS CHESHIRE AND MERSEYSIDE INTEGRATED CARE BOARD,NHS trust,47463,28784,47463,1343,60.6
2025-08-01,NVC23,WOODLAND HOSPITAL,NHS NORTHAMPTONSHIRE INTEGRATED CARE BOARD,Independent sector / other,4786,3277,4786,37,68.5
2025-08-01,NT457,WOODLANDS HOSPITAL,NHS NORTH EAST AND NORTH CUMBRIA INTEGRATED CARE BOARD,Independent sector / other,2228,1763,2228,0,79.1
2025-08-01,NVC40,WOODTHORPE HOSPITAL,NHS NOTTINGHAM AND NOTTINGHAMSHIRE INTEGRATED CARE BOARD,Independent sector / other,3370,2760,3370,0,81.9
2025-08-01,RWP,WORCESTERSHIRE ACUTE HOSPITALS NHS TRUST,NHS HEREFORDSHIRE AND WORCESTERSHIRE INTEGRATED CARE BOARD,NHS trust,56632,33136,56632,891,58.5
2025-08-01,RRF,"WRIGHTINGTON, WIGAN AND LEIGH TEACHING HOSPITALS NHS FOUNDATION TRUST",NHS GREATER MANCHESTER INTEGRATED CARE BOARD,NHS trust,49364,27891,49364,1883,56.5
2025-08-01,RLQ,WYE VALLEY NHS TRUST,NHS HEREFORDSHIRE AND WORCESTERSHIRE INTEGRATED CARE BOARD,NHS trust,27294,16323,27294,973,59.8
2025-08-01,RCB,YORK AND SCARBOROUGH TEACHING HOSPITALS NHS FOUNDATION TRUST,NHS HUMBER AND NORTH YORKSHIRE INTEGRATED CARE BOARD,NHS trust,56815,32325,56815,1988,56.9
2025-09-01,NPR01,ABOUT HEALTH HQ,NHS SOMERSET INTEGRATED CARE BOARD,Independent sector / other,1122,1086,1122,0,96.8
2025-09-01,RCF,AIREDALE NHS FOUNDATION TRUST,NHS WEST YORKSHIRE INTEGRATED CARE BOARD,NHS trust,13819,9812,13819,72,71.0
2025-09-01,RBS,ALDER HEY CHILDREN'S NHS FOUNDATION TRUST,NHS CHESHIRE AND MERSEYSIDE INTEGRATED CARE BOARD,NHS trust,18225,11340,18225,245,62.2
2025-09-01,NT401,ALEXANDRA HOSPITAL,NHS GREATER MANCHESTER INTEGRATED CARE BOARD,Independent sector / other,846,704,846,0,83.2
2025-09-01,NX5,ANGLIA COMMUNITY EYE SERVICE LTD,NHS CAMBRIDGESHIRE AND PETERBOROUGH INTEGRATED CARE BOARD,Independent sector / other,2058,1789,2058,1,86.9
2025-09-01,RTK,ASHFORD AND ST PETER'S HOSPITALS NHS FOUNDATION TRUST,NHS SURREY HEARTLANDS INTEGRATED CARE BOARD,NHS trust,55850,32418,55850,1017,58.0
2025-09-01,NVC01,ASHTEAD HOSPITAL,NHS SURREY HEARTLANDS INTEGRATED CARE BOARD,Independent sector / other,1027,879,1027,0,85.6
2025-09-01,RF4,"BARKING, HAVERING AND REDBRIDGE UNIVERSITY HOSPITALS NHS TRUST",NHS NORTH EAST LONDON INTEGRATED CARE BOARD,NHS trust,60561,44498,60561,540,73.5
2025-09-01,RFF,BARNSLEY HOSPITAL NHS FOUNDATION TRUST,NHS SOUTH YORKSHIRE INTEGRATED CARE BOARD,NHS trust,25053,16452,25053,228,65.7
2025-09-01,R1H,BARTS HEALTH NHS TRUST,NHS NORTH EAST LONDON INTEGRATED CARE BOARD,NHS trust,133504,75445,133504,3879,56.5
2025-09-01,NT402,BATH CLINIC,"NHS BATH AND NORTH EAST SOMERSET, SWINDON AND WILTSHIRE INTEGRATED CARE BOARD",Independent sector / other,824,604,824,0,73.3
2025-09-01,NRP,BEACON MEDICAL SERVICES GROUP LIMITED,NHS GREATER MANCHESTER INTEGRATED CARE BOARD,Independent sector / other,993,966,993,0,97.3
2025-09-01,NVC0I,BEACON PARK HOSPITAL,NHS STAFFORDSHIRE AND STOKE-ON-TRENT INTEGRATED CARE BOARD,Independent sector / other,993,775,993,0,78.0
2025-09-01,NT403,BEARDWOOD HOSPITAL,NHS LANCASHIRE AND SOUTH CUMBRIA INTEGRATED CARE BOARD,Independent sector / other,2404,1916,2404,0,79.7
2025-09-01,NT404,BEAUMONT HOSPITAL,NHS GREATER MANCHESTER INTEGRATED CARE BOARD,Independent sector / other,2899,2045,2899,10,70.5
2025-09-01,RC9,BEDFORDSHIRE HOSPITALS NHS FOUNDATION TRUST,"NHS BEDFORDSHIRE, LUTON AND MILTON KEYNES INTEGRATED CARE BOARD",NHS trust,86162,51907,86162,1341,60.2
2025-09-01,NWF01,BENENDEN HOSPITAL,NHS KENT AND MEDWAY INTEGRATED CARE BOARD,Independent sector / other,1511,1137,1511,12,75.2
2025-09-01,RWX,BERKSHIRE HEALTHCARE NHS FOUNDATION TRUST,NHS FRIMLEY INTEGRATED CARE BOARD,NHS trust,77,77,77,0,100.0
2025-09-01,NP9,BESPOKE HEALTHCARE LTD,NHS LANCASHIRE AND SOUTH CUMBRIA INTEGRATED CARE BOARD,Independent sector / other,407,177,407,38,43.5
2025-09-01,RYW,BIRMINGHAM COMMUNITY HEALTHCARE NHS FOUNDATION TRUST,NHS BIRMINGHAM AND SOLIHULL INTEGRATED CARE BOARD,NHS trust,15355,10886,15355,43,70.9
2025-09-01,RQ3,BIRMINGHAM WOMEN'S AND CHILDREN'S NHS FOUNDATION TRUST,NHS BIRMINGHAM AND SOLIHULL INTEGRATED CARE BOARD,NHS trust,24728,14158,24728,236,57.3
2025-09-01,NT405,BISHOPS WOOD HOSPITAL,NHS NORTH WEST LONDON INTEGRATED CARE BOARD,Independent sector / other,566,505,566,1,89.2
2025-09-01,NT406,BLACKHEATH HOSPITAL,NHS SOUTH EAST LONDON INTEGRATED CARE BOARD,Independent sector / other,1616,1174,1616,83,72.6
2025-09-01,RXL,BLACKPOOL TEACHING HOSPITALS NHS FOUNDATION TRUST,NHS LANCASHIRE AND SOUTH CUMBRIA INTEGRATED CARE BOARD,NHS trust,42637,23896,42637,1840,56.0
2025-09-01,NVC31,BLAKELANDS HOSPITAL,"NHS BEDFORDSHIRE, LUTON AND MILTON KEYNES INTEGRATED CARE BOARD",Independent sector / other,2181,1578,2181,10,72.4
2025-09-01,RMC,BOLTON NHS FOUNDATION TRUST,NHS GREATER MANCHESTER INTEGRATED CARE BOARD,NHS trust,37555,22204,37555,1097,59.1
2025-09-01,R5J3Z,BORDER HEALTH ALLIANCE LIMITED,NHS HEREFORDSHIRE AND WORCESTERSHIRE INTEGRATED CARE BOARD,Independent sector / other,478,428,478,0,89.5
2025-09-01,NVC27,BOSTON WEST HOSPITAL,NHS LINCOLNSHIRE INTEGRATED CARE BOARD,Independent sector / other,1864,1305,1864,14,70.0
2025-09-01,TAD,BRADFORD DISTRICT CARE NHS FOUNDATION TRUST,NHS WEST YORKSHIRE INTEGRATED CARE BOARD,NHS trust,538,314,538,6,58.4
2025-09-01,RAE,BRADFORD TEACHING HOSPITALS NHS FOUNDATION TRUST,NHS WEST YORKSHIRE INTEGRATED CARE BOARD,NHS trust,33406,22109,33406,212,66.2
2025-09-01,RXQ,BUCKINGHAMSHIRE HEALTHCARE NHS TRUST,"NHS BUCKINGHAMSHIRE, OXFORDSHIRE AND BERKSHIRE WEST INTEGRATED CARE BOARD",NHS trust,48893,28772,48893,1351,58.8
2025-09-01,A4M8P,BUCKSHAW HOSPITAL,NHS LANCASHIRE AND SOUTH CUMBRIA INTEGRATED CARE BOARD,Independent sector / other,3295,2336,3295,64,70.9
2025-09-01,RWY,CALDERDALE AND HUDDERSFIELD NHS FOUNDATION TRUST,NHS WEST YORKSHIRE INTEGRATED CARE BOARD,NHS trust,37047,26413,37047,17,71.3
2025-09-01,RGT,CAMBRIDGE UNIVERSITY HOSPITALS NHS FOUNDATION TRUST,NHS CAMBRIDGESHIRE AND PETERBOROUGH INTEGRATED CARE BOARD,NHS trust,66369,39066,66369,2509,58.9
2025-09-01,RT1,CAMBRIDGESHIRE AND PETERBOROUGH NHS FOUNDATION TRUST,NHS CAMBRIDGESHIRE AND PETERBOROUGH INTEGRATED CARE BOARD,NHS trust,13,2,13,5,15.4
2025-09-01,NL3,CARE PLUS GROUP,NHS HUMBER AND NORTH YORKSHIRE INTEGRATED CARE BOARD,Independent sector / other,202,182,202,0,90.1
2025-09-01,NT451,CAVELL HOSPITAL,NHS NORTH CENTRAL LONDON INTEGRATED CARE BOARD,Independent sector / other,1390,1104,1390,3,79.4
2025-09-01,U0K8N,CES MEDICAL,NHS KENT AND MEDWAY INTEGRATED CARE BOARD,Independent sector / other,39,39,39,0,100.0
2025-09-01,NT408,CHAUCER HOSPITAL,NHS KENT AND MEDWAY INTEGRATED CARE BOARD,Independent sector / other,829,698,829,0,84.2
2025-09-01,RQM,CHELSEA AND WESTMINSTER HOSPITAL NHS FOUNDATION TRUST,NHS NORTH WEST LONDON INTEGRATED CARE BOARD,NHS trust,75290,46005,75290,1745,61.1
2025-09-01,NT409,CHELSFIELD PARK HOSPITAL,NHS SOUTH EAST LONDON INTEGRATED CARE BOARD,Independent sector / other,834,681,834,6,81.7
2025-09-01,RFS,CHESTERFIELD ROYAL HOSPITAL NHS FOUNDATION TRUST,NHS DERBY AND DERBYSHIRE INTEGRATED CARE BOARD,NHS trust,32043,18472,32043,1175,57.6
2025-09-01,NT410,CHILTERN HOSPITAL,"NHS BUCKINGHAMSHIRE, OXFORDSHIRE AND BERKSHIRE WEST INTEGRATED CARE BOARD",Independent sector / other,429,344,429,0,80.2
2025-09-01,F9Z4V,CIRCLE READING HOSPITAL,"NHS BUCKINGHAMSHIRE, OXFORDSHIRE AND BERKSHIRE WEST INTEGRATED CARE BOARD",Independent sector / other,1691,1259,1691,0,74.5
2025-09-01,B3M1X,CLAREMONT PRIVATE HOSPITAL,NHS SOUTH YORKSHIRE INTEGRATED CARE BOARD,Independent sector / other,2040,1556,2040,9,76.3
2025-09-01,NT411,CLEMENTINE CHURCHILL HOSPITAL,NHS NORTH WEST LONDON INTEGRATED CARE BOARD,Independent sector / other,1855,1847,1855,0,99.6
2025-09-01,NVC28,CLIFTON PARK HOSPITAL,NHS HUMBER AND NORTH YORKSHIRE INTEGRATED CARE BOARD,Independent sector / other,1715,1087,1715,8,63.4
2025-09-01,NVC29,COBALT HOSPITAL,NHS NORTH EAST AND NORTH CUMBRIA INTEGRATED CARE BOARD,Independent sector / other,1619,1243,1619,17,76.8
2025-09-01,NLG,COMMUNITAS CLINICS,NHS SOUTH WEST LONDON INTEGRATED CARE BOARD,Independent sector / other,13558,6101,13558,737,45.0
2025-09-01,AAV,COMMUNITY HEALTH AND EYECARE LIMITED,NHS LANCASHIRE AND SOUTH CUMBRIA INTEGRATED CARE BOARD,Independent sector / other,3748,3685,3748,0,98.3
2025-09-01,NMG,CORA HEALTH MSK (FORMERLY CONNECT HEALTH LTD),NHS NORTH EAST AND NORTH CUMBRIA INTEGRATED CARE BOARD,Independent sector / other,15685,14567,15685,1,92.9
2025-09-01,RJ8,CORNWALL PARTNERSHIP NHS FOUNDATION TRUST,NHS CORNWALL AND THE ISLES OF SCILLY INTEGRATED CARE BOARD,NHS trust,539,539,539,0,100.0
2025-09-01,DFY01,COTSWOLDS SURGICAL PARTNERS,"NHS BATH AND NORTH EAST SOMERSET, SWINDON AND WILTSHIRE INTEGRATED CARE BOARD",Independent sector / other,147,145,147,0,98.6
2025-09-01,RJR,COUNTESS OF CHESTER HOSPITAL NHS FOUNDATION TRUST,NHS CHESHIRE AND MERSEYSIDE INTEGRATED CARE BOARD,NHS trust,37571,19408,37571,2811,51.7
2025-09-01,RXP,COUNTY DURHAM AND DARLINGTON NHS FOUNDATION TRUST,NHS NORTH EAST AND NORTH CUMBRIA INTEGRATED CARE BOARD,NHS trust,42330,29692,42330,504,70.1
2025-09-01,RJ6,CROYDON HEALTH SERVICES NHS TRUST,NHS SOUTH WEST LONDON INTEGRATED CARE BOARD,NHS trust,36829,25169,36829,639,68.3
2025-09-01,RX4,"CUMBRIA, NORTHUMBERLAND, TYNE AND WEAR NHS FOUNDATION TRUST",NHS NORTH EAST AND NORTH CUMBRIA INTEGRATED CARE BOARD,NHS trust,162,162,162,0,100.0
2025-09-01,RN7,DARTFORD AND GRAVESHAM NHS TRUST,NHS KENT AND MEDWAY INTEGRATED CARE BOARD,NHS trust,31979,19797,31979,1103,61.9
2025-09-01,NVL,DMC DERMATOLOGY,NHS GREATER MANCHESTER INTEGRATED CARE BOARD,Independent sector / other,238,238,238,0,100.0
2025-09-01,NCN,DMC HEALTHCARE,NHS SOUTH EAST LONDON INTEGRATED CARE BOARD,Independent sector / other,2043,2027,2043,0,99.2
2025-09-01,RP5,DONCASTER AND BASSETLAW TEACHING HOSPITALS NHS FOUNDATION TRUST,NHS SOUTH YORKSHIRE INTEGRATED CARE BOARD,NHS trust,56367,34485,56367,1524,61.2
2025-09-01,NNE,DORKING HEALTHCARE LIMITED (DHC),NHS SURREY HEARTLANDS INTEGRATED CARE BOARD,Independent sector / other,6368,5332,6368,3,83.7
2025-09-01,RBD,DORSET COUNTY HOSPITAL NHS FOUNDATION TRUST,NHS DORSET INTEGRATED CARE BOARD,NHS trust,21411,12899,21411,303,60.2
2025-09-01,NT412,DROITWICH SPA HOSPITAL,NHS HEREFORDSHIRE AND WORCESTERSHIRE INTEGRATED CARE BOARD,Independent sector / other,1728,1371,1728,0,79.3
2025-09-01,NT447,DUCHY HOSPITAL,NHS HUMBER AND NORTH YORKSHIRE INTEGRATED CARE BOARD,Independent sector / other,378,261,378,1,69.0
2025-09-01,NVC04,DUCHY HOSPITAL,NHS CORNWALL AND THE ISLES OF SCILLY INTEGRATED CARE BOARD,Independent sector / other,2005,1065,2005,15,53.1
2025-09-01,RWH,EAST AND NORTH HERTFORDSHIRE TEACHING NHS TRUST,NHS HERTFORDSHIRE AND WEST ESSEX INTEGRATED CARE BOARD,NHS trust,51034,32238,51034,723,63.2
2025-09-01,RJN,EAST CHESHIRE NHS TRUST,NHS CHESHIRE AND MERSEYSIDE INTEGRATED CARE BOARD,NHS trust,19341,10926,19341,609,56.5
2025-09-01,RVV,EAST KENT HOSPITALS UNIVERSITY NHS FOUNDATION TRUST,NHS KENT AND MEDWAY INTEGRATED CARE BOARD,NHS trust,78917,42814,78917,2435,54.3
2025-09-01,RXR,EAST LANCASHIRE HOSPITALS NHS TRUST,NHS LANCASHIRE AND SOUTH CUMBRIA INTEGRATED CARE BOARD,NHS trust,55629,33575,55629,1977,60.4
2025-09-01,RDE,EAST SUFFOLK AND NORTH ESSEX NHS FOUNDATION TRUST,NHS SUFFOLK AND NORTH EAST ESSEX INTEGRATED CARE BOARD,NHS trust,93050,52534,93050,3008,56.5
2025-09-01,RXC,EAST SUSSEX HEALTHCARE NHS TRUST,NHS SUSSEX INTEGRATED CARE BOARD,NHS trust,61439,39699,61439,728,64.6
2025-09-01,NT445,EDGBASTON HOSPITAL,NHS BIRMINGHAM AND SOLIHULL INTEGRATED CARE BOARD,Independent sector / other,1,1,1,0,100.0
2025-09-01,M9U8M,ENDOCARE DIAGNOSTICS LTD,NHS GREATER MANCHESTER INTEGRATED CARE BOARD,Independent sector / other,129,129,129,0,100.0
2025-09-01,RVR,EPSOM AND ST HELIER UNIVERSITY HOSPITALS NHS TRUST,NHS SOUTH WEST LONDON INTEGRATED CARE BOARD,NHS trust,58667,37006,58667,1241,63.1
2025-09-01,NVM,EPSOMEDICAL GROUP,NHS SURREY HEARTLANDS INTEGRATED CARE BOARD,Independent sector / other,2989,2630,2989,54,88.0
2025-09-01,NVC05,EUXTON HALL HOSPITAL,NHS LANCASHIRE AND SOUTH CUMBRIA INTEGRATED CARE BOARD,Independent sector / other,3071,2116,3071,49,68.9
2025-09-01,NVC0Y,EXETER MEDICAL,NHS DEVON INTEGRATED CARE BOARD,Independent sector / other,193,133,193,3,68.9
2025-09-01,ACM,EYE CARE MEDICAL LTD,NHS CHESHIRE AND MERSEYSIDE INTEGRATED CARE BOARD,Independent sector / other,8,8,8,0,100.0
2025-09-01,Y9S1N,FAIRFIELD INDEPENDENT HOSPITAL,NHS CHESHIRE AND MERSEYSIDE INTEGRATED CARE BOARD,Independent sector / other,2414,1596,2414,11,66.1
2025-09-01,NDJ,FIRST COMMUNITY HEALTH AND CARE CIC,NHS SURREY HEARTLANDS INTEGRATED CARE BOARD,Independent sector / other,701,692,701,0,98.7
2025-09-01,NVC06,FITZWILLIAM HOSPITAL,NHS CAMBRIDGESHIRE AND PETERBOROUGH INTEGRATED CARE BOARD,Independent sector / other,5779,3557,5779,6,61.6
2025-09-01,RDU,FRIMLEY HEALTH NHS FOUNDATION TRUST,NHS FRIMLEY INTEGRATED CARE BOARD,NHS trust,70234,39668,70234,1702,56.5
2025-09-01,NVC07,FULWOOD HALL HOSPITAL,NHS LANCASHIRE AND SOUTH CUMBRIA INTEGRATED CARE BOARD,Independent sector / other,5234,4015,5234,45,76.7
2025-09-01,RR7,GATESHEAD HEALTH NHS FOUNDATION TRUST,NHS NORTH EAST AND NORTH CUMBRIA INTEGRATED CARE BOARD,NHS trust,13399,9155,13399,52,68.3
2025-09-01,RLT,GEORGE ELIOT HOSPITAL NHS TRUST,NHS COVENTRY AND WARWICKSHIRE INTEGRATED CARE BOARD,NHS trust,20438,13183,20438,166,64.5
2025-09-01,K8I4X,GLENDON WOOD HOSPITAL,NHS NORTHAMPTONSHIRE INTEGRATED CARE BOARD,Independent sector / other,1407,1180,1407,2,83.9
2025-09-01,RTE,GLOUCESTERSHIRE HOSPITALS NHS FOUNDATION TRUST,NHS GLOUCESTERSHIRE INTEGRATED CARE BOARD,NHS trust,64009,44630,64009,35,69.7
2025-09-01,NT417,GORING HALL HOSPITAL,NHS SUSSEX INTEGRATED CARE BOARD,Independent sector / other,1027,607,1027,21,59.1
2025-09-01,NWV01,GP CARE UK,"NHS BRISTOL, NORTH SOMERSET AND SOUTH GLOUCESTERSHIRE INTEGRATED CARE BOARD",Independent sector / other,550,549,550,0,99.8
2025-09-01,RP4,GREAT ORMOND STREET HOSPITAL FOR CHILDREN NHS FOUNDATION TRUST,NHS NORTH CENTRAL LONDON INTEGRATED CARE BOARD,NHS trust,7950,5575,7950,246,70.1
2025-09-01,RN3,GREAT WESTERN HOSPITALS NHS FOUNDATION TRUST,"NHS BATH AND NORTH EAST SOMERSET, SWINDON AND WILTSHIRE INTEGRATED CARE BOARD",NHS trust,40648,24662,40648,573,60.7
2025-09-01,RJ1,GUY'S AND ST THOMAS' NHS FOUNDATION TRUST,NHS SOUTH EAST LONDON INTEGRATED CARE BOARD,NHS trust,111002,72393,111002,2182,65.2
2025-09-01,RW1,HAMPSHIRE AND ISLE OF WIGHT HEALTHCARE NHS FOUNDATION TRUST,NHS HAMPSHIRE AND ISLE OF WIGHT INTEGRATED CARE BOARD,NHS trust,3983,3669,3983,0,92.1
2025-09-01,NT418,HAMPSHIRE CLINIC,NHS HAMPSHIRE AND ISLE OF WIGHT INTEGRATED CARE BOARD,Independent sector / other,294,232,294,3,78.9
2025-09-01,RN5,HAMPSHIRE HOSPITALS NHS FOUNDATION TRUST,NHS HAMPSHIRE AND ISLE OF WIGHT INTEGRATED CARE BOARD,NHS trust,50669,30162,50669,2013,59.5
2025-09-01,NT419,HARBOUR HOSPITAL,NHS DORSET INTEGRATED CARE BOARD,Independent sector / other,113,75,113,1,66.4
2025-09-01,RCD,HARROGATE AND DISTRICT NHS FOUNDATION TRUST,NHS HUMBER AND NORTH YORKSHIRE INTEGRATED CARE BOARD,NHS trust,20426,15550,20426,0,76.1
2025-09-01,S5E5Y,HCRG CARE DERMATOLOGY THE IRONSTONE CENTRE,NHS HUMBER AND NORTH YORKSHIRE INTEGRATED CARE BOARD,Independent sector / other,1314,1136,1314,26,86.5
2025-09-01,NYR,HEALTHSHARE DIAGNOSTICS,NHS KENT AND MEDWAY INTEGRATED CARE BOARD,Independent sector / other,2464,1834,2464,32,74.4
2025-09-01,NRL,HEART NETWORKS,NHS GREATER MANCHESTER INTEGRATED CARE BOARD,Independent sector / other,398,397,398,0,99.7
2025-09-01,NT416,HENDON HOSPITAL,NHS NORTH CENTRAL LONDON INTEGRATED CARE BOARD,Independent sector / other,1194,944,1194,1,79.1
2025-09-01,R1A,HEREFORDSHIRE AND WORCESTERSHIRE HEALTH AND CARE NHS TRUST,NHS HEREFORDSHIRE AND WORCESTERSHIRE INTEGRATED CARE BOARD,NHS trust,91,76,91,0,83.5
2025-09-01,NT420,HIGHFIELD HOSPITAL,NHS GREATER MANCHESTER INTEGRATED CARE BOARD,Independent sector / other,972,775,972,0,79.7
2025-09-01,RQX,HOMERTON HEALTHCARE NHS FOUNDATION TRUST,NHS NORTH EAST LONDON INTEGRATED CARE BOARD,NHS trust,33155,21982,33155,325,66.3
2025-09-01,NT448,HUDDERSFIELD PRIVATE HOSPITAL,NHS WEST YORKSHIRE INTEGRATED CARE BOARD,Independent sector / other,717,637,717,38,88.8
2025-09-01,RWA,HULL UNIVERSITY TEACHING HOSPITALS NHS TRUST,NHS HUMBER AND NORTH YORKSHIRE INTEGRATED CARE BOARD,NHS trust,80584,45694,80584,3216,56.7
2025-09-01,RYJ,IMPERIAL COLLEGE HEALTHCARE NHS TRUST,NHS NORTH WEST LONDON INTEGRATED CARE BOARD,NHS trust,91321,56644,91321,1278,62.0
2025-09-01,NXP,INDEPENDENT HEALTH GROUP,"NHS BATH AND NORTH EAST SOMERSET, SWINDON AND WILTSHIRE INTEGRATED CARE BOARD",Independent sector / other,1027,993,1027,0,96.7
2025-09-01,NV1,INHEALTH LIMITED,"NHS BUCKINGHAMSHIRE, OXFORDSHIRE AND BERKSHIRE WEST INTEGRATED CARE BOARD",Independent sector / other,1403,1111,1403,0,79.2
2025-09-01,NCR,ISIGHT,NHS CHESHIRE AND MERSEYSIDE INTEGRATED CARE BOARD,Independent sector / other,1331,1253,1331,0,94.1
2025-09-01,R1F,ISLE OF WIGHT NHS TRUST,NHS HAMPSHIRE AND ISLE OF WIGHT INTEGRATED CARE BOARD,NHS trust,13738,8729,13738,30,63.5
2025-09-01,RGP,JAMES PAGET UNIVERSITY HOSPITALS NHS FOUNDATION TRUST,NHS NORFOLK AND WAVENEY INTEGRATED CARE BOARD,NHS trust,34827,17660,34827,1842,50.7
2025-09-01,RYY,KENT COMMUNITY HEALTH NHS FOUNDATION TRUST,NHS KENT AND MEDWAY INTEGRATED CARE BOARD,NHS trust,3860,3860,3860,0,100.0
2025-09-01,RNQ,KETTERING GENERAL HOSPITAL NHS FOUNDATION TRUST,NHS NORTHAMPTONSHIRE INTEGRATED CARE BOARD,NHS trust,25263,15584,25263,254,61.7
2025-09-01,ADP02,KIMS HOSPITAL (NEWNHAM COURT),NHS KENT AND MEDWAY INTEGRATED CARE BOARD,Independent sector / other,1337,1216,1337,1,90.9
2025-09-01,RJZ,KING'S COLLEGE HOSPITAL NHS FOUNDATION TRUST,NHS SOUTH EAST LONDON INTEGRATED CARE BOARD,NHS trust,81245,50006,81245,1815,61.5
2025-09-01,NT421,KINGS OAK HOSPITAL,NHS NORTH CENTRAL LONDON INTEGRATED CARE BOARD,Independent sector / other,1023,796,1023,2,77.8
2025-09-01,RAX,KINGSTON AND RICHMOND NHS FOUNDATION TRUST,NHS SOUTH WEST LONDON INTEGRATED CARE BOARD,NHS trust,43900,28292,43900,313,64.4
2025-09-01,RW5,LANCASHIRE & SOUTH CUMBRIA NHS FOUNDATION TRUST,NHS LANCASHIRE AND SOUTH CUMBRIA INTEGRATED CARE BOARD,NHS trust,2513,2334,2513,0,92.9
2025-09-01,RXN,LANCASHIRE TEACHING HOSPITALS NHS FOUNDATION TRUST,NHS LANCASHIRE AND SOUTH CUMBRIA INTEGRATED CARE BOARD,NHS trust,65334,35711,65334,1864,54.7
2025-09-01,NLE01,LANCASTER HOUSE CONSULTING DIAGNOSTICS SURGICAL LTD HQ,NHS GREATER MANCHESTER INTEGRATED CARE BOARD,Independent sector / other,764,743,764,0,97.3
2025-09-01,NT449,LANCASTER PRIVATE HOSPITAL,NHS LANCASHIRE AND SOUTH CUMBRIA INTEGRATED CARE BOARD,Independent sector / other,354,252,354,0,71.2
2025-09-01,RR8,LEEDS TEACHING HOSPITALS NHS TRUST,NHS WEST YORKSHIRE INTEGRATED CARE BOARD,NHS trust,87667,58492,87667,1525,66.7
2025-09-01,RJ2,LEWISHAM AND GREENWICH NHS TRUST,NHS SOUTH EAST LONDON INTEGRATED CARE BOARD,NHS trust,54505,33331,54505,1508,61.2
2025-09-01,NT450,LINCOLN PRIVATE HOSPITAL,NHS LINCOLNSHIRE INTEGRATED CARE BOARD,Independent sector / other,1269,912,1269,0,71.9
2025-09-01,RP7,LINCOLNSHIRE PARTNERSHIP NHS FOUNDATION TRUST,NHS LINCOLNSHIRE INTEGRATED CARE BOARD,NHS trust,40,39,40,0,97.5
2025-09-01,RBQ,LIVERPOOL HEART AND CHEST HOSPITAL NHS FOUNDATION TRUST,NHS CHESHIRE AND MERSEYSIDE INTEGRATED CARE BOARD,NHS trust,5504,4213,5504,45,76.5
2025-09-01,REM,LIVERPOOL UNIVERSITY HOSPITALS NHS FOUNDATION TRUST,NHS CHESHIRE AND MERSEYSIDE INTEGRATED CARE BOARD,NHS trust,66585,37279,66585,2113,56.0
2025-09-01,REP,LIVERPOOL WOMEN'S NHS FOUNDATION TRUST,NHS CHESHIRE AND MERSEYSIDE INTEGRATED CARE BOARD,NHS trust,17314,8112,17314,1672,46.9
2025-09-01,NR5,LIVEWELL SOUTHWEST,NHS DEVON INTEGRATED CARE BOARD,Independent sector / other,62,60,62,0,96.8
2025-09-01,NL8,LOCALA COMMUNITY PARTNERSHIPS CIC,NHS WEST YORKSHIRE INTEGRATED CARE BOARD,Independent sector / other,1285,1247,1285,1,97.0
2025-09-01,NT422,LONDON INDEPENDENT HOSPITAL,NHS NORTH EAST LONDON INTEGRATED CARE BOARD,Independent sector / other,3570,2829,3570,26,79.2
2025-09-01,R1K,LONDON NORTH WEST UNIVERSITY HEALTHCARE NHS TRUST,NHS NORTH WEST LONDON INTEGRATED CARE BOARD,NHS trust,86162,50389,86162,1800,58.5
2025-09-01,RWF,MAIDSTONE AND TUNBRIDGE WELLS NHS TRUST,NHS KENT AND MEDWAY INTEGRATED CARE BOARD,NHS trust,48698,34179,48698,0,70.2
2025-09-01,NN5,MANCHESTER SURGICAL SERVICES LTD,NHS GREATER MANCHESTER INTEGRATED CARE BOARD,Independent sector / other,338,294,338,0,87.0
2025-09-01,R0A,MANCHESTER UNIVERSITY NHS FOUNDATION TRUST,NHS GREATER MANCHESTER INTEGRATED CARE BOARD,NHS trust,186474,100329,186474,6611,53.8
2025-09-01,NT423,MANOR HOSPITAL,"NHS BEDFORDSHIRE, LUTON AND MILTON KEYNES INTEGRATED CARE BOARD",Independent sector / other,838,458,838,6,54.7
2025-09-01,AY1,MEDEFER,NHS NORTH CENTRAL LONDON INTEGRATED CARE BOARD,Independent sector / other,363,337,363,0,92.8
2025-09-01,RPA,MEDWAY NHS FOUNDATION TRUST,NHS KENT AND MEDWAY INTEGRATED CARE BOARD,NHS trust,39089,20911,39089,2116,53.5
2025-09-01,NT424,MERIDEN HOSPITAL,NHS COVENTRY AND WARWICKSHIRE INTEGRATED CARE BOARD,Independent sector / other,1914,1697,1914,1,88.7
2025-09-01,RBN,MERSEY AND WEST LANCASHIRE TEACHING HOSPITALS NHS TRUST,NHS CHESHIRE AND MERSEYSIDE INTEGRATED CARE BOARD,NHS trust,77823,49841,77823,1798,64.0
2025-09-01,RW4,MERSEY CARE NHS FOUNDATION TRUST,NHS CHESHIRE AND MERSEYSIDE INTEGRATED CARE BOARD,NHS trust,44,44,44,0,100.0
2025-09-01,RAJ,MID AND SOUTH ESSEX NHS FOUNDATION TRUST,NHS MID AND SOUTH ESSEX INTEGRATED CARE BOARD,NHS trust,178899,90547,178899,14398,50.6
2025-09-01,RBT,MID CHESHIRE HOSPITALS NHS FOUNDATION TRUST,NHS CHESHIRE AND MERSEYSIDE INTEGRATED CARE BOARD,NHS trust,43717,23971,43717,1838,54.8
2025-09-01,RXF,MID YORKSHIRE TEACHING NHS TRUST,NHS WEST YORKSHIRE INTEGRATED CARE BOARD,NHS trust,57149,35332,57149,252,61.8
2025-09-01,S4E3I,MIDLAND EYE (EYE-DOCS LTD),NHS BIRMINGHAM AND SOLIHULL INTEGRATED CARE BOARD,Independent sector / other,367,334,367,0,91.0
2025-09-01,RRE,MIDLANDS PARTNERSHIP UNIVERSITY NHS FOUNDATION TRUST,NHS STAFFORDSHIRE AND STOKE-ON-TRENT INTEGRATED CARE BOARD,NHS trust,7519,7205,7519,3,95.8
2025-09-01,RD8,MILTON KEYNES UNIVERSITY HOSPITAL NHS FOUNDATION TRUST,"NHS BEDFORDSHIRE, LUTON AND MILTON KEYNES INTEGRATED CARE BOARD",NHS trust,35582,17831,35582,2019,50.1
2025-09-01,RP6,MOORFIELDS EYE HOSPITAL NHS FOUNDATION TRUST,NHS NORTH CENTRAL LONDON INTEGRATED CARE BOARD,NHS trust,34252,27898,34252,40,81.4
2025-09-01,NT455,MOUNT ALVERNIA HOSPITAL,NHS SURREY HEARTLANDS INTEGRATED CARE BOARD,Independent sector / other,268,221,268,0,82.5
2025-09-01,NVC08,MOUNT STUART HOSPITAL,NHS DEVON INTEGRATED CARE BOARD,Independent sector / other,1908,1213,1908,16,63.6
2025-09-01,NVC09,NEW HALL HOSPITAL,"NHS BATH AND NORTH EAST SOMERSET, SWINDON AND WILTSHIRE INTEGRATED CARE BOARD",Independent sector / other,3298,2197,3298,36,66.6
2025-09-01,R7W2O,NEWCASTLE NEWMEDICA LTD,NHS NORTH EAST AND NORTH CUMBRIA INTEGRATED CARE BOARD,Independent sector / other,730,726,730,0,99.5
2025-09-01,N8R1N,NEWMEDICA - BERKSHIRE,NHS FRIMLEY INTEGRATED CARE BOARD,Independent sector / other,948,784,948,4,82.7
2025-09-01,C5Y9L,NEWMEDICA - BERKSHIRE - BRACKNELL,NHS FRIMLEY INTEGRATED CARE BOARD,Independent sector / other,71,60,71,0,84.5
2025-09-01,S1Z4X,NEWMEDICA - BIRMINGHAM,NHS BIRMINGHAM AND SOLIHULL INTEGRATED CARE BOARD,Independent sector / other,810,740,810,2,91.4
2025-09-01,C9A7J,NEWMEDICA - BRADFORD & HUDDERSFIELD,NHS WEST YORKSHIRE INTEGRATED CARE BOARD,Independent sector / other,357,339,357,0,95.0
2025-09-01,ACG22,NEWMEDICA - BRIGG - RIVERSIDE SURGERY,NHS HUMBER AND NORTH YORKSHIRE INTEGRATED CARE BOARD,Independent sector / other,1001,784,1001,0,78.3
2025-09-01,ACG20,NEWMEDICA - BRISTOL - LITFIELD HOUSE,"NHS BRISTOL, NORTH SOMERSET AND SOUTH GLOUCESTERSHIRE INTEGRATED CARE BOARD",Independent sector / other,295,281,295,0,95.3
2025-09-01,H2K1G,NEWMEDICA - BROMSGROVE,NHS HEREFORDSHIRE AND WORCESTERSHIRE INTEGRATED CARE BOARD,Independent sector / other,351,342,351,0,97.4
2025-09-01,F1Y1H,NEWMEDICA - CHESHIRE OAKS,NHS CHESHIRE AND MERSEYSIDE INTEGRATED CARE BOARD,Independent sector / other,274,243,274,0,88.7
2025-09-01,F0R0W,NEWMEDICA - DARLINGTON,NHS NORTH EAST AND NORTH CUMBRIA INTEGRATED CARE BOARD,Independent sector / other,46,46,46,0,100.0
2025-09-01,ACG36,NEWMEDICA - EXETER - GLEN HOUSE,NHS DEVON INTEGRATED CARE BOARD,Independent sector / other,236,229,236,0,97.0
2025-09-01,ACG13,NEWMEDICA - GLOUCESTER (ASPEN MEDICAL CENTRE),NHS GLOUCESTERSHIRE INTEGRATED CARE BOARD,Independent sector / other,369,326,369,0,88.3
2025-09-01,L0D9W,NEWMEDICA - GLOUCESTER (BRIGHOUSE COURT),NHS GLOUCESTERSHIRE INTEGRATED CARE BOARD,Independent sector / other,1022,946,1022,2,92.6
2025-09-01,L4R3R,NEWMEDICA - HAMPSHIRE,NHS HAMPSHIRE AND ISLE OF WIGHT INTEGRATED CARE BOARD,Independent sector / other,1678,1314,1678,1,78.3
2025-09-01,Z1E5F,NEWMEDICA - HARROGATE,NHS HUMBER AND NORTH YORKSHIRE INTEGRATED CARE BOARD,Independent sector / other,221,209,221,0,94.6
2025-09-01,F7F6D,NEWMEDICA - HERTFORSHIRE - WELWYN GARDEN CITY,NHS HERTFORDSHIRE AND WEST ESSEX INTEGRATED CARE BOARD,Independent sector / other,434,403,434,0,92.9
2025-09-01,ACG37,NEWMEDICA - IPSWICH,NHS SUFFOLK AND NORTH EAST ESSEX INTEGRATED CARE BOARD,Independent sector / other,861,851,861,0,98.8
2025-09-01,ACG38,NEWMEDICA - LANGFORD,"NHS BRISTOL, NORTH SOMERSET AND SOUTH GLOUCESTERSHIRE INTEGRATED CARE BOARD",Independent sector / other,310,266,310,0,85.8
2025-09-01,N6Z0R,NEWMEDICA - LINCOLN,NHS LINCOLNSHIRE INTEGRATED CARE BOARD,Independent sector / other,47,37,47,0,78.7
2025-09-01,Z2L9B,NEWMEDICA - MANCHESTER WEST,NHS GREATER MANCHESTER INTEGRATED CARE BOARD,Independent sector / other,335,231,335,5,69.0
2025-09-01,ACG26,NEWMEDICA - NORTH DERBYSHIRE - MIDLAND COURT,NHS DERBY AND DERBYSHIRE INTEGRATED CARE BOARD,Independent sector / other,983,933,983,0,94.9
2025-09-01,M4C5R,NEWMEDICA - NORTHAMPTON,NHS NORTHAMPTONSHIRE INTEGRATED CARE BOARD,Independent sector / other,817,788,817,0,96.5
2025-09-01,B5M7B,NEWMEDICA - NORWICH,NHS NORFOLK AND WAVENEY INTEGRATED CARE BOARD,Independent sector / other,1418,1373,1418,0,96.8
2025-09-01,B1A5K,NEWMEDICA - NOTTINGHAM,NHS NOTTINGHAM AND NOTTINGHAMSHIRE INTEGRATED CARE BOARD,Independent sector / other,713,661,713,0,92.7
2025-09-01,M6L9D,NEWMEDICA - NOTTINGHAM - KEYWORTH,NHS NOTTINGHAM AND NOTTINGHAMSHIRE INTEGRATED CARE BOARD,Independent sector / other,17,17,17,0,100.0
2025-09-01,J3J8Z,NEWMEDICA - OXFORDSHIRE,"NHS BUCKINGHAMSHIRE, OXFORDSHIRE AND BERKSHIRE WEST INTEGRATED CARE BOARD",Independent sector / other,510,488,510,0,95.7
2025-09-01,P5Y6K,NEWMEDICA - SHREWSBURY,"NHS SHROPSHIRE, TELFORD AND WREKIN INTEGRATED CARE BOARD",Independent sector / other,321,320,321,0,99.7
2025-09-01,ACG39,NEWMEDICA - SWINDON,"NHS BATH AND NORTH EAST SOMERSET, SWINDON AND WILTSHIRE INTEGRATED CARE BOARD",Independent sector / other,52,31,52,0,59.6
2025-09-01,D0V5X,NEWMEDICA - SWINDON MURDOCK ROAD,"NHS BATH AND NORTH EAST SOMERSET, SWINDON AND WILTSHIRE INTEGRATED CARE BOARD",Independent sector / other,70,67,70,0,95.7
2025-09-01,ACG24,NEWMEDICA - TEESSIDE - NORTH ORMESBY,NHS NORTH EAST AND NORTH CUMBRIA INTEGRATED CARE BOARD,Independent sector / other,965,953,965,0,98.8
2025-09-01,ACG40,NEWMEDICA - WAKEFIELD,NHS WEST YORKSHIRE INTEGRATED CARE BOARD,Independent sector / other,608,569,608,0,93.6
2025-09-01,ACG31,NEWMEDICA - WORCESTER,NHS HEREFORDSHIRE AND WORCESTERSHIRE INTEGRATED CARE BOARD,Independent sector / other,757,736,757,0,97.2
2025-09-01,ACG30,NEWMEDICA - WORKSOP - DUKERIES,NHS NOTTINGHAM AND NOTTINGHAMSHIRE INTEGRATED CARE BOARD,Independent sector / other,146,132,146,0,90.4
2025-09-01,H4J9P,NEWMEDICA AZTEC WEST,"NHS BRISTOL, NORTH SOMERSET AND SOUTH GLOUCESTERSHIRE INTEGRATED CARE BOARD",Independent sector / other,675,554,675,0,82.1
2025-09-01,ACG19,NEWMEDICA COMMUNITY OPHTHALMOLOGY - LEEDS,NHS WEST YORKSHIRE INTEGRATED CARE BOARD,Independent sector / other,673,632,673,0,93.9
2025-09-01,ACG12,NEWMEDICA COMMUNITY OPHTHALMOLOGY - NORTH EAST LINCOLNSHIRE - GRIMSBY,NHS HUMBER AND NORTH YORKSHIRE INTEGRATED CARE BOARD,Independent sector / other,1187,981,1187,0,82.6
2025-09-01,A4Q9X,NEWMEDICA LEICESTER,"NHS LEICESTER, LEICESTERSHIRE AND RUTLAND INTEGRATED CARE BOARD",Independent sector / other,454,451,454,0,99.3
2025-09-01,ACG08,NEWMEDICA OPHTHALMOLOGY - NUNEATON - CAMP HILL - GP LED HEALTH CENTRE,NHS COVENTRY AND WARWICKSHIRE INTEGRATED CARE BOARD,Independent sector / other,17,17,17,0,100.0
2025-09-01,G4H0I,NEWMEDICA SUFFOLK - BURY ST EDMUNDS - CLARITY HOUSE,NHS SUFFOLK AND NORTH EAST ESSEX INTEGRATED CARE BOARD,Independent sector / other,598,591,598,0,98.8
2025-09-01,RM1,NORFOLK AND NORWICH UNIVERSITY HOSPITALS NHS FOUNDATION TRUST,NHS NORFOLK AND WAVENEY INTEGRATED CARE BOARD,NHS trust,83318,43420,83318,4103,52.1
2025-09-01,RVJ,NORTH BRISTOL NHS TRUST,"NHS BRISTOL, NORTH SOMERSET AND SOUTH GLOUCESTERSHIRE INTEGRATED CARE BOARD",NHS trust,44358,29578,44358,149,66.7
2025-09-01,RNN,NORTH CUMBRIA INTEGRATED CARE NHS FOUNDATION TRUST,NHS NORTH EAST AND NORTH CUMBRIA INTEGRATED CARE BOARD,NHS trust,39346,22305,39346,1554,56.7
2025-09-01,NVC11,NORTH DOWNS HOSPITAL,NHS SURREY HEARTLANDS INTEGRATED CARE BOARD,Independent sector / other,1726,1086,1726,28,62.9
2025-09-01,RVW,NORTH TEES AND HARTLEPOOL NHS FOUNDATION TRUST,NHS NORTH EAST AND NORTH CUMBRIA INTEGRATED CARE BOARD,NHS trust,21491,15762,21491,160,73.3
2025-09-01,RGN,NORTH WEST ANGLIA NHS FOUNDATION TRUST,NHS CAMBRIDGESHIRE AND PETERBOROUGH INTEGRATED CARE BOARD,NHS trust,78090,44633,78090,1215,57.2
2025-09-01,RNS,NORTHAMPTON GENERAL HOSPITAL NHS TRUST,NHS NORTHAMPTONSHIRE INTEGRATED CARE BOARD,NHS trust,44908,27444,44908,897,61.1
2025-09-01,RM3,NORTHERN CARE ALLIANCE NHS FOUNDATION TRUST,NHS GREATER MANCHESTER INTEGRATED CARE BOARD,NHS trust,140603,75344,140603,4801,53.6
2025-09-01,RJL,NORTHERN LINCOLNSHIRE AND GOOLE NHS FOUNDATION TRUST,NHS HUMBER AND NORTH YORKSHIRE INTEGRATED CARE BOARD,NHS trust,40146,23818,40146,1045,59.3
2025-09-01,RTF,NORTHUMBRIA HEALTHCARE NHS FOUNDATION TRUST,NHS NORTH EAST AND NORTH CUMBRIA INTEGRATED CARE BOARD,NHS trust,35420,29259,35420,0,82.6
2025-09-01,DFQ,NORWICH & NORFOLK SURGICAL LTD (N2S),NHS NORFOLK AND WAVENEY INTEGRATED CARE BOARD,Independent sector / other,914,792,914,0,86.7
2025-09-01,RX1,NOTTINGHAM UNIVERSITY HOSPITALS NHS TRUST,NHS NOTTINGHAM AND NOTTINGHAMSHIRE INTEGRATED CARE BOARD,NHS trust,85262,52326,85262,2129,61.4
2025-09-01,NQH,NOVUS HEALTH LTD,NHS WEST YORKSHIRE INTEGRATED CARE BOARD,Independent sector / other,1263,1231,1263,0,97.5
2025-09-01,G3Q3Z,NUFFIELD HEALTH HIGHGATE HOSPITAL,NHS NORTH CENTRAL LONDON INTEGRATED CARE BOARD,Independent sector / other,779,626,779,6,80.4
2025-09-01,R0F4N,NUFFIELD HEALTH PARKSIDE HOSPITAL,NHS SOUTH WEST LONDON INTEGRATED CARE BOARD,Independent sector / other,925,458,925,255,49.5
2025-09-01,H4I8B,NUFFIELD HEALTH THE HOLLY HOSPITAL,NHS HERTFORDSHIRE AND WEST ESSEX INTEGRATED CARE BOARD,Independent sector / other,2774,2293,2774,15,82.7
2025-09-01,NT202,"NUFFIELD HEALTH, BOURNEMOUTH HOSPITAL",NHS DORSET INTEGRATED CARE BOARD,Independent sector / other,275,184,275,6,66.9
2025-09-01,NT204,"NUFFIELD HEALTH, BRENTWOOD HOSPITAL",NHS MID AND SOUTH ESSEX INTEGRATED CARE BOARD,Independent sector / other,1904,1103,1904,338,57.9
2025-09-01,NT205,"NUFFIELD HEALTH, BRIGHTON HOSPITAL",NHS SUSSEX INTEGRATED CARE BOARD,Independent sector / other,869,389,869,77,44.8
2025-09-01,NT206,"NUFFIELD HEALTH, BRISTOL HOSPITAL (CHESTERFIELD)","NHS BRISTOL, NORTH SOMERSET AND SOUTH GLOUCESTERSHIRE INTEGRATED CARE BOARD",Independent sector / other,579,455,579,0,78.6
2025-09-01,NT209,"NUFFIELD HEALTH, CAMBRIDGE HOSPITAL",NHS CAMBRIDGESHIRE AND PETERBOROUGH INTEGRATED CARE BOARD,Independent sector / other,291,201,291,2,69.1
2025-09-01,NT211,"NUFFIELD HEALTH, CHELTENHAM HOSPITAL",NHS GLOUCESTERSHIRE INTEGRATED CARE BOARD,Independent sector / other,136,20,136,2,14.7
2025-09-01,NT212,"NUFFIELD HEALTH, CHICHESTER HOSPITAL",NHS SUSSEX INTEGRATED CARE BOARD,Independent sector / other,875,514,875,72,58.7
2025-09-01,NT213,"NUFFIELD HEALTH, DERBY HOSPITAL",NHS DERBY AND DERBYSHIRE INTEGRATED CARE BOARD,Independent sector / other,1033,548,1033,49,53.0
2025-09-01,NT215,"NUFFIELD HEALTH, EXETER HOSPITAL",NHS DEVON INTEGRATED CARE BOARD,Independent sector / other,518,143,518,123,27.6
2025-09-01,NT216,"NUFFIELD HEALTH, GUILDFORD HOSPITAL",NHS SURREY HEARTLANDS INTEGRATED CARE BOARD,Independent sector / other,402,162,402,68,40.3
2025-09-01,NT218,"NUFFIELD HEALTH, HAYWARDS HEATH HOSPITAL",NHS SUSSEX INTEGRATED CARE BOARD,Independent sector / other,454,297,454,8,65.4
2025-09-01,NT219,"NUFFIELD HEALTH, HEREFORD HOSPITAL",NHS HEREFORDSHIRE AND WORCESTERSHIRE INTEGRATED CARE BOARD,Independent sector / other,336,320,336,0,95.2
2025-09-01,NT225,"NUFFIELD HEALTH, LEEDS HOSPITAL",NHS WEST YORKSHIRE INTEGRATED CARE BOARD,Independent sector / other,1441,840,1441,217,58.3
2025-09-01,NT226,"NUFFIELD HEALTH, LEICESTER HOSPITAL","NHS LEICESTER, LEICESTERSHIRE AND RUTLAND INTEGRATED CARE BOARD",Independent sector / other,392,341,392,6,87.0
2025-09-01,NT229,"NUFFIELD HEALTH, NEWCASTLE UPON TYNE HOSPITAL",NHS NORTH EAST AND NORTH CUMBRIA INTEGRATED CARE BOARD,Independent sector / other,570,311,570,7,54.6
2025-09-01,NT230,"NUFFIELD HEALTH, NORTH STAFFORDSHIRE HOSPITAL",NHS STAFFORDSHIRE AND STOKE-ON-TRENT INTEGRATED CARE BOARD,Independent sector / other,1379,1032,1379,1,74.8
2025-09-01,NT233,"NUFFIELD HEALTH, PLYMOUTH HOSPITAL",NHS DEVON INTEGRATED CARE BOARD,Independent sector / other,1035,686,1035,12,66.3
2025-09-01,NT235,"NUFFIELD HEALTH, SHREWSBURY HOSPITAL","NHS SHROPSHIRE, TELFORD AND WREKIN INTEGRATED CARE BOARD",Independent sector / other,259,243,259,0,93.8
2025-09-01,NT238,"NUFFIELD HEALTH, TAUNTON HOSPITAL",NHS SOMERSET INTEGRATED CARE BOARD,Independent sector / other,286,190,286,4,66.4
2025-09-01,NT237,"NUFFIELD HEALTH, TEES HOSPITAL",NHS NORTH EAST AND NORTH CUMBRIA INTEGRATED CARE BOARD,Independent sector / other,1262,946,1262,1,75.0
2025-09-01,NT210,"NUFFIELD HEALTH, THE GROSVENOR HOSPITAL, CHESTER",NHS CHESHIRE AND MERSEYSIDE INTEGRATED CARE BOARD,Independent sector / other,428,330,428,0,77.1
2025-09-01,NT239,"NUFFIELD HEALTH, TUNBRIDGE WELLS HOSPITAL",NHS KENT AND MEDWAY INTEGRATED CARE BOARD,Independent sector / other,125,75,125,5,60.0
2025-09-01,NT224,"NUFFIELD HEALTH, WARWICKSHIRE HOSPITAL",NHS COVENTRY AND WARWICKSHIRE INTEGRATED CARE BOARD,Independent sector / other,431,310,431,3,71.9
2025-09-01,NT214,"NUFFIELD HEALTH, WESSEX HOSPITAL",NHS HAMPSHIRE AND ISLE OF WIGHT INTEGRATED CARE BOARD,Independent sector / other,683,411,683,52,60.2
2025-09-01,NT241,"NUFFIELD HEALTH, WOKING HOSPITAL",NHS SURREY HEARTLANDS INTEGRATED CARE BOARD,Independent sector / other,519,336,519,74,64.7
2025-09-01,NT242,"NUFFIELD HEALTH, WOLVERHAMPTON HOSPITAL",NHS BLACK COUNTRY INTEGRATED CARE BOARD,Independent sector / other,502,412,502,5,82.1
2025-09-01,NT245,"NUFFIELD HEALTH, YORK HOSPITAL",NHS HUMBER AND NORTH YORKSHIRE INTEGRATED CARE BOARD,Independent sector / other,978,828,978,4,84.7
2025-09-01,NT244,NUFFIELD HOSPITAL OXFORD (THE MANOR),"NHS BUCKINGHAMSHIRE, OXFORDSHIRE AND BERKSHIRE WEST INTEGRATED CARE BOARD",Independent sector / other,115,95,115,1,82.6
2025-09-01,NVC12,OAKLANDS HOSPITAL,NHS GREATER MANCHESTER INTEGRATED CARE BOARD,Independent sector / other,4215,3277,4215,3,77.7
2025-09-01,NVC13,OAKS HOSPITAL,NHS SUFFOLK AND NORTH EAST ESSEX INTEGRATED CARE BOARD,Independent sector / other,764,483,764,13,63.2
2025-09-01,DXV,OMNES HEALTHCARE LTD,NHS GREATER MANCHESTER INTEGRATED CARE BOARD,Independent sector / other,11052,8829,11052,7,79.9
2025-09-01,AWR,ONE STOP DOCTORS LIMITED,NHS HERTFORDSHIRE AND WEST ESSEX INTEGRATED CARE BOARD,Independent sector / other,58,58,58,0,100.0
2025-09-01,NNH,OPTEGRA UK,NHS SURREY HEARTLANDS INTEGRATED CARE BOARD,Independent sector / other,6697,6679,6697,0,99.7
2025-09-01,NQM01,ORTHOPAEDICS & SPINE SPECIALIST HOSPITAL SITE,NHS CAMBRIDGESHIRE AND PETERBOROUGH INTEGRATED CARE BOARD,Independent sector / other,128,121,128,0,94.5
2025-09-01,Q2Y5H,OVIVA UK LTD,NHS SOUTH EAST LONDON INTEGRATED CARE BOARD,Independent sector / other,18233,15747,18233,8,86.4
2025-09-01,RTH,OXFORD UNIVERSITY HOSPITALS NHS FOUNDATION TRUST,"NHS BUCKINGHAMSHIRE, OXFORDSHIRE AND BERKSHIRE WEST INTEGRATED CARE BOARD",NHS trust,85367,50922,85367,2487,59.7
2025-09-01,RPG,OXLEAS NHS FOUNDATION TRUST,NHS SOUTH EAST LONDON INTEGRATED CARE BOARD,NHS trust,1449,763,1449,267,52.7
2025-09-01,NVC14,PARK HILL HOSPITAL,NHS SOUTH YORKSHIRE INTEGRATED CARE BOARD,Independent sector / other,778,624,778,2,80.2
2025-09-01,NT427,PARK HOSPITAL,NHS NOTTINGHAM AND NOTTINGHAMSHIRE INTEGRATED CARE BOARD,Independent sector / other,1739,1412,1739,10,81.2
2025-09-01,NEQ,PHOENIX HEALTH SOLUTIONS LIMITED HQ,NHS WEST YORKSHIRE INTEGRATED CARE BOARD,Independent sector / other,586,568,586,0,96.9
2025-09-01,DTT,PHOENIX PUBLIC HEALTH LTD,NHS CHESHIRE AND MERSEYSIDE INTEGRATED CARE BOARD,Independent sector / other,237,130,237,22,54.9
2025-09-01,NVC15,PINEHILL HOSPITAL,NHS HERTFORDSHIRE AND WEST ESSEX INTEGRATED CARE BOARD,Independent sector / other,1360,1060,1360,5,77.9
2025-09-01,NEY,PIONEER HEALTHCARE LIMITED,NHS SOUTH YORKSHIRE INTEGRATED CARE BOARD,Independent sector / other,1237,216,1237,188,17.5
2025-09-01,D3O0Z,PLYMOUTH NEWMEDICA LTD,NHS DEVON INTEGRATED CARE BOARD,Independent sector / other,371,343,371,1,92.5
2025-09-01,RHU,PORTSMOUTH HOSPITALS UNIVERSITY NHS TRUST,NHS HAMPSHIRE AND ISLE OF WIGHT INTEGRATED CARE BOARD,NHS trust,59968,34969,59968,2764,58.3
2025-09-01,NTP13,PRACTICE PLUS GROUP HOSPITAL - BARLBOROUGH,NHS DERBY AND DERBYSHIRE INTEGRATED CARE BOARD,Independent sector / other,2013,1477,2013,5,73.4
2025-09-01,NTPH2,PRACTICE PLUS GROUP HOSPITAL - EMERSONS GREEN,"NHS BRISTOL, NORTH SOMERSET AND SOUTH GLOUCESTERSHIRE INTEGRATED CARE BOARD",Independent sector / other,4458,3625,4458,0,81.3
2025-09-01,NTP15,PRACTICE PLUS GROUP HOSPITAL - ILFORD,NHS NORTH EAST LONDON INTEGRATED CARE BOARD,Independent sector / other,6073,4337,6073,14,71.4
2025-09-01,NTPH5,PRACTICE PLUS GROUP HOSPITAL - PLYMOUTH,NHS DEVON INTEGRATED CARE BOARD,Independent sector / other,2296,1969,2296,20,85.8
2025-09-01,NTPH1,PRACTICE PLUS GROUP HOSPITAL - SHEPTON MALLET,NHS SOMERSET INTEGRATED CARE BOARD,Independent sector / other,2723,2050,2723,4,75.3
2025-09-01,NTP11,PRACTICE PLUS GROUP HOSPITAL - SOUTHAMPTON,NHS HAMPSHIRE AND ISLE OF WIGHT INTEGRATED CARE BOARD,Independent sector / other,8494,5626,8494,26,66.2
2025-09-01,M2Y6D,PRACTICE PLUS GROUP HOSPITAL BIRMINGHAM,NHS BIRMINGHAM AND SOLIHULL INTEGRATED CARE BOARD,Independent sector / other,704,663,704,0,94.2
2025-09-01,NTPAE,PRACTICE PLUS GROUP OPHTHALMOLOGY - NORTH WEST,NHS GREATER MANCHESTER INTEGRATED CARE BOARD,Independent sector / other,389,375,389,0,96.4
2025-09-01,NTPH3,PRACTICE PLUS GROUP SURGICAL CENTRE - DEVIZES,"NHS BATH AND NORTH EAST SOMERSET, SWINDON AND WILTSHIRE INTEGRATED CARE BOARD",Independent sector / other,2509,1982,2509,5,79.0
2025-09-01,NTP16,PRACTICE PLUS GROUP SURGICAL CENTRE - GILLINGHAM,NHS KENT AND MEDWAY INTEGRATED CARE BOARD,Independent sector / other,1019,933,1019,5,91.6
2025-09-01,NTPAD,PRACTICE PLUS GROUP SURGICAL CENTRE - ST MARYS PORTSMOUTH,NHS HAMPSHIRE AND ISLE OF WIGHT INTEGRATED CARE BOARD,Independent sector / other,2327,2193,2327,0,94.2
2025-09-01,NT428,PRINCESS MARGARET HOSPITAL,NHS FRIMLEY INTEGRATED CARE BOARD,Independent sector / other,79,74,79,0,93.7
2025-09-01,NT429,PRIORY HOSPITAL,NHS BIRMINGHAM AND SOLIHULL INTEGRATED CARE BOARD,Independent sector / other,484,404,484,0,83.5
2025-09-01,NAM01,PROBUS SURGICAL CENTRE,NHS CORNWALL AND THE ISLES OF SCILLY INTEGRATED CARE BOARD,Independent sector / other,1336,1219,1336,1,91.2
2025-09-01,NQX,PROVIDE ENTERPRISES,NHS SUFFOLK AND NORTH EAST ESSEX INTEGRATED CARE BOARD,Independent sector / other,87,87,87,0,100.0
2025-09-01,RPC,QUEEN VICTORIA HOSPITAL NHS FOUNDATION TRUST,NHS SUSSEX INTEGRATED CARE BOARD,NHS trust,19776,12756,19776,387,64.5
2025-09-01,GEC01,RAPID INVESTIGATION SERVICE,NHS HAMPSHIRE AND ISLE OF WIGHT INTEGRATED CARE BOARD,Independent sector / other,80,80,80,0,100.0
2025-09-01,NVC16,RENACRES HOSPITAL,NHS LANCASHIRE AND SOUTH CUMBRIA INTEGRATED CARE BOARD,Independent sector / other,4858,3629,4858,6,74.7
2025-09-01,NT430,RIDGEWAY HOSPITAL,"NHS BATH AND NORTH EAST SOMERSET, SWINDON AND WILTSHIRE INTEGRATED CARE BOARD",Independent sector / other,338,288,338,0,85.2
2025-09-01,NVC19,RIVERS HOSPITAL,NHS HERTFORDSHIRE AND WEST ESSEX INTEGRATED CARE BOARD,Independent sector / other,4396,3037,4396,45,69.1
2025-09-01,NVC17,ROWLEY HALL HOSPITAL,NHS STAFFORDSHIRE AND STOKE-ON-TRENT INTEGRATED CARE BOARD,Independent sector / other,2359,1648,2359,2,69.9
2025-09-01,RHW,ROYAL BERKSHIRE NHS FOUNDATION TRUST,"NHS BUCKINGHAMSHIRE, OXFORDSHIRE AND BERKSHIRE WEST INTEGRATED CARE BOARD",NHS trust,34512,27929,34512,32,80.9
2025-09-01,REF,ROYAL CORNWALL HOSPITALS NHS TRUST,NHS CORNWALL AND THE ISLES OF SCILLY INTEGRATED CARE BOARD,NHS trust,40495,28933,40495,334,71.4
2025-09-01,RH8,ROYAL DEVON UNIVERSITY HEALTHCARE NHS FOUNDATION TRUST,NHS DEVON INTEGRATED CARE BOARD,NHS trust,74261,44356,74261,2293,59.7
2025-09-01,RAL,ROYAL FREE LONDON NHS FOUNDATION TRUST,NHS NORTH CENTRAL LONDON INTEGRATED CARE BOARD,NHS trust,137245,82504,137245,2850,60.1
2025-09-01,RAN,ROYAL NATIONAL ORTHOPAEDIC HOSPITAL NHS TRUST,NHS NORTH WEST LONDON INTEGRATED CARE BOARD,NHS trust,9104,6662,9104,42,73.2
2025-09-01,RGM,ROYAL PAPWORTH HOSPITAL NHS FOUNDATION TRUST,NHS CAMBRIDGESHIRE AND PETERBOROUGH INTEGRATED CARE BOARD,NHS trust,6080,4382,6080,45,72.1
2025-09-01,RA2,ROYAL SURREY NHS FOUNDATION TRUST,NHS SURREY HEARTLANDS INTEGRATED CARE BOARD,NHS trust,29774,17671,29774,879,59.4
2025-09-01,RD1,ROYAL UNITED HOSPITALS BATH NHS FOUNDATION TRUST,"NHS BATH AND NORTH EAST SOMERSET, SWINDON AND WILTSHIRE INTEGRATED CARE BOARD",NHS trust,38544,23151,38544,565,60.1
2025-09-01,NT431,RUNNYMEDE HOSPITAL,NHS SURREY HEARTLANDS INTEGRATED CARE BOARD,Independent sector / other,125,105,125,1,84.0
2025-09-01,RNZ,SALISBURY NHS FOUNDATION TRUST,"NHS BATH AND NORTH EAST SOMERSET, SWINDON AND WILTSHIRE INTEGRATED CARE BOARD",NHS trust,30161,20310,30161,159,67.3
2025-09-01,RXK,SANDWELL AND WEST BIRMINGHAM HOSPITALS NHS TRUST,NHS BLACK COUNTRY INTEGRATED CARE BOARD,NHS trust,66524,39422,66524,902,59.3
2025-09-01,NT433,SARUM ROAD HOSPITAL,NHS HAMPSHIRE AND ISLE OF WIGHT INTEGRATED CARE BOARD,Independent sector / other,394,278,394,0,70.6
2025-09-01,NT434,SAXON CLINIC,"NHS BEDFORDSHIRE, LUTON AND MILTON KEYNES INTEGRATED CARE BOARD",Independent sector / other,668,434,668,6,65.0
2025-09-01,RCU,SHEFFIELD CHILDREN'S NHS FOUNDATION TRUST,NHS SOUTH YORKSHIRE INTEGRATED CARE BOARD,NHS trust,11707,7612,11707,285,65.0
2025-09-01,NT435,SHELBURNE HOSPITAL,"NHS BUCKINGHAMSHIRE, OXFORDSHIRE AND BERKSHIRE WEST INTEGRATED CARE BOARD",Independent sector / other,192,132,192,0,68.8
2025-09-01,RK5,SHERWOOD FOREST HOSPITALS NHS FOUNDATION TRUST,NHS NOTTINGHAM AND NOTTINGHAMSHIRE INTEGRATED CARE BOARD,NHS trust,36373,22532,36373,321,61.9
2025-09-01,NT436,SHIRLEY OAKS HOSPITAL,NHS SOUTH WEST LONDON INTEGRATED CARE BOARD,Independent sector / other,870,717,870,2,82.4
2025-09-01,R1D,SHROPSHIRE COMMUNITY HEALTH NHS TRUST,"NHS SHROPSHIRE, TELFORD AND WREKIN INTEGRATED CARE BOARD",NHS trust,7916,6370,7916,31,80.5
2025-09-01,NLX,SIRONA CARE & HEALTH,"NHS BRISTOL, NORTH SOMERSET AND SOUTH GLOUCESTERSHIRE INTEGRATED CARE BOARD",Independent sector / other,7499,5213,7499,0,69.5
2025-09-01,NT437,SLOANE HOSPITAL,NHS SOUTH EAST LONDON INTEGRATED CARE BOARD,Independent sector / other,872,691,872,17,79.2
2025-09-01,RH5,SOMERSET NHS FOUNDATION TRUST,NHS SOMERSET INTEGRATED CARE BOARD,NHS trust,57935,36202,57935,1740,62.5
2025-09-01,NFH,SOMERSET SURGICAL SERVICES HQ,"NHS BRISTOL, NORTH SOMERSET AND SOUTH GLOUCESTERSHIRE INTEGRATED CARE BOARD",Independent sector / other,1011,921,1011,3,91.1
2025-09-01,RTR,SOUTH TEES HOSPITALS NHS FOUNDATION TRUST,NHS NORTH EAST AND NORTH CUMBRIA INTEGRATED CARE BOARD,NHS trust,56530,34888,56530,1522,61.7
2025-09-01,R0B,SOUTH TYNESIDE AND SUNDERLAND NHS FOUNDATION TRUST,NHS NORTH EAST AND NORTH CUMBRIA INTEGRATED CARE BOARD,NHS trust,58722,44601,58722,18,76.0
2025-09-01,RJC,SOUTH WARWICKSHIRE UNIVERSITY NHS FOUNDATION TRUST,NHS COVENTRY AND WARWICKSHIRE INTEGRATED CARE BOARD,NHS trust,32630,21275,32630,624,65.2
2025-09-01,RXG,SOUTH WEST YORKSHIRE PARTNERSHIP NHS FOUNDATION TRUST,NHS WEST YORKSHIRE INTEGRATED CARE BOARD,NHS trust,4685,4554,4685,0,97.2
2025-09-01,NT490,SOUTHEND PRIVATE HOSPITAL,NHS MID AND SOUTH ESSEX INTEGRATED CARE BOARD,Independent sector / other,1412,1046,1412,1,74.1
2025-09-01,NPG19,SPAMEDICA BEDFORD,"NHS BEDFORDSHIRE, LUTON AND MILTON KEYNES INTEGRATED CARE BOARD",Independent sector / other,255,250,255,0,98.0
2025-09-01,D5P5H,SPAMEDICA BEXHILL,NHS SUSSEX INTEGRATED CARE BOARD,Independent sector / other,219,211,219,0,96.3
2025-09-01,NPG11,SPAMEDICA BIRMINGHAM,NHS BIRMINGHAM AND SOLIHULL INTEGRATED CARE BOARD,Independent sector / other,523,509,523,0,97.3
2025-09-01,C3Y0A,SPAMEDICA BLACKPOOL,NHS LANCASHIRE AND SOUTH CUMBRIA INTEGRATED CARE BOARD,Independent sector / other,160,154,160,0,96.3
2025-09-01,NPG08,SPAMEDICA BOLTON,NHS GREATER MANCHESTER INTEGRATED CARE BOARD,Independent sector / other,255,252,255,0,98.8
2025-09-01,I2C7H,SPAMEDICA BRADFORD,NHS WEST YORKSHIRE INTEGRATED CARE BOARD,Independent sector / other,174,173,174,0,99.4
2025-09-01,I9A4A,SPAMEDICA BRIGHTON,NHS SUSSEX INTEGRATED CARE BOARD,Independent sector / other,262,244,262,0,93.1
2025-09-01,P1B7M,SPAMEDICA BRISTOL,"NHS BRISTOL, NORTH SOMERSET AND SOUTH GLOUCESTERSHIRE INTEGRATED CARE BOARD",Independent sector / other,101,97,101,0,96.0
2025-09-01,Y8L9S,SPAMEDICA BROMLEY,NHS SOUTH EAST LONDON INTEGRATED CARE BOARD,Independent sector / other,312,287,312,0,92.0
2025-09-01,O6X7Z,SPAMEDICA CAMBRIDGE,NHS CAMBRIDGESHIRE AND PETERBOROUGH INTEGRATED CARE BOARD,Independent sector / other,279,274,279,0,98.2
2025-09-01,E1U4T,SPAMEDICA CARLISLE,NHS NORTH EAST AND NORTH CUMBRIA INTEGRATED CARE BOARD,Independent sector / other,251,249,251,0,99.2
2025-09-01,NPG16,SPAMEDICA CHELMSFORD,NHS MID AND SOUTH ESSEX INTEGRATED CARE BOARD,Independent sector / other,345,328,345,0,95.1
2025-09-01,V4U1Y,SPAMEDICA CHESTER,NHS CHESHIRE AND MERSEYSIDE INTEGRATED CARE BOARD,Independent sector / other,163,158,163,0,96.9
2025-09-01,T4I8V,SPAMEDICA CHESTERFIELD,NHS DERBY AND DERBYSHIRE INTEGRATED CARE BOARD,Independent sector / other,117,114,117,0,97.4
2025-09-01,J2H6H,SPAMEDICA COLCHESTER,NHS SUFFOLK AND NORTH EAST ESSEX INTEGRATED CARE BOARD,Independent sector / other,74,72,74,0,97.3
2025-09-01,NPG21,SPAMEDICA COVENTRY,NHS COVENTRY AND WARWICKSHIRE INTEGRATED CARE BOARD,Independent sector / other,303,285,303,0,94.1
2025-09-01,N1N0Y,SPAMEDICA CROYDON,NHS SOUTH WEST LONDON INTEGRATED CARE BOARD,Independent sector / other,80,80,80,0,100.0
2025-09-01,V8N5R,SPAMEDICA DALSTON,NHS NORTH EAST LONDON INTEGRATED CARE BOARD,Independent sector / other,239,225,239,0,94.1
2025-09-01,NPG23,SPAMEDICA DERBY,NHS DERBY AND DERBYSHIRE INTEGRATED CARE BOARD,Independent sector / other,220,210,220,0,95.5
2025-09-01,T8V3L,SPAMEDICA DONCASTER,NHS SOUTH YORKSHIRE INTEGRATED CARE BOARD,Independent sector / other,149,148,149,0,99.3
2025-09-01,H4Y7F,SPAMEDICA DORCHESTER,NHS DORSET INTEGRATED CARE BOARD,Independent sector / other,6,6,6,0,100.0
2025-09-01,M7C9Q,SPAMEDICA EPSOM,NHS SURREY HEARTLANDS INTEGRATED CARE BOARD,Independent sector / other,168,162,168,0,96.4
2025-09-01,M5E1S,SPAMEDICA EXETER,NHS DEVON INTEGRATED CARE BOARD,Independent sector / other,249,233,249,1,93.6
2025-09-01,NPG07,SPAMEDICA EYE HOSPITAL (WAKEFIELD),NHS WEST YORKSHIRE INTEGRATED CARE BOARD,Independent sector / other,311,306,311,0,98.4
2025-09-01,Z9Z1G,SPAMEDICA GATESHEAD,NHS NORTH EAST AND NORTH CUMBRIA INTEGRATED CARE BOARD,Independent sector / other,170,167,170,0,98.2
2025-09-01,A0C5S,SPAMEDICA GLOUCESTER,NHS GLOUCESTERSHIRE INTEGRATED CARE BOARD,Independent sector / other,70,69,70,0,98.6
2025-09-01,Z5J5V,SPAMEDICA HAYDOCK,NHS CHESHIRE AND MERSEYSIDE INTEGRATED CARE BOARD,Independent sector / other,132,126,132,0,95.5
2025-09-01,J0M7P,SPAMEDICA HEREFORD DIAGNOSTIC AND TREATMENT CENTRE,NHS HEREFORDSHIRE AND WORCESTERSHIRE INTEGRATED CARE BOARD,Independent sector / other,17,16,17,0,94.1
2025-09-01,NPG18,SPAMEDICA HULL,NHS HUMBER AND NORTH YORKSHIRE INTEGRATED CARE BOARD,Independent sector / other,232,228,232,0,98.3
2025-09-01,Q8X0X,SPAMEDICA ISLE OF WIGHT COMMUNITY DIAGNOSTIC & TREATMENT CENTRE,NHS HAMPSHIRE AND ISLE OF WIGHT INTEGRATED CARE BOARD,Independent sector / other,53,49,53,0,92.5
2025-09-01,R1G7E,SPAMEDICA KENDAL,NHS LANCASHIRE AND SOUTH CUMBRIA INTEGRATED CARE BOARD,Independent sector / other,208,206,208,0,99.0
2025-09-01,P0C3F,SPAMEDICA LEEDS,NHS WEST YORKSHIRE INTEGRATED CARE BOARD,Independent sector / other,147,146,147,0,99.3
2025-09-01,L9D3Z,SPAMEDICA LEICESTER,"NHS LEICESTER, LEICESTERSHIRE AND RUTLAND INTEGRATED CARE BOARD",Independent sector / other,128,122,128,0,95.3
2025-09-01,NPG06,SPAMEDICA LIVERPOOL,NHS CHESHIRE AND MERSEYSIDE INTEGRATED CARE BOARD,Independent sector / other,379,376,379,0,99.2
2025-09-01,K9J3O,SPAMEDICA LUTON,"NHS BEDFORDSHIRE, LUTON AND MILTON KEYNES INTEGRATED CARE BOARD",Independent sector / other,226,215,226,0,95.1
2025-09-01,NPG01,SPAMEDICA MANCHESTER,NHS GREATER MANCHESTER INTEGRATED CARE BOARD,Independent sector / other,179,174,179,0,97.2
2025-09-01,G3O5P,SPAMEDICA NEWARK,NHS NOTTINGHAM AND NOTTINGHAMSHIRE INTEGRATED CARE BOARD,Independent sector / other,321,303,321,0,94.4
2025-09-01,NPG15,SPAMEDICA NEWCASTLE-UNDER-LYME,NHS STAFFORDSHIRE AND STOKE-ON-TRENT INTEGRATED CARE BOARD,Independent sector / other,150,143,150,0,95.3
2025-09-01,G5X2Q,SPAMEDICA NORTH TYNESIDE,NHS NORTH EAST AND NORTH CUMBRIA INTEGRATED CARE BOARD,Independent sector / other,218,216,218,0,99.1
2025-09-01,M3R0W,SPAMEDICA NORWICH,NHS NORFOLK AND WAVENEY INTEGRATED CARE BOARD,Independent sector / other,203,193,203,0,95.1
2025-09-01,O1P6X,SPAMEDICA OLDHAM,NHS GREATER MANCHESTER INTEGRATED CARE BOARD,Independent sector / other,344,340,344,0,98.8
2025-09-01,O5Y9D,SPAMEDICA OXFORD,"NHS BUCKINGHAMSHIRE, OXFORDSHIRE AND BERKSHIRE WEST INTEGRATED CARE BOARD",Independent sector / other,196,192,196,0,98.0
2025-09-01,B9J4U,SPAMEDICA PETERBOROUGH,NHS CAMBRIDGESHIRE AND PETERBOROUGH INTEGRATED CARE BOARD,Independent sector / other,216,211,216,0,97.7
2025-09-01,L6O7H,SPAMEDICA POOLE,NHS DORSET INTEGRATED CARE BOARD,Independent sector / other,497,482,497,0,97.0
2025-09-01,A1U4J,SPAMEDICA PORTSMOUTH,NHS HAMPSHIRE AND ISLE OF WIGHT INTEGRATED CARE BOARD,Independent sector / other,102,92,102,0,90.2
2025-09-01,NPG17,SPAMEDICA PRESTON,NHS LANCASHIRE AND SOUTH CUMBRIA INTEGRATED CARE BOARD,Independent sector / other,182,180,182,1,98.9
2025-09-01,B4N1U,SPAMEDICA ROMFORD,NHS NORTH EAST LONDON INTEGRATED CARE BOARD,Independent sector / other,331,304,331,0,91.8
2025-09-01,I1H7K,SPAMEDICA SALE,NHS GREATER MANCHESTER INTEGRATED CARE BOARD,Independent sector / other,115,113,115,0,98.3
2025-09-01,NPG10,SPAMEDICA SHEFFIELD,NHS SOUTH YORKSHIRE INTEGRATED CARE BOARD,Independent sector / other,239,233,239,0,97.5
2025-09-01,M0N7E,SPAMEDICA SITTINGBOURNE,NHS KENT AND MEDWAY INTEGRATED CARE BOARD,Independent sector / other,120,113,120,0,94.2
2025-09-01,NPG13,SPAMEDICA SKELMERSDALE,NHS LANCASHIRE AND SOUTH CUMBRIA INTEGRATED CARE BOARD,Independent sector / other,89,88,89,0,98.9
2025-09-01,J7V1N,SPAMEDICA SOLIHULL,NHS BIRMINGHAM AND SOLIHULL INTEGRATED CARE BOARD,Independent sector / other,324,307,324,0,94.8
2025-09-01,B9M3W,SPAMEDICA SOUTHAMPTON,NHS HAMPSHIRE AND ISLE OF WIGHT INTEGRATED CARE BOARD,Independent sector / other,522,266,522,7,51.0
2025-09-01,NPG22,SPAMEDICA STOCKTON-ON-TEES,NHS NORTH EAST AND NORTH CUMBRIA INTEGRATED CARE BOARD,Independent sector / other,231,228,231,0,98.7
2025-09-01,H1T2P,SPAMEDICA SWINDON,"NHS BATH AND NORTH EAST SOMERSET, SWINDON AND WILTSHIRE INTEGRATED CARE BOARD",Independent sector / other,71,65,71,0,91.5
2025-09-01,G6S7A,SPAMEDICA TAUNTON,NHS SOMERSET INTEGRATED CARE BOARD,Independent sector / other,237,232,237,0,97.9
2025-09-01,V5F1D,SPAMEDICA TELFORD,"NHS SHROPSHIRE, TELFORD AND WREKIN INTEGRATED CARE BOARD",Independent sector / other,207,197,207,0,95.2
2025-09-01,E3D4A,SPAMEDICA TRURO,NHS CORNWALL AND THE ISLES OF SCILLY INTEGRATED CARE BOARD,Independent sector / other,147,143,147,0,97.3
2025-09-01,Q1W6P,SPAMEDICA WATFORD,NHS HERTFORDSHIRE AND WEST ESSEX INTEGRATED CARE BOARD,Independent sector / other,190,172,190,0,90.5
2025-09-01,A1D1B,SPAMEDICA WEMBLEY,NHS NORTH WEST LONDON INTEGRATED CARE BOARD,Independent sector / other,138,135,138,0,97.8
2025-09-01,NPG14,SPAMEDICA WIDNES,NHS CHESHIRE AND MERSEYSIDE INTEGRATED CARE BOARD,Independent sector / other,187,184,187,0,98.4
2025-09-01,NPG02,SPAMEDICA WIRRAL,NHS CHESHIRE AND MERSEYSIDE INTEGRATED CARE BOARD,Independent sector / other,168,167,168,0,99.4
2025-09-01,T8R5I,SPAMEDICA WOKINGHAM,"NHS BUCKINGHAMSHIRE, OXFORDSHIRE AND BERKSHIRE WEST INTEGRATED CARE BOARD",Independent sector / other,203,188,203,0,92.6
2025-09-01,NPG20,SPAMEDICA WOLVERHAMPTON,NHS BLACK COUNTRY INTEGRATED CARE BOARD,Independent sector / other,351,329,351,0,93.7
2025-09-01,J3X4C,SPAMEDICA WORCESTER,NHS HEREFORDSHIRE AND WORCESTERSHIRE INTEGRATED CARE BOARD,Independent sector / other,229,224,229,0,97.8
2025-09-01,NN8,SPENCER PRIVATE HOSPITALS LTD,NHS KENT AND MEDWAY INTEGRATED CARE BOARD,Independent sector / other,3215,2005,3215,40,62.4
2025-09-01,NT312,SPIRE ALEXANDRA HOSPITAL,NHS KENT AND MEDWAY INTEGRATED CARE BOARD,Independent sector / other,1155,934,1155,3,80.9
2025-09-01,NT302,SPIRE BRISTOL HOSPITAL,"NHS BRISTOL, NORTH SOMERSET AND SOUTH GLOUCESTERSHIRE INTEGRATED CARE BOARD",Independent sector / other,743,466,743,5,62.7
2025-09-01,NT315,SPIRE BUSHEY HOSPITAL,NHS HERTFORDSHIRE AND WEST ESSEX INTEGRATED CARE BOARD,Independent sector / other,977,965,977,0,98.8
2025-09-01,NT317,SPIRE CAMBRIDGE LEA HOSPITAL,NHS CAMBRIDGESHIRE AND PETERBOROUGH INTEGRATED CARE BOARD,Independent sector / other,340,268,340,4,78.8
2025-09-01,NT324,SPIRE CHESHIRE HOSPITAL,NHS CHESHIRE AND MERSEYSIDE INTEGRATED CARE BOARD,Independent sector / other,1517,1211,1517,10,79.8
2025-09-01,NT345,SPIRE CLARE PARK HOSPITAL,NHS FRIMLEY INTEGRATED CARE BOARD,Independent sector / other,359,315,359,0,87.7
2025-09-01,NT344,SPIRE DUNEDIN HOSPITAL,"NHS BUCKINGHAMSHIRE, OXFORDSHIRE AND BERKSHIRE WEST INTEGRATED CARE BOARD",Independent sector / other,277,235,277,4,84.8
2025-09-01,NT348,SPIRE ELLAND HOSPITAL,NHS WEST YORKSHIRE INTEGRATED CARE BOARD,Independent sector / other,1637,1377,1637,4,84.1
2025-09-01,NT347,SPIRE FYLDE COAST HOSPITAL,NHS LANCASHIRE AND SOUTH CUMBRIA INTEGRATED CARE BOARD,Independent sector / other,4594,3675,4594,32,80.0
2025-09-01,NT308,SPIRE GATWICK PARK HOSPITAL,NHS SURREY HEARTLANDS INTEGRATED CARE BOARD,Independent sector / other,939,621,939,16,66.1
2025-09-01,NT316,SPIRE HARPENDEN HOSPITAL,NHS HERTFORDSHIRE AND WEST ESSEX INTEGRATED CARE BOARD,Independent sector / other,562,533,562,0,94.8
2025-09-01,NT319,SPIRE HARTSWOOD HOSPITAL,NHS MID AND SOUTH ESSEX INTEGRATED CARE BOARD,Independent sector / other,1271,900,1271,2,70.8
2025-09-01,NT351,SPIRE HULL AND EAST RIDING HOSPITAL,NHS HUMBER AND NORTH YORKSHIRE INTEGRATED CARE BOARD,Independent sector / other,2260,2166,2260,0,95.8
2025-09-01,NT332,SPIRE LEEDS HOSPITAL,NHS WEST YORKSHIRE INTEGRATED CARE BOARD,Independent sector / other,1087,924,1087,2,85.0
2025-09-01,NT322,SPIRE LEICESTER HOSPITAL,"NHS LEICESTER, LEICESTERSHIRE AND RUTLAND INTEGRATED CARE BOARD",Independent sector / other,1079,895,1079,3,82.9
2025-09-01,NT321,SPIRE LITTLE ASTON HOSPITAL,NHS STAFFORDSHIRE AND STOKE-ON-TRENT INTEGRATED CARE BOARD,Independent sector / other,1313,1097,1313,4,83.5
2025-09-01,NT337,SPIRE LIVERPOOL HOSPITAL,NHS CHESHIRE AND MERSEYSIDE INTEGRATED CARE BOARD,Independent sector / other,3539,2964,3539,0,83.8
2025-09-01,NT314,SPIRE LONDON EAST,NHS NORTH EAST LONDON INTEGRATED CARE BOARD,Independent sector / other,2829,1870,2829,13,66.1
2025-09-01,NT327,SPIRE MANCHESTER HOSPITAL,NHS GREATER MANCHESTER INTEGRATED CARE BOARD,Independent sector / other,1501,975,1501,5,65.0
2025-09-01,NT350,SPIRE METHLEY PARK HOSPITAL,NHS WEST YORKSHIRE INTEGRATED CARE BOARD,Independent sector / other,1146,962,1146,1,83.9
2025-09-01,NT364,SPIRE MONTEFIORE HOSPITAL,NHS SUSSEX INTEGRATED CARE BOARD,Independent sector / other,806,345,806,21,42.8
2025-09-01,NT325,SPIRE MURRAYFIELD HOSPITAL,NHS CHESHIRE AND MERSEYSIDE INTEGRATED CARE BOARD,Independent sector / other,728,690,728,0,94.8
2025-09-01,NT318,SPIRE NORWICH HOSPITAL,NHS NORFOLK AND WAVENEY INTEGRATED CARE BOARD,Independent sector / other,551,505,551,1,91.7
2025-09-01,NT30A,SPIRE NOTTINGHAM HOSPITAL,NHS NOTTINGHAM AND NOTTINGHAMSHIRE INTEGRATED CARE BOARD,Independent sector / other,709,616,709,2,86.9
2025-09-01,NT320,SPIRE PARKWAY HOSPITAL,NHS BIRMINGHAM AND SOLIHULL INTEGRATED CARE BOARD,Independent sector / other,1554,1136,1554,6,73.1
2025-09-01,NT305,SPIRE PORTSMOUTH HOSPITAL,NHS HAMPSHIRE AND ISLE OF WIGHT INTEGRATED CARE BOARD,Independent sector / other,476,383,476,0,80.5
2025-09-01,NT339,SPIRE REGENCY HOSPITAL,NHS CHESHIRE AND MERSEYSIDE INTEGRATED CARE BOARD,Independent sector / other,2040,2033,2040,0,99.7
2025-09-01,NT301,SPIRE SOUTH BANK HOSPITAL,NHS HEREFORDSHIRE AND WORCESTERSHIRE INTEGRATED CARE BOARD,Independent sector / other,892,668,892,3,74.9
2025-09-01,NT304,SPIRE SOUTHAMPTON HOSPITAL,NHS HAMPSHIRE AND ISLE OF WIGHT INTEGRATED CARE BOARD,Independent sector / other,426,286,426,4,67.1
2025-09-01,NT3X3,SPIRE ST ANTHONY'S HOSPITAL,NHS SOUTH WEST LONDON INTEGRATED CARE BOARD,Independent sector / other,882,823,882,6,93.3
2025-09-01,NT343,SPIRE THAMES VALLEY HOSPITAL,"NHS BUCKINGHAMSHIRE, OXFORDSHIRE AND BERKSHIRE WEST INTEGRATED CARE BOARD",Independent sector / other,336,208,336,2,61.9
2025-09-01,NT333,SPIRE WASHINGTON HOSPITAL,NHS NORTH EAST AND NORTH CUMBRIA INTEGRATED CARE BOARD,Independent sector / other,1455,1234,1455,4,84.8
2025-09-01,NT313,SPIRE WELLESLEY HOSPITAL,NHS MID AND SOUTH ESSEX INTEGRATED CARE BOARD,Independent sector / other,1038,458,1038,29,44.1
2025-09-01,NVC18,SPRINGFIELD HOSPITAL,NHS MID AND SOUTH ESSEX INTEGRATED CARE BOARD,Independent sector / other,4842,3424,4842,125,70.7
2025-09-01,NT446,ST EDMUNDS HOSPITAL,NHS SUFFOLK AND NORTH EAST ESSEX INTEGRATED CARE BOARD,Independent sector / other,632,365,632,0,57.8
2025-09-01,RJ7,ST GEORGE'S UNIVERSITY HOSPITALS NHS FOUNDATION TRUST,NHS SOUTH WEST LONDON INTEGRATED CARE BOARD,NHS trust,70397,42794,70397,1777,60.8
2025-09-01,NTE02,ST HUGH'S HOSPITAL,NHS HUMBER AND NORTH YORKSHIRE INTEGRATED CARE BOARD,Independent sector / other,2045,1542,2045,35,75.4
2025-09-01,NQT5K,ST MARTINS HOSPITAL,"NHS BATH AND NORTH EAST SOMERSET, SWINDON AND WILTSHIRE INTEGRATED CARE BOARD",Independent sector / other,174,165,174,0,94.8
2025-09-01,AHP,ST MICHAEL'S CLINIC LIMITED,"NHS SHROPSHIRE, TELFORD AND WREKIN INTEGRATED CARE BOARD",Independent sector / other,1512,874,1512,22,57.8
2025-09-01,RWJ,STOCKPORT NHS FOUNDATION TRUST,NHS GREATER MANCHESTER INTEGRATED CARE BOARD,NHS trust,34969,19916,34969,726,57.0
2025-09-01,NVC1H,STOURSIDE HOSPITAL,NHS BLACK COUNTRY INTEGRATED CARE BOARD,Independent sector / other,3278,2390,3278,20,72.9
2025-09-01,NDL01,SUFFOLK GP FEDERATION,NHS SUFFOLK AND NORTH EAST ESSEX INTEGRATED CARE BOARD,Independent sector / other,81,79,81,0,97.5
2025-09-01,G3Z1Q,SULIS HOSPITAL BATH (FOXCOTE AVENUE),"NHS BATH AND NORTH EAST SOMERSET, SWINDON AND WILTSHIRE INTEGRATED CARE BOARD",Independent sector / other,3306,2579,3306,36,78.0
2025-09-01,RTP,SURREY AND SUSSEX HEALTHCARE NHS TRUST,NHS SURREY HEARTLANDS INTEGRATED CARE BOARD,NHS trust,46050,26708,46050,849,58.0
2025-09-01,NYG,SUSSEX COMMUNITY DERMATOLOGY SERVICE,NHS SUSSEX INTEGRATED CARE BOARD,Independent sector / other,17681,14973,17681,0,84.7
2025-09-01,RDR,SUSSEX COMMUNITY NHS FOUNDATION TRUST,NHS SUSSEX INTEGRATED CARE BOARD,NHS trust,14237,10491,14237,5,73.7
2025-09-01,RMP,TAMESIDE AND GLOSSOP INTEGRATED CARE NHS FOUNDATION TRUST,NHS GREATER MANCHESTER INTEGRATED CARE BOARD,NHS trust,17277,12564,17277,0,72.7
2025-09-01,NVC0R,TEES VALLEY HOSPITAL,NHS NORTH EAST AND NORTH CUMBRIA INTEGRATED CARE BOARD,Independent sector / other,4326,3433,4326,0,79.4
2025-09-01,AAH,TETBURY HOSPITAL TRUST LTD,NHS GLOUCESTERSHIRE INTEGRATED CARE BOARD,Independent sector / other,347,323,347,0,93.1
2025-09-01,NVC02,THE BERKSHIRE INDEPENDENT HOSPITAL,"NHS BUCKINGHAMSHIRE, OXFORDSHIRE AND BERKSHIRE WEST INTEGRATED CARE BOARD",Independent sector / other,1122,756,1122,12,67.4
2025-09-01,NVC25,THE CHERWELL HOSPITAL,"NHS BUCKINGHAMSHIRE, OXFORDSHIRE AND BERKSHIRE WEST INTEGRATED CARE BOARD",Independent sector / other,2164,1401,2164,12,64.7
2025-09-01,RBV,THE CHRISTIE NHS FOUNDATION TRUST,NHS GREATER MANCHESTER INTEGRATED CARE BOARD,NHS trust,2852,2731,2852,1,95.8
2025-09-01,REN,THE CLATTERBRIDGE CANCER CENTRE NHS FOUNDATION TRUST,NHS CHESHIRE AND MERSEYSIDE INTEGRATED CARE BOARD,NHS trust,941,900,941,0,95.6
2025-09-01,RNA,THE DUDLEY GROUP NHS FOUNDATION TRUST,NHS BLACK COUNTRY INTEGRATED CARE BOARD,NHS trust,46785,30033,46785,105,64.2
2025-09-01,AJ8,THE GRANGE MEDICAL CENTRE HQ,NHS WEST YORKSHIRE INTEGRATED CARE BOARD,Independent sector / other,257,257,257,0,100.0
2025-09-01,S3H9L,THE HAMPTONS HOSPITAL LTD,NHS CAMBRIDGESHIRE AND PETERBOROUGH INTEGRATED CARE BOARD,Independent sector / other,1800,1218,1800,20,67.7
2025-09-01,RAS,THE HILLINGDON HOSPITALS NHS FOUNDATION TRUST,NHS NORTH WEST LONDON INTEGRATED CARE BOARD,NHS trust,36923,22004,36923,541,59.6
2025-09-01,NXM01,THE HORDER CENTRE - ST JOHNS ROAD,NHS SUSSEX INTEGRATED CARE BOARD,Independent sector / other,1118,817,1118,2,73.1
2025-09-01,DX1,THE NEW FOSCOTE HOSPITAL LTD,NHS NORTH CENTRAL LONDON INTEGRATED CARE BOARD,Independent sector / other,292,276,292,1,94.5
2025-09-01,RTD,THE NEWCASTLE UPON TYNE HOSPITALS NHS FOUNDATION TRUST,NHS NORTH EAST AND NORTH CUMBRIA INTEGRATED CARE BOARD,NHS trust,87666,64182,87666,1131,73.2
2025-09-01,NTX,THE ONE HEALTH GROUP PLC,NHS SOUTH YORKSHIRE INTEGRATED CARE BOARD,Independent sector / other,5420,4391,5420,58,81.0
2025-09-01,RQW,THE PRINCESS ALEXANDRA HOSPITAL NHS TRUST,NHS HERTFORDSHIRE AND WEST ESSEX INTEGRATED CARE BOARD,NHS trust,43440,23516,43440,2157,54.1
2025-09-01,RCX,"THE QUEEN ELIZABETH HOSPITAL, KING'S LYNN, NHS FOUNDATION TRUST",NHS NORFOLK AND WAVENEY INTEGRATED CARE BOARD,NHS trust,28052,15446,28052,559,55.1
2025-09-01,RL1,THE ROBERT JONES AND AGNES HUNT ORTHOPAEDIC HOSPITAL NHS FOUNDATION TRUST,"NHS SHROPSHIRE, TELFORD AND WREKIN INTEGRATED CARE BOARD",NHS trust,27333,12970,27333,3718,47.5
2025-09-01,RFR,THE ROTHERHAM NHS FOUNDATION TRUST,NHS SOUTH YORKSHIRE INTEGRATED CARE BOARD,NHS trust,31184,20289,31184,599,65.1
2025-09-01,DJH01,THE ROYAL BUCKINGHAMSHIRE HOSPITAL LTD,"NHS BUCKINGHAMSHIRE, OXFORDSHIRE AND BERKSHIRE WEST INTEGRATED CARE BOARD",Independent sector / other,3,3,3,0,100.0
2025-09-01,RPY,THE ROYAL MARSDEN NHS FOUNDATION TRUST,NHS NORTH WEST LONDON INTEGRATED CARE BOARD,NHS trust,1911,1797,1911,2,94.0
2025-09-01,RRJ,THE ROYAL ORTHOPAEDIC HOSPITAL NHS FOUNDATION TRUST,NHS BIRMINGHAM AND SOLIHULL INTEGRATED CARE BOARD,NHS trust,13407,8370,13407,376,62.4
2025-09-01,RL4,THE ROYAL WOLVERHAMPTON NHS TRUST,NHS BLACK COUNTRY INTEGRATED CARE BOARD,NHS trust,75270,41389,75270,1838,55.0
2025-09-01,RXW,THE SHREWSBURY AND TELFORD HOSPITAL NHS TRUST,"NHS SHROPSHIRE, TELFORD AND WREKIN INTEGRATED CARE BOARD",NHS trust,31652,19717,31652,125,62.3
2025-09-01,DPK,THE STONEYGATE EYE HOSPITAL,"NHS LEICESTER, LEICESTERSHIRE AND RUTLAND INTEGRATED CARE BOARD",Independent sector / other,367,354,367,0,96.5
2025-09-01,RET,THE WALTON CENTRE NHS FOUNDATION TRUST,NHS CHESHIRE AND MERSEYSIDE INTEGRATED CARE BOARD,NHS trust,18189,11192,18189,319,61.5
2025-09-01,NVC44,THE WESTBOURNE CENTRE,NHS BIRMINGHAM AND SOLIHULL INTEGRATED CARE BOARD,Independent sector / other,3408,1975,3408,14,58.0
2025-09-01,NVC20,THE YORKSHIRE CLINIC,NHS WEST YORKSHIRE INTEGRATED CARE BOARD,Independent sector / other,7311,5165,7311,130,70.6
2025-09-01,NT440,THORNBURY HOSPITAL,NHS SOUTH YORKSHIRE INTEGRATED CARE BOARD,Independent sector / other,620,452,620,2,72.9
2025-09-01,NT441,THREE SHIRES HOSPITAL,NHS NORTHAMPTONSHIRE INTEGRATED CARE BOARD,Independent sector / other,3625,2242,3625,56,61.8
2025-09-01,RA9,TORBAY AND SOUTH DEVON NHS FOUNDATION TRUST,NHS DEVON INTEGRATED CARE BOARD,NHS trust,32115,22621,32115,623,70.4
2025-09-01,NN4,TYNESIDE SURGICAL SERVICES LTD,NHS NORTH EAST AND NORTH CUMBRIA INTEGRATED CARE BOARD,Independent sector / other,1397,1171,1397,1,83.8
2025-09-01,RWD,UNITED LINCOLNSHIRE TEACHING HOSPITALS NHS TRUST,NHS LINCOLNSHIRE INTEGRATED CARE BOARD,NHS trust,68724,37437,68724,2046,54.5
2025-09-01,RRV,UNIVERSITY COLLEGE LONDON HOSPITALS NHS FOUNDATION TRUST,NHS NORTH CENTRAL LONDON INTEGRATED CARE BOARD,NHS trust,72869,42670,72869,1411,58.6
2025-09-01,RHM,UNIVERSITY HOSPITAL SOUTHAMPTON NHS FOUNDATION TRUST,NHS HAMPSHIRE AND ISLE OF WIGHT INTEGRATED CARE BOARD,NHS trust,63160,38537,63160,1956,61.0
2025-09-01,RRK,UNIVERSITY HOSPITALS BIRMINGHAM NHS FOUNDATION TRUST,NHS BIRMINGHAM AND SOLIHULL INTEGRATED CARE BOARD,NHS trust,97822,57739,97822,2678,59.0
2025-09-01,RA7,UNIVERSITY HOSPITALS BRISTOL AND WESTON NHS FOUNDATION TRUST,"NHS BRISTOL, NORTH SOMERSET AND SOUTH GLOUCESTERSHIRE INTEGRATED CARE BOARD",NHS trust,54074,35598,54074,791,65.8
2025-09-01,RKB,UNIVERSITY HOSPITALS COVENTRY AND WARWICKSHIRE NHS TRUST,NHS COVENTRY AND WARWICKSHIRE INTEGRATED CARE BOARD,NHS trust,74624,43927,74624,1894,58.9
2025-09-01,R0D,UNIVERSITY HOSPITALS DORSET NHS FOUNDATION TRUST,NHS DORSET INTEGRATED CARE BOARD,NHS trust,62706,39709,62706,1657,63.3
2025-09-01,RTG,UNIVERSITY HOSPITALS OF DERBY AND BURTON NHS FOUNDATION TRUST,NHS DERBY AND DERBYSHIRE INTEGRATED CARE BOARD,NHS trust,94828,56232,94828,1711,59.3
2025-09-01,RWE,UNIVERSITY HOSPITALS OF LEICESTER NHS TRUST,"NHS LEICESTER, LEICESTERSHIRE AND RUTLAND INTEGRATED CARE BOARD",NHS trust,109233,56317,109233,3626,51.6
2025-09-01,RTX,UNIVERSITY HOSPITALS OF MORECAMBE BAY NHS FOUNDATION TRUST,NHS LANCASHIRE AND SOUTH CUMBRIA INTEGRATED CARE BOARD,NHS trust,34049,23371,34049,494,68.6
2025-09-01,RJE,UNIVERSITY HOSPITALS OF NORTH MIDLANDS NHS TRUST,NHS STAFFORDSHIRE AND STOKE-ON-TRENT INTEGRATED CARE BOARD,NHS trust,65420,41909,65420,1355,64.1
2025-09-01,RK9,UNIVERSITY HOSPITALS PLYMOUTH NHS TRUST,NHS DEVON INTEGRATED CARE BOARD,NHS trust,48731,29500,48731,1748,60.5
2025-09-01,RYR,UNIVERSITY HOSPITALS SUSSEX NHS FOUNDATION TRUST,NHS SUSSEX INTEGRATED CARE BOARD,NHS trust,113266,58388,113266,4977,51.5
2025-09-01,NRF,UNIVERSITY OF SOUTHAMPTON AUDITORY IMPLANT SERVICE,NHS HAMPSHIRE AND ISLE OF WIGHT INTEGRATED CARE BOARD,Independent sector / other,205,126,205,11,61.5
2025-09-01,AQK,VERNOVA HEALTHCARE COMMUNITY INTEREST COMPANY,NHS CHESHIRE AND MERSEYSIDE INTEGRATED CARE BOARD,Independent sector / other,281,260,281,0,92.5
2025-09-01,RBK,WALSALL HEALTHCARE NHS TRUST,NHS BLACK COUNTRY INTEGRATED CARE BOARD,NHS trust,29434,21172,29434,16,71.9
2025-09-01,RWW,WARRINGTON AND HALTON TEACHING HOSPITALS NHS FOUNDATION TRUST,NHS CHESHIRE AND MERSEYSIDE INTEGRATED CARE BOARD,NHS trust,32482,19291,32482,1294,59.4
2025-09-01,RWG,WEST HERTFORDSHIRE TEACHING HOSPITALS NHS TRUST,NHS HERTFORDSHIRE AND WEST ESSEX INTEGRATED CARE BOARD,NHS trust,46601,29709,46601,918,63.8
2025-09-01,NVC21,WEST MIDLANDS HOSPITAL,NHS BLACK COUNTRY INTEGRATED CARE BOARD,Independent sector / other,639,275,639,5,43.0
2025-09-01,RGR,WEST SUFFOLK NHS FOUNDATION TRUST,NHS SUFFOLK AND NORTH EAST ESSEX INTEGRATED CARE BOARD,NHS trust,32625,20250,32625,1086,62.1
2025-09-01,RKE,WHITTINGTON HEALTH NHS TRUST,NHS NORTH CENTRAL LONDON INTEGRATED CARE BOARD,NHS trust,27055,16754,27055,568,61.9
2025-09-01,NVC22,WINFIELD HOSPITAL,NHS GLOUCESTERSHIRE INTEGRATED CARE BOARD,Independent sector / other,1544,972,1544,9,63.0
2025-09-01,NT443,WINTERBOURNE HOSPITAL,NHS DORSET INTEGRATED CARE BOARD,Independent sector / other,304,284,304,0,93.4
2025-09-01,RBL,WIRRAL UNIVERSITY TEACHING HOSPITAL NHS FOUNDATION TRUST,NHS CHESHIRE AND MERSEYSIDE INTEGRATED CARE BOARD,NHS trust,48404,29847,48404,1152,61.7
2025-09-01,NVC23,WOODLAND HOSPITAL,NHS NORTHAMPTONSHIRE INTEGRATED CARE BOARD,Independent sector / other,4899,3381,4899,33,69.0
2025-09-01,NT457,WOODLANDS HOSPITAL,NHS NORTH EAST AND NORTH CUMBRIA INTEGRATED CARE BOARD,Independent sector / other,2332,1834,2332,1,78.6
2025-09-01,NVC40,WOODTHORPE HOSPITAL,NHS NOTTINGHAM AND NOTTINGHAMSHIRE INTEGRATED CARE BOARD,Independent sector / other,3647,2910,3647,40,79.8
2025-09-01,RWP,WORCESTERSHIRE ACUTE HOSPITALS NHS TRUST,NHS HEREFORDSHIRE AND WORCESTERSHIRE INTEGRATED CARE BOARD,NHS trust,57391,34060,57391,855,59.3
2025-09-01,RRF,"WRIGHTINGTON, WIGAN AND LEIGH TEACHING HOSPITALS NHS FOUNDATION TRUST",NHS GREATER MANCHESTER INTEGRATED CARE BOARD,NHS trust,48496,27820,48496,1726,57.4
2025-09-01,RLQ,WYE VALLEY NHS TRUST,NHS HEREFORDSHIRE AND WORCESTERSHIRE INTEGRATED CARE BOARD,NHS trust,27214,16663,27214,925,61.2
2025-09-01,RCB,YORK AND SCARBOROUGH TEACHING HOSPITALS NHS FOUNDATION TRUST,NHS HUMBER AND NORTH YORKSHIRE INTEGRATED CARE BOARD,NHS trust,57450,32682,57450,2034,56.9
2025-10-01,NPR01,ABOUT HEALTH HQ,NHS SOMERSET INTEGRATED CARE BOARD,Independent sector / other,1108,1044,1108,0,94.2
2025-10-01,RCF,AIREDALE NHS FOUNDATION TRUST,NHS WEST YORKSHIRE INTEGRATED CARE BOARD,NHS trust,14098,9895,14098,100,70.2
2025-10-01,RBS,ALDER HEY CHILDREN'S NHS FOUNDATION TRUST,NHS CHESHIRE AND MERSEYSIDE INTEGRATED CARE BOARD,NHS trust,18253,11265,18253,270,61.7
2025-10-01,NT401,ALEXANDRA HOSPITAL,NHS GREATER MANCHESTER INTEGRATED CARE BOARD,Independent sector / other,875,694,875,6,79.3
2025-10-01,NX5,ANGLIA COMMUNITY EYE SERVICE LTD,NHS CAMBRIDGESHIRE AND PETERBOROUGH INTEGRATED CARE BOARD,Independent sector / other,2055,1882,2055,2,91.6
2025-10-01,RTK,ASHFORD AND ST PETER'S HOSPITALS NHS FOUNDATION TRUST,NHS SURREY HEARTLANDS INTEGRATED CARE BOARD,NHS trust,54384,32049,54384,1001,58.9
2025-10-01,NVC01,ASHTEAD HOSPITAL,NHS SURREY HEARTLANDS INTEGRATED CARE BOARD,Independent sector / other,1076,891,1076,0,82.8
2025-10-01,RF4,"BARKING, HAVERING AND REDBRIDGE UNIVERSITY HOSPITALS NHS TRUST",NHS NORTH EAST LONDON INTEGRATED CARE BOARD,NHS trust,58689,41498,58689,566,70.7
2025-10-01,RFF,BARNSLEY HOSPITAL NHS FOUNDATION TRUST,NHS SOUTH YORKSHIRE INTEGRATED CARE BOARD,NHS trust,24972,16349,24972,235,65.5
2025-10-01,R1H,BARTS HEALTH NHS TRUST,NHS NORTH EAST LONDON INTEGRATED CARE BOARD,NHS trust,132923,74995,132923,3589,56.4
2025-10-01,NT402,BATH CLINIC,"NHS BATH AND NORTH EAST SOMERSET, SWINDON AND WILTSHIRE INTEGRATED CARE BOARD",Independent sector / other,811,588,811,0,72.5
2025-10-01,NRP,BEACON MEDICAL SERVICES GROUP LIMITED,NHS GREATER MANCHESTER INTEGRATED CARE BOARD,Independent sector / other,1053,1019,1053,0,96.8
2025-10-01,NVC0I,BEACON PARK HOSPITAL,NHS STAFFORDSHIRE AND STOKE-ON-TRENT INTEGRATED CARE BOARD,Independent sector / other,1029,810,1029,0,78.7
2025-10-01,NT403,BEARDWOOD HOSPITAL,NHS LANCASHIRE AND SOUTH CUMBRIA INTEGRATED CARE BOARD,Independent sector / other,2186,1811,2186,1,82.8
2025-10-01,NT404,BEAUMONT HOSPITAL,NHS GREATER MANCHESTER INTEGRATED CARE BOARD,Independent sector / other,2842,2117,2842,3,74.5
2025-10-01,RC9,BEDFORDSHIRE HOSPITALS NHS FOUNDATION TRUST,"NHS BEDFORDSHIRE, LUTON AND MILTON KEYNES INTEGRATED CARE BOARD",NHS trust,87860,52794,87860,1116,60.1
2025-10-01,NWF01,BENENDEN HOSPITAL,NHS KENT AND MEDWAY INTEGRATED CARE BOARD,Independent sector / other,1577,1177,1577,8,74.6
2025-10-01,RWX,BERKSHIRE HEALTHCARE NHS FOUNDATION TRUST,NHS FRIMLEY INTEGRATED CARE BOARD,NHS trust,85,85,85,0,100.0
2025-10-01,NP9,BESPOKE HEALTHCARE LTD,NHS LANCASHIRE AND SOUTH CUMBRIA INTEGRATED CARE BOARD,Independent sector / other,173,86,173,1,49.7
2025-10-01,RYW,BIRMINGHAM COMMUNITY HEALTHCARE NHS FOUNDATION TRUST,NHS BIRMINGHAM AND SOLIHULL INTEGRATED CARE BOARD,NHS trust,15463,10838,15463,34,70.1
2025-10-01,RQ3,BIRMINGHAM WOMEN'S AND CHILDREN'S NHS FOUNDATION TRUST,NHS BIRMINGHAM AND SOLIHULL INTEGRATED CARE BOARD,NHS trust,23548,13811,23548,145,58.7
2025-10-01,NT405,BISHOPS WOOD HOSPITAL,NHS NORTH WEST LONDON INTEGRATED CARE BOARD,Independent sector / other,569,497,569,1,87.3
2025-10-01,NT406,BLACKHEATH HOSPITAL,NHS SOUTH EAST LONDON INTEGRATED CARE BOARD,Independent sector / other,1609,1187,1609,43,73.8
2025-10-01,RXL,BLACKPOOL TEACHING HOSPITALS NHS FOUNDATION TRUST,NHS LANCASHIRE AND SOUTH CUMBRIA INTEGRATED CARE BOARD,NHS trust,43536,23971,43536,1557,55.1
2025-10-01,NVC31,BLAKELANDS HOSPITAL,"NHS BEDFORDSHIRE, LUTON AND MILTON KEYNES INTEGRATED CARE BOARD",Independent sector / other,2364,1731,2364,7,73.2
2025-10-01,RMC,BOLTON NHS FOUNDATION TRUST,NHS GREATER MANCHESTER INTEGRATED CARE BOARD,NHS trust,37366,22074,37366,1057,59.1
2025-10-01,R5J3Z,BORDER HEALTH ALLIANCE LIMITED,NHS HEREFORDSHIRE AND WORCESTERSHIRE INTEGRATED CARE BOARD,Independent sector / other,602,425,602,0,70.6
2025-10-01,NVC27,BOSTON WEST HOSPITAL,NHS LINCOLNSHIRE INTEGRATED CARE BOARD,Independent sector / other,2145,1558,2145,8,72.6
2025-10-01,TAD,BRADFORD DISTRICT CARE NHS FOUNDATION TRUST,NHS WEST YORKSHIRE INTEGRATED CARE BOARD,NHS trust,496,265,496,15,53.4
2025-10-01,RAE,BRADFORD TEACHING HOSPITALS NHS FOUNDATION TRUST,NHS WEST YORKSHIRE INTEGRATED CARE BOARD,NHS trust,32206,21052,32206,145,65.4
2025-10-01,RXQ,BUCKINGHAMSHIRE HEALTHCARE NHS TRUST,"NHS BUCKINGHAMSHIRE, OXFORDSHIRE AND BERKSHIRE WEST INTEGRATED CARE BOARD",NHS trust,48290,28665,48290,1308,59.4
2025-10-01,A4M8P,BUCKSHAW HOSPITAL,NHS LANCASHIRE AND SOUTH CUMBRIA INTEGRATED CARE BOARD,Independent sector / other,3024,2118,3024,46,70.0
2025-10-01,RWY,CALDERDALE AND HUDDERSFIELD NHS FOUNDATION TRUST,NHS WEST YORKSHIRE INTEGRATED CARE BOARD,NHS trust,36041,25707,36041,18,71.3
2025-10-01,RGT,CAMBRIDGE UNIVERSITY HOSPITALS NHS FOUNDATION TRUST,NHS CAMBRIDGESHIRE AND PETERBOROUGH INTEGRATED CARE BOARD,NHS trust,65444,38810,65444,2355,59.3
2025-10-01,RT1,CAMBRIDGESHIRE AND PETERBOROUGH NHS FOUNDATION TRUST,NHS CAMBRIDGESHIRE AND PETERBOROUGH INTEGRATED CARE BOARD,NHS trust,275,130,275,2,47.3
2025-10-01,NL3,CARE PLUS GROUP,NHS HUMBER AND NORTH YORKSHIRE INTEGRATED CARE BOARD,Independent sector / other,200,189,200,0,94.5
2025-10-01,NT451,CAVELL HOSPITAL,NHS NORTH CENTRAL LONDON INTEGRATED CARE BOARD,Independent sector / other,1316,1027,1316,3,78.0
2025-10-01,U0K8N,CES MEDICAL,NHS KENT AND MEDWAY INTEGRATED CARE BOARD,Independent sector / other,46,46,46,0,100.0
2025-10-01,NT408,CHAUCER HOSPITAL,NHS KENT AND MEDWAY INTEGRATED CARE BOARD,Independent sector / other,821,693,821,0,84.4
2025-10-01,RQM,CHELSEA AND WESTMINSTER HOSPITAL NHS FOUNDATION TRUST,NHS NORTH WEST LONDON INTEGRATED CARE BOARD,NHS trust,75966,46568,75966,1669,61.3
2025-10-01,NT409,CHELSFIELD PARK HOSPITAL,NHS SOUTH EAST LONDON INTEGRATED CARE BOARD,Independent sector / other,802,651,802,7,81.2
2025-10-01,RFS,CHESTERFIELD ROYAL HOSPITAL NHS FOUNDATION TRUST,NHS DERBY AND DERBYSHIRE INTEGRATED CARE BOARD,NHS trust,31296,17703,31296,1335,56.6
2025-10-01,NT410,CHILTERN HOSPITAL,"NHS BUCKINGHAMSHIRE, OXFORDSHIRE AND BERKSHIRE WEST INTEGRATED CARE BOARD",Independent sector / other,457,356,457,1,77.9
2025-10-01,F9Z4V,CIRCLE READING HOSPITAL,"NHS BUCKINGHAMSHIRE, OXFORDSHIRE AND BERKSHIRE WEST INTEGRATED CARE BOARD",Independent sector / other,1725,1307,1725,0,75.8
2025-10-01,B3M1X,CLAREMONT PRIVATE HOSPITAL,NHS SOUTH YORKSHIRE INTEGRATED CARE BOARD,Independent sector / other,1950,1595,1950,8,81.8
2025-10-01,NT411,CLEMENTINE CHURCHILL HOSPITAL,NHS NORTH WEST LONDON INTEGRATED CARE BOARD,Independent sector / other,1894,1869,1894,0,98.7
2025-10-01,NVC28,CLIFTON PARK HOSPITAL,NHS HUMBER AND NORTH YORKSHIRE INTEGRATED CARE BOARD,Independent sector / other,1751,1085,1751,7,62.0
2025-10-01,NVC29,COBALT HOSPITAL,NHS NORTH EAST AND NORTH CUMBRIA INTEGRATED CARE BOARD,Independent sector / other,1611,1226,1611,9,76.1
2025-10-01,NLG,COMMUNITAS CLINICS,NHS SOUTH WEST LONDON INTEGRATED CARE BOARD,Independent sector / other,13750,5894,13750,1022,42.9
2025-10-01,AAV,COMMUNITY HEALTH AND EYECARE LIMITED,NHS LANCASHIRE AND SOUTH CUMBRIA INTEGRATED CARE BOARD,Independent sector / other,3977,3921,3977,0,98.6
2025-10-01,NMG,CORA HEALTH MSK (FORMERLY CONNECT HEALTH LTD),NHS NORTH EAST AND NORTH CUMBRIA INTEGRATED CARE BOARD,Independent sector / other,16505,15375,16505,1,93.2
2025-10-01,RJ8,CORNWALL PARTNERSHIP NHS FOUNDATION TRUST,NHS CORNWALL AND THE ISLES OF SCILLY INTEGRATED CARE BOARD,NHS trust,685,685,685,0,100.0
2025-10-01,DFY01,COTSWOLDS SURGICAL PARTNERS,"NHS BATH AND NORTH EAST SOMERSET, SWINDON AND WILTSHIRE INTEGRATED CARE BOARD",Independent sector / other,212,212,212,0,100.0
2025-10-01,RJR,COUNTESS OF CHESTER HOSPITAL NHS FOUNDATION TRUST,NHS CHESHIRE AND MERSEYSIDE INTEGRATED CARE BOARD,NHS trust,36726,19213,36726,2560,52.3
2025-10-01,RXP,COUNTY DURHAM AND DARLINGTON NHS FOUNDATION TRUST,NHS NORTH EAST AND NORTH CUMBRIA INTEGRATED CARE BOARD,NHS trust,42308,29045,42308,555,68.7
2025-10-01,RJ6,CROYDON HEALTH SERVICES NHS TRUST,NHS SOUTH WEST LONDON INTEGRATED CARE BOARD,NHS trust,37115,25059,37115,607,67.5
2025-10-01,RX4,"CUMBRIA, NORTHUMBERLAND, TYNE AND WEAR NHS FOUNDATION TRUST",NHS NORTH EAST AND NORTH CUMBRIA INTEGRATED CARE BOARD,NHS trust,158,158,158,0,100.0
2025-10-01,RN7,DARTFORD AND GRAVESHAM NHS TRUST,NHS KENT AND MEDWAY INTEGRATED CARE BOARD,NHS trust,31448,19500,31448,1002,62.0
2025-10-01,NCN,DMC HEALTHCARE,NHS SOUTH EAST LONDON INTEGRATED CARE BOARD,Independent sector / other,2342,2302,2342,1,98.3
2025-10-01,RP5,DONCASTER AND BASSETLAW TEACHING HOSPITALS NHS FOUNDATION TRUST,NHS SOUTH YORKSHIRE INTEGRATED CARE BOARD,NHS trust,55900,33961,55900,1420,60.8
2025-10-01,NNE,DORKING HEALTHCARE LIMITED (DHC),NHS SURREY HEARTLANDS INTEGRATED CARE BOARD,Independent sector / other,6403,5389,6403,2,84.2
2025-10-01,RBD,DORSET COUNTY HOSPITAL NHS FOUNDATION TRUST,NHS DORSET INTEGRATED CARE BOARD,NHS trust,21240,12824,21240,283,60.4
2025-10-01,NT412,DROITWICH SPA HOSPITAL,NHS HEREFORDSHIRE AND WORCESTERSHIRE INTEGRATED CARE BOARD,Independent sector / other,1806,1420,1806,2,78.6
2025-10-01,NT447,DUCHY HOSPITAL,NHS HUMBER AND NORTH YORKSHIRE INTEGRATED CARE BOARD,Independent sector / other,340,253,340,0,74.4
2025-10-01,NVC04,DUCHY HOSPITAL,NHS CORNWALL AND THE ISLES OF SCILLY INTEGRATED CARE BOARD,Independent sector / other,1992,1029,1992,19,51.7
2025-10-01,RWH,EAST AND NORTH HERTFORDSHIRE TEACHING NHS TRUST,NHS HERTFORDSHIRE AND WEST ESSEX INTEGRATED CARE BOARD,NHS trust,52340,34042,52340,743,65.0
2025-10-01,RJN,EAST CHESHIRE NHS TRUST,NHS CHESHIRE AND MERSEYSIDE INTEGRATED CARE BOARD,NHS trust,20789,11792,20789,655,56.7
2025-10-01,RVV,EAST KENT HOSPITALS UNIVERSITY NHS FOUNDATION TRUST,NHS KENT AND MEDWAY INTEGRATED CARE BOARD,NHS trust,78449,42305,78449,2327,53.9
2025-10-01,RXR,EAST LANCASHIRE HOSPITALS NHS TRUST,NHS LANCASHIRE AND SOUTH CUMBRIA INTEGRATED CARE BOARD,NHS trust,54301,32428,54301,1795,59.7
2025-10-01,RDE,EAST SUFFOLK AND NORTH ESSEX NHS FOUNDATION TRUST,NHS SUFFOLK AND NORTH EAST ESSEX INTEGRATED CARE BOARD,NHS trust,97652,54671,97652,3253,56.0
2025-10-01,RXC,EAST SUSSEX HEALTHCARE NHS TRUST,NHS SUSSEX INTEGRATED CARE BOARD,NHS trust,61636,39565,61636,705,64.2
2025-10-01,NT445,EDGBASTON HOSPITAL,NHS BIRMINGHAM AND SOLIHULL INTEGRATED CARE BOARD,Independent sector / other,1,1,1,0,100.0
2025-10-01,M9U8M,ENDOCARE DIAGNOSTICS LTD,NHS GREATER MANCHESTER INTEGRATED CARE BOARD,Independent sector / other,116,116,116,0,100.0
2025-10-01,RVR,EPSOM AND ST HELIER UNIVERSITY HOSPITALS NHS TRUST,NHS SOUTH WEST LONDON INTEGRATED CARE BOARD,NHS trust,57913,35762,57913,1307,61.8
2025-10-01,NVM,EPSOMEDICAL GROUP,NHS SURREY HEARTLANDS INTEGRATED CARE BOARD,Independent sector / other,3187,2730,3187,70,85.7
2025-10-01,NVC05,EUXTON HALL HOSPITAL,NHS LANCASHIRE AND SOUTH CUMBRIA INTEGRATED CARE BOARD,Independent sector / other,2777,2207,2777,45,79.5
2025-10-01,NVC0Y,EXETER MEDICAL,NHS DEVON INTEGRATED CARE BOARD,Independent sector / other,191,141,191,1,73.8
2025-10-01,ACM,EYE CARE MEDICAL LTD,NHS CHESHIRE AND MERSEYSIDE INTEGRATED CARE BOARD,Independent sector / other,13,13,13,0,100.0
2025-10-01,Y9S1N,FAIRFIELD INDEPENDENT HOSPITAL,NHS CHESHIRE AND MERSEYSIDE INTEGRATED CARE BOARD,Independent sector / other,2496,1654,2496,9,66.3
2025-10-01,NDJ,FIRST COMMUNITY HEALTH AND CARE CIC,NHS SURREY HEARTLANDS INTEGRATED CARE BOARD,Independent sector / other,797,783,797,0,98.2
2025-10-01,NVC06,FITZWILLIAM HOSPITAL,NHS CAMBRIDGESHIRE AND PETERBOROUGH INTEGRATED CARE BOARD,Independent sector / other,5911,3629,5911,13,61.4
2025-10-01,RDU,FRIMLEY HEALTH NHS FOUNDATION TRUST,NHS FRIMLEY INTEGRATED CARE BOARD,NHS trust,68992,39279,68992,1718,56.9
2025-10-01,NVC07,FULWOOD HALL HOSPITAL,NHS LANCASHIRE AND SOUTH CUMBRIA INTEGRATED CARE BOARD,Independent sector / other,5172,3943,5172,41,76.2
2025-10-01,RR7,GATESHEAD HEALTH NHS FOUNDATION TRUST,NHS NORTH EAST AND NORTH CUMBRIA INTEGRATED CARE BOARD,NHS trust,13225,8975,13225,41,67.9
2025-10-01,RLT,GEORGE ELIOT HOSPITAL NHS TRUST,NHS COVENTRY AND WARWICKSHIRE INTEGRATED CARE BOARD,NHS trust,20058,13156,20058,163,65.6
2025-10-01,K8I4X,GLENDON WOOD HOSPITAL,NHS NORTHAMPTONSHIRE INTEGRATED CARE BOARD,Independent sector / other,1486,1221,1486,5,82.2
2025-10-01,RTE,GLOUCESTERSHIRE HOSPITALS NHS FOUNDATION TRUST,NHS GLOUCESTERSHIRE INTEGRATED CARE BOARD,NHS trust,62875,43599,62875,29,69.3
2025-10-01,NT417,GORING HALL HOSPITAL,NHS SUSSEX INTEGRATED CARE BOARD,Independent sector / other,981,630,981,17,64.2
2025-10-01,NWV01,GP CARE UK,"NHS BRISTOL, NORTH SOMERSET AND SOUTH GLOUCESTERSHIRE INTEGRATED CARE BOARD",Independent sector / other,715,713,715,0,99.7
2025-10-01,RP4,GREAT ORMOND STREET HOSPITAL FOR CHILDREN NHS FOUNDATION TRUST,NHS NORTH CENTRAL LONDON INTEGRATED CARE BOARD,NHS trust,7746,5359,7746,229,69.2
2025-10-01,RN3,GREAT WESTERN HOSPITALS NHS FOUNDATION TRUST,"NHS BATH AND NORTH EAST SOMERSET, SWINDON AND WILTSHIRE INTEGRATED CARE BOARD",NHS trust,41621,25220,41621,559,60.6
2025-10-01,RJ1,GUY'S AND ST THOMAS' NHS FOUNDATION TRUST,NHS SOUTH EAST LONDON INTEGRATED CARE BOARD,NHS trust,110637,72947,110637,1711,65.9
2025-10-01,RW1,HAMPSHIRE AND ISLE OF WIGHT HEALTHCARE NHS FOUNDATION TRUST,NHS HAMPSHIRE AND ISLE OF WIGHT INTEGRATED CARE BOARD,NHS trust,4066,3747,4066,0,92.2
2025-10-01,NT418,HAMPSHIRE CLINIC,NHS HAMPSHIRE AND ISLE OF WIGHT INTEGRATED CARE BOARD,Independent sector / other,317,254,317,2,80.1
2025-10-01,RN5,HAMPSHIRE HOSPITALS NHS FOUNDATION TRUST,NHS HAMPSHIRE AND ISLE OF WIGHT INTEGRATED CARE BOARD,NHS trust,50742,30004,50742,2027,59.1
2025-10-01,NT419,HARBOUR HOSPITAL,NHS DORSET INTEGRATED CARE BOARD,Independent sector / other,122,103,122,0,84.4
2025-10-01,RCD,HARROGATE AND DISTRICT NHS FOUNDATION TRUST,NHS HUMBER AND NORTH YORKSHIRE INTEGRATED CARE BOARD,NHS trust,19552,14656,19552,3,75.0
2025-10-01,S5E5Y,HCRG CARE DERMATOLOGY THE IRONSTONE CENTRE,NHS HUMBER AND NORTH YORKSHIRE INTEGRATED CARE BOARD,Independent sector / other,1466,1192,1466,17,81.3
2025-10-01,NYR,HEALTHSHARE DIAGNOSTICS,NHS KENT AND MEDWAY INTEGRATED CARE BOARD,Independent sector / other,2529,1606,2529,17,63.5
2025-10-01,NRL,HEART NETWORKS,NHS GREATER MANCHESTER INTEGRATED CARE BOARD,Independent sector / other,555,547,555,0,98.6
2025-10-01,NT416,HENDON HOSPITAL,NHS NORTH CENTRAL LONDON INTEGRATED CARE BOARD,Independent sector / other,1198,914,1198,2,76.3
2025-10-01,R1A,HEREFORDSHIRE AND WORCESTERSHIRE HEALTH AND CARE NHS TRUST,NHS HEREFORDSHIRE AND WORCESTERSHIRE INTEGRATED CARE BOARD,NHS trust,90,69,90,0,76.7
2025-10-01,NT420,HIGHFIELD HOSPITAL,NHS GREATER MANCHESTER INTEGRATED CARE BOARD,Independent sector / other,908,715,908,0,78.7
2025-10-01,RQX,HOMERTON HEALTHCARE NHS FOUNDATION TRUST,NHS NORTH EAST LONDON INTEGRATED CARE BOARD,NHS trust,30726,20717,30726,306,67.4
2025-10-01,NT448,HUDDERSFIELD PRIVATE HOSPITAL,NHS WEST YORKSHIRE INTEGRATED CARE BOARD,Independent sector / other,729,616,729,29,84.5
2025-10-01,RWA,HULL UNIVERSITY TEACHING HOSPITALS NHS TRUST,NHS HUMBER AND NORTH YORKSHIRE INTEGRATED CARE BOARD,NHS trust,81280,45923,81280,3221,56.5
2025-10-01,RYJ,IMPERIAL COLLEGE HEALTHCARE NHS TRUST,NHS NORTH WEST LONDON INTEGRATED CARE BOARD,NHS trust,90255,56061,90255,892,62.1
2025-10-01,NXP,INDEPENDENT HEALTH GROUP,"NHS BATH AND NORTH EAST SOMERSET, SWINDON AND WILTSHIRE INTEGRATED CARE BOARD",Independent sector / other,1042,1000,1042,0,96.0
2025-10-01,NV1,INHEALTH LIMITED,"NHS BUCKINGHAMSHIRE, OXFORDSHIRE AND BERKSHIRE WEST INTEGRATED CARE BOARD",Independent sector / other,846,634,846,0,74.9
2025-10-01,NCR,ISIGHT,NHS CHESHIRE AND MERSEYSIDE INTEGRATED CARE BOARD,Independent sector / other,1276,1212,1276,0,95.0
2025-10-01,R1F,ISLE OF WIGHT NHS TRUST,NHS HAMPSHIRE AND ISLE OF WIGHT INTEGRATED CARE BOARD,NHS trust,13961,8840,13961,51,63.3
2025-10-01,RGP,JAMES PAGET UNIVERSITY HOSPITALS NHS FOUNDATION TRUST,NHS NORFOLK AND WAVENEY INTEGRATED CARE BOARD,NHS trust,34399,17691,34399,1768,51.4
2025-10-01,RYY,KENT COMMUNITY HEALTH NHS FOUNDATION TRUST,NHS KENT AND MEDWAY INTEGRATED CARE BOARD,NHS trust,3953,3951,3953,0,99.9
2025-10-01,RNQ,KETTERING GENERAL HOSPITAL NHS FOUNDATION TRUST,NHS NORTHAMPTONSHIRE INTEGRATED CARE BOARD,NHS trust,25435,15580,25435,247,61.3
2025-10-01,ADP02,KIMS HOSPITAL (NEWNHAM COURT),NHS KENT AND MEDWAY INTEGRATED CARE BOARD,Independent sector / other,1379,1225,1379,1,88.8
2025-10-01,RJZ,KING'S COLLEGE HOSPITAL NHS FOUNDATION TRUST,NHS SOUTH EAST LONDON INTEGRATED CARE BOARD,NHS trust,84595,53309,84595,1769,63.0
2025-10-01,NT421,KINGS OAK HOSPITAL,NHS NORTH CENTRAL LONDON INTEGRATED CARE BOARD,Independent sector / other,1027,809,1027,2,78.8
2025-10-01,RAX,KINGSTON AND RICHMOND NHS FOUNDATION TRUST,NHS SOUTH WEST LONDON INTEGRATED CARE BOARD,NHS trust,45227,29283,45227,341,64.7
2025-10-01,RW5,LANCASHIRE & SOUTH CUMBRIA NHS FOUNDATION TRUST,NHS LANCASHIRE AND SOUTH CUMBRIA INTEGRATED CARE BOARD,NHS trust,2927,2800,2927,0,95.7
2025-10-01,RXN,LANCASHIRE TEACHING HOSPITALS NHS FOUNDATION TRUST,NHS LANCASHIRE AND SOUTH CUMBRIA INTEGRATED CARE BOARD,NHS trust,64319,34776,64319,1926,54.1
2025-10-01,NLE01,LANCASTER HOUSE CONSULTING DIAGNOSTICS SURGICAL LTD HQ,NHS GREATER MANCHESTER INTEGRATED CARE BOARD,Independent sector / other,834,799,834,0,95.8
2025-10-01,NT449,LANCASTER PRIVATE HOSPITAL,NHS LANCASHIRE AND SOUTH CUMBRIA INTEGRATED CARE BOARD,Independent sector / other,343,240,343,0,70.0
2025-10-01,RR8,LEEDS TEACHING HOSPITALS NHS TRUST,NHS WEST YORKSHIRE INTEGRATED CARE BOARD,NHS trust,87783,58600,87783,1378,66.8
2025-10-01,RJ2,LEWISHAM AND GREENWICH NHS TRUST,NHS SOUTH EAST LONDON INTEGRATED CARE BOARD,NHS trust,55973,34626,55973,1371,61.9
2025-10-01,NT450,LINCOLN PRIVATE HOSPITAL,NHS LINCOLNSHIRE INTEGRATED CARE BOARD,Independent sector / other,1272,911,1272,2,71.6
2025-10-01,RP7,LINCOLNSHIRE PARTNERSHIP NHS FOUNDATION TRUST,NHS LINCOLNSHIRE INTEGRATED CARE BOARD,NHS trust,34,33,34,0,97.1
2025-10-01,RBQ,LIVERPOOL HEART AND CHEST HOSPITAL NHS FOUNDATION TRUST,NHS CHESHIRE AND MERSEYSIDE INTEGRATED CARE BOARD,NHS trust,5540,4325,5540,38,78.1
2025-10-01,REM,LIVERPOOL UNIVERSITY HOSPITALS NHS FOUNDATION TRUST,NHS CHESHIRE AND MERSEYSIDE INTEGRATED CARE BOARD,NHS trust,66330,37358,66330,1675,56.3
2025-10-01,REP,LIVERPOOL WOMEN'S NHS FOUNDATION TRUST,NHS CHESHIRE AND MERSEYSIDE INTEGRATED CARE BOARD,NHS trust,15629,7518,15629,1517,48.1
2025-10-01,NR5,LIVEWELL SOUTHWEST,NHS DEVON INTEGRATED CARE BOARD,Independent sector / other,60,59,60,0,98.3
2025-10-01,NL8,LOCALA COMMUNITY PARTNERSHIPS CIC,NHS WEST YORKSHIRE INTEGRATED CARE BOARD,Independent sector / other,1277,1228,1277,0,96.2
2025-10-01,NT422,LONDON INDEPENDENT HOSPITAL,NHS NORTH EAST LONDON INTEGRATED CARE BOARD,Independent sector / other,3538,2952,3538,45,83.4
2025-10-01,R1K,LONDON NORTH WEST UNIVERSITY HEALTHCARE NHS TRUST,NHS NORTH WEST LONDON INTEGRATED CARE BOARD,NHS trust,85610,50286,85610,1761,58.7
2025-10-01,RWF,MAIDSTONE AND TUNBRIDGE WELLS NHS TRUST,NHS KENT AND MEDWAY INTEGRATED CARE BOARD,NHS trust,49860,34939,49860,0,70.1
2025-10-01,NN5,MANCHESTER SURGICAL SERVICES LTD,NHS GREATER MANCHESTER INTEGRATED CARE BOARD,Independent sector / other,339,313,339,0,92.3
2025-10-01,R0A,MANCHESTER UNIVERSITY NHS FOUNDATION TRUST,NHS GREATER MANCHESTER INTEGRATED CARE BOARD,NHS trust,184633,99447,184633,6018,53.9
2025-10-01,NT423,MANOR HOSPITAL,"NHS BEDFORDSHIRE, LUTON AND MILTON KEYNES INTEGRATED CARE BOARD",Independent sector / other,760,427,760,4,56.2
2025-10-01,AY1,MEDEFER,NHS NORTH CENTRAL LONDON INTEGRATED CARE BOARD,Independent sector / other,319,266,319,0,83.4
2025-10-01,RPA,MEDWAY NHS FOUNDATION TRUST,NHS KENT AND MEDWAY INTEGRATED CARE BOARD,NHS trust,38102,20795,38102,1953,54.6
2025-10-01,NT424,MERIDEN HOSPITAL,NHS COVENTRY AND WARWICKSHIRE INTEGRATED CARE BOARD,Independent sector / other,1838,1623,1838,1,88.3
2025-10-01,RBN,MERSEY AND WEST LANCASHIRE TEACHING HOSPITALS NHS TRUST,NHS CHESHIRE AND MERSEYSIDE INTEGRATED CARE BOARD,NHS trust,77354,49300,77354,1597,63.7
2025-10-01,RW4,MERSEY CARE NHS FOUNDATION TRUST,NHS CHESHIRE AND MERSEYSIDE INTEGRATED CARE BOARD,NHS trust,47,47,47,0,100.0
2025-10-01,RAJ,MID AND SOUTH ESSEX NHS FOUNDATION TRUST,NHS MID AND SOUTH ESSEX INTEGRATED CARE BOARD,NHS trust,181128,90359,181128,14582,49.9
2025-10-01,RBT,MID CHESHIRE HOSPITALS NHS FOUNDATION TRUST,NHS CHESHIRE AND MERSEYSIDE INTEGRATED CARE BOARD,NHS trust,43220,23699,43220,1493,54.8
2025-10-01,RXF,MID YORKSHIRE TEACHING NHS TRUST,NHS WEST YORKSHIRE INTEGRATED CARE BOARD,NHS trust,56457,34542,56457,192,61.2
2025-10-01,S4E3I,MIDLAND EYE (EYE-DOCS LTD),NHS BIRMINGHAM AND SOLIHULL INTEGRATED CARE BOARD,Independent sector / other,411,396,411,0,96.4
2025-10-01,RRE,MIDLANDS PARTNERSHIP UNIVERSITY NHS FOUNDATION TRUST,NHS STAFFORDSHIRE AND STOKE-ON-TRENT INTEGRATED CARE BOARD,NHS trust,7814,7525,7814,1,96.3
2025-10-01,RD8,MILTON KEYNES UNIVERSITY HOSPITAL NHS FOUNDATION TRUST,"NHS BEDFORDSHIRE, LUTON AND MILTON KEYNES INTEGRATED CARE BOARD",NHS trust,35161,18258,35161,1750,51.9
2025-10-01,RP6,MOORFIELDS EYE HOSPITAL NHS FOUNDATION TRUST,NHS NORTH CENTRAL LONDON INTEGRATED CARE BOARD,NHS trust,34954,28646,34954,16,82.0
2025-10-01,NT455,MOUNT ALVERNIA HOSPITAL,NHS SURREY HEARTLANDS INTEGRATED CARE BOARD,Independent sector / other,272,225,272,0,82.7
2025-10-01,NVC08,MOUNT STUART HOSPITAL,NHS DEVON INTEGRATED CARE BOARD,Independent sector / other,2019,1300,2019,34,64.4
2025-10-01,NVC09,NEW HALL HOSPITAL,"NHS BATH AND NORTH EAST SOMERSET, SWINDON AND WILTSHIRE INTEGRATED CARE BOARD",Independent sector / other,3320,2270,3320,20,68.4
2025-10-01,R7W2O,NEWCASTLE NEWMEDICA LTD,NHS NORTH EAST AND NORTH CUMBRIA INTEGRATED CARE BOARD,Independent sector / other,828,823,828,0,99.4
2025-10-01,N8R1N,NEWMEDICA - BERKSHIRE,NHS FRIMLEY INTEGRATED CARE BOARD,Independent sector / other,1173,957,1173,6,81.6
2025-10-01,C5Y9L,NEWMEDICA - BERKSHIRE - BRACKNELL,NHS FRIMLEY INTEGRATED CARE BOARD,Independent sector / other,79,66,79,0,83.5
2025-10-01,S1Z4X,NEWMEDICA - BIRMINGHAM,NHS BIRMINGHAM AND SOLIHULL INTEGRATED CARE BOARD,Independent sector / other,800,706,800,2,88.3
2025-10-01,C9A7J,NEWMEDICA - BRADFORD & HUDDERSFIELD,NHS WEST YORKSHIRE INTEGRATED CARE BOARD,Independent sector / other,400,367,400,0,91.8
2025-10-01,ACG22,NEWMEDICA - BRIGG - RIVERSIDE SURGERY,NHS HUMBER AND NORTH YORKSHIRE INTEGRATED CARE BOARD,Independent sector / other,942,739,942,0,78.5
2025-10-01,ACG20,NEWMEDICA - BRISTOL - LITFIELD HOUSE,"NHS BRISTOL, NORTH SOMERSET AND SOUTH GLOUCESTERSHIRE INTEGRATED CARE BOARD",Independent sector / other,335,310,335,0,92.5
2025-10-01,H2K1G,NEWMEDICA - BROMSGROVE,NHS HEREFORDSHIRE AND WORCESTERSHIRE INTEGRATED CARE BOARD,Independent sector / other,360,348,360,0,96.7
2025-10-01,F1Y1H,NEWMEDICA - CHESHIRE OAKS,NHS CHESHIRE AND MERSEYSIDE INTEGRATED CARE BOARD,Independent sector / other,390,363,390,0,93.1
2025-10-01,F0R0W,NEWMEDICA - DARLINGTON,NHS NORTH EAST AND NORTH CUMBRIA INTEGRATED CARE BOARD,Independent sector / other,44,44,44,0,100.0
2025-10-01,ACG36,NEWMEDICA - EXETER - GLEN HOUSE,NHS DEVON INTEGRATED CARE BOARD,Independent sector / other,343,335,343,0,97.7
2025-10-01,ACG13,NEWMEDICA - GLOUCESTER (ASPEN MEDICAL CENTRE),NHS GLOUCESTERSHIRE INTEGRATED CARE BOARD,Independent sector / other,382,332,382,1,86.9
2025-10-01,L0D9W,NEWMEDICA - GLOUCESTER (BRIGHOUSE COURT),NHS GLOUCESTERSHIRE INTEGRATED CARE BOARD,Independent sector / other,1049,979,1049,2,93.3
2025-10-01,L4R3R,NEWMEDICA - HAMPSHIRE,NHS HAMPSHIRE AND ISLE OF WIGHT INTEGRATED CARE BOARD,Independent sector / other,1926,1488,1926,3,77.3
2025-10-01,Z1E5F,NEWMEDICA - HARROGATE,NHS HUMBER AND NORTH YORKSHIRE INTEGRATED CARE BOARD,Independent sector / other,229,216,229,0,94.3
2025-10-01,F7F6D,NEWMEDICA - HERTFORSHIRE - WELWYN GARDEN CITY,NHS HERTFORDSHIRE AND WEST ESSEX INTEGRATED CARE BOARD,Independent sector / other,649,565,649,0,87.1
2025-10-01,ACG37,NEWMEDICA - IPSWICH,NHS SUFFOLK AND NORTH EAST ESSEX INTEGRATED CARE BOARD,Independent sector / other,896,880,896,0,98.2
2025-10-01,ACG38,NEWMEDICA - LANGFORD,"NHS BRISTOL, NORTH SOMERSET AND SOUTH GLOUCESTERSHIRE INTEGRATED CARE BOARD",Independent sector / other,373,314,373,0,84.2
2025-10-01,N6Z0R,NEWMEDICA - LINCOLN,NHS LINCOLNSHIRE INTEGRATED CARE BOARD,Independent sector / other,55,48,55,0,87.3
2025-10-01,Z2L9B,NEWMEDICA - MANCHESTER WEST,NHS GREATER MANCHESTER INTEGRATED CARE BOARD,Independent sector / other,399,293,399,2,73.4
2025-10-01,ACG26,NEWMEDICA - NORTH DERBYSHIRE - MIDLAND COURT,NHS DERBY AND DERBYSHIRE INTEGRATED CARE BOARD,Independent sector / other,1013,949,1013,0,93.7
2025-10-01,M4C5R,NEWMEDICA - NORTHAMPTON,NHS NORTHAMPTONSHIRE INTEGRATED CARE BOARD,Independent sector / other,988,946,988,0,95.7
2025-10-01,B5M7B,NEWMEDICA - NORWICH,NHS NORFOLK AND WAVENEY INTEGRATED CARE BOARD,Independent sector / other,1577,1514,1577,0,96.0
2025-10-01,B1A5K,NEWMEDICA - NOTTINGHAM,NHS NOTTINGHAM AND NOTTINGHAMSHIRE INTEGRATED CARE BOARD,Independent sector / other,744,667,744,0,89.7
2025-10-01,M6L9D,NEWMEDICA - NOTTINGHAM - KEYWORTH,NHS NOTTINGHAM AND NOTTINGHAMSHIRE INTEGRATED CARE BOARD,Independent sector / other,24,24,24,0,100.0
2025-10-01,J3J8Z,NEWMEDICA - OXFORDSHIRE,"NHS BUCKINGHAMSHIRE, OXFORDSHIRE AND BERKSHIRE WEST INTEGRATED CARE BOARD",Independent sector / other,544,528,544,0,97.1
2025-10-01,P5Y6K,NEWMEDICA - SHREWSBURY,"NHS SHROPSHIRE, TELFORD AND WREKIN INTEGRATED CARE BOARD",Independent sector / other,451,450,451,0,99.8
2025-10-01,ACG39,NEWMEDICA - SWINDON,"NHS BATH AND NORTH EAST SOMERSET, SWINDON AND WILTSHIRE INTEGRATED CARE BOARD",Independent sector / other,34,19,34,0,55.9
2025-10-01,D0V5X,NEWMEDICA - SWINDON MURDOCK ROAD,"NHS BATH AND NORTH EAST SOMERSET, SWINDON AND WILTSHIRE INTEGRATED CARE BOARD",Independent sector / other,110,105,110,0,95.5
2025-10-01,ACG24,NEWMEDICA - TEESSIDE - NORTH ORMESBY,NHS NORTH EAST AND NORTH CUMBRIA INTEGRATED CARE BOARD,Independent sector / other,1060,1041,1060,0,98.2
2025-10-01,ACG40,NEWMEDICA - WAKEFIELD,NHS WEST YORKSHIRE INTEGRATED CARE BOARD,Independent sector / other,607,539,607,0,88.8
2025-10-01,ACG31,NEWMEDICA - WORCESTER,NHS HEREFORDSHIRE AND WORCESTERSHIRE INTEGRATED CARE BOARD,Independent sector / other,752,720,752,0,95.7
2025-10-01,ACG30,NEWMEDICA - WORKSOP - DUKERIES,NHS NOTTINGHAM AND NOTTINGHAMSHIRE INTEGRATED CARE BOARD,Independent sector / other,137,126,137,0,92.0
2025-10-01,H4J9P,NEWMEDICA AZTEC WEST,"NHS BRISTOL, NORTH SOMERSET AND SOUTH GLOUCESTERSHIRE INTEGRATED CARE BOARD",Independent sector / other,777,613,777,0,78.9
2025-10-01,ACG19,NEWMEDICA COMMUNITY OPHTHALMOLOGY - LEEDS,NHS WEST YORKSHIRE INTEGRATED CARE BOARD,Independent sector / other,727,684,727,0,94.1
2025-10-01,ACG12,NEWMEDICA COMMUNITY OPHTHALMOLOGY - NORTH EAST LINCOLNSHIRE - GRIMSBY,NHS HUMBER AND NORTH YORKSHIRE INTEGRATED CARE BOARD,Independent sector / other,1222,995,1222,0,81.4
2025-10-01,A4Q9X,NEWMEDICA LEICESTER,"NHS LEICESTER, LEICESTERSHIRE AND RUTLAND INTEGRATED CARE BOARD",Independent sector / other,583,581,583,0,99.7
2025-10-01,ACG08,NEWMEDICA OPHTHALMOLOGY - NUNEATON - CAMP HILL - GP LED HEALTH CENTRE,NHS COVENTRY AND WARWICKSHIRE INTEGRATED CARE BOARD,Independent sector / other,19,19,19,0,100.0
2025-10-01,G4H0I,NEWMEDICA SUFFOLK - BURY ST EDMUNDS - CLARITY HOUSE,NHS SUFFOLK AND NORTH EAST ESSEX INTEGRATED CARE BOARD,Independent sector / other,635,629,635,0,99.1
2025-10-01,RM1,NORFOLK AND NORWICH UNIVERSITY HOSPITALS NHS FOUNDATION TRUST,NHS NORFOLK AND WAVENEY INTEGRATED CARE BOARD,NHS trust,82713,42337,82713,4121,51.2
2025-10-01,RVJ,NORTH BRISTOL NHS TRUST,"NHS BRISTOL, NORTH SOMERSET AND SOUTH GLOUCESTERSHIRE INTEGRATED CARE BOARD",NHS trust,43857,29305,43857,140,66.8
2025-10-01,RNN,NORTH CUMBRIA INTEGRATED CARE NHS FOUNDATION TRUST,NHS NORTH EAST AND NORTH CUMBRIA INTEGRATED CARE BOARD,NHS trust,39644,22126,39644,1503,55.8
2025-10-01,NVC11,NORTH DOWNS HOSPITAL,NHS SURREY HEARTLANDS INTEGRATED CARE BOARD,Independent sector / other,1580,1048,1580,28,66.3
2025-10-01,RVW,NORTH TEES AND HARTLEPOOL NHS FOUNDATION TRUST,NHS NORTH EAST AND NORTH CUMBRIA INTEGRATED CARE BOARD,NHS trust,22293,16454,22293,191,73.8
2025-10-01,RGN,NORTH WEST ANGLIA NHS FOUNDATION TRUST,NHS CAMBRIDGESHIRE AND PETERBOROUGH INTEGRATED CARE BOARD,NHS trust,78403,44800,78403,1130,57.1
2025-10-01,RNS,NORTHAMPTON GENERAL HOSPITAL NHS TRUST,NHS NORTHAMPTONSHIRE INTEGRATED CARE BOARD,NHS trust,43952,27018,43952,702,61.5
2025-10-01,RM3,NORTHERN CARE ALLIANCE NHS FOUNDATION TRUST,NHS GREATER MANCHESTER INTEGRATED CARE BOARD,NHS trust,141151,76467,141151,4572,54.2
2025-10-01,RJL,NORTHERN LINCOLNSHIRE AND GOOLE NHS FOUNDATION TRUST,NHS HUMBER AND NORTH YORKSHIRE INTEGRATED CARE BOARD,NHS trust,40157,23987,40157,994,59.7
2025-10-01,RTF,NORTHUMBRIA HEALTHCARE NHS FOUNDATION TRUST,NHS NORTH EAST AND NORTH CUMBRIA INTEGRATED CARE BOARD,NHS trust,35048,28988,35048,2,82.7
2025-10-01,DFQ,NORWICH & NORFOLK SURGICAL LTD (N2S),NHS NORFOLK AND WAVENEY INTEGRATED CARE BOARD,Independent sector / other,1026,916,1026,0,89.3
2025-10-01,RX1,NOTTINGHAM UNIVERSITY HOSPITALS NHS TRUST,NHS NOTTINGHAM AND NOTTINGHAMSHIRE INTEGRATED CARE BOARD,NHS trust,88148,52756,88148,2351,59.8
2025-10-01,NQH,NOVUS HEALTH LTD,NHS WEST YORKSHIRE INTEGRATED CARE BOARD,Independent sector / other,1321,1307,1321,0,98.9
2025-10-01,G3Q3Z,NUFFIELD HEALTH HIGHGATE HOSPITAL,NHS NORTH CENTRAL LONDON INTEGRATED CARE BOARD,Independent sector / other,788,627,788,5,79.6
2025-10-01,R0F4N,NUFFIELD HEALTH PARKSIDE HOSPITAL,NHS SOUTH WEST LONDON INTEGRATED CARE BOARD,Independent sector / other,903,483,903,245,53.5
2025-10-01,H4I8B,NUFFIELD HEALTH THE HOLLY HOSPITAL,NHS HERTFORDSHIRE AND WEST ESSEX INTEGRATED CARE BOARD,Independent sector / other,2835,2373,2835,18,83.7
2025-10-01,NT202,"NUFFIELD HEALTH, BOURNEMOUTH HOSPITAL",NHS DORSET INTEGRATED CARE BOARD,Independent sector / other,266,201,266,3,75.6
2025-10-01,NT204,"NUFFIELD HEALTH, BRENTWOOD HOSPITAL",NHS MID AND SOUTH ESSEX INTEGRATED CARE BOARD,Independent sector / other,2134,1163,2134,358,54.5
2025-10-01,NT205,"NUFFIELD HEALTH, BRIGHTON HOSPITAL",NHS SUSSEX INTEGRATED CARE BOARD,Independent sector / other,808,365,808,74,45.2
2025-10-01,NT206,"NUFFIELD HEALTH, BRISTOL HOSPITAL (CHESTERFIELD)","NHS BRISTOL, NORTH SOMERSET AND SOUTH GLOUCESTERSHIRE INTEGRATED CARE BOARD",Independent sector / other,625,453,625,0,72.5
2025-10-01,NT209,"NUFFIELD HEALTH, CAMBRIDGE HOSPITAL",NHS CAMBRIDGESHIRE AND PETERBOROUGH INTEGRATED CARE BOARD,Independent sector / other,309,213,309,2,68.9
2025-10-01,NT211,"NUFFIELD HEALTH, CHELTENHAM HOSPITAL",NHS GLOUCESTERSHIRE INTEGRATED CARE BOARD,Independent sector / other,117,16,117,7,13.7
2025-10-01,NT212,"NUFFIELD HEALTH, CHICHESTER HOSPITAL",NHS SUSSEX INTEGRATED CARE BOARD,Independent sector / other,862,576,862,69,66.8
2025-10-01,NT213,"NUFFIELD HEALTH, DERBY HOSPITAL",NHS DERBY AND DERBYSHIRE INTEGRATED CARE BOARD,Independent sector / other,1063,606,1063,32,57.0
2025-10-01,NT215,"NUFFIELD HEALTH, EXETER HOSPITAL",NHS DEVON INTEGRATED CARE BOARD,Independent sector / other,434,122,434,107,28.1
2025-10-01,NT216,"NUFFIELD HEALTH, GUILDFORD HOSPITAL",NHS SURREY HEARTLANDS INTEGRATED CARE BOARD,Independent sector / other,323,166,323,44,51.4
2025-10-01,NT218,"NUFFIELD HEALTH, HAYWARDS HEATH HOSPITAL",NHS SUSSEX INTEGRATED CARE BOARD,Independent sector / other,444,288,444,7,64.9
2025-10-01,NT219,"NUFFIELD HEALTH, HEREFORD HOSPITAL",NHS HEREFORDSHIRE AND WORCESTERSHIRE INTEGRATED CARE BOARD,Independent sector / other,345,306,345,0,88.7
2025-10-01,NT225,"NUFFIELD HEALTH, LEEDS HOSPITAL",NHS WEST YORKSHIRE INTEGRATED CARE BOARD,Independent sector / other,1343,825,1343,200,61.4
2025-10-01,NT226,"NUFFIELD HEALTH, LEICESTER HOSPITAL","NHS LEICESTER, LEICESTERSHIRE AND RUTLAND INTEGRATED CARE BOARD",Independent sector / other,388,325,388,12,83.8
2025-10-01,NT229,"NUFFIELD HEALTH, NEWCASTLE UPON TYNE HOSPITAL",NHS NORTH EAST AND NORTH CUMBRIA INTEGRATED CARE BOARD,Independent sector / other,533,281,533,8,52.7
2025-10-01,NT230,"NUFFIELD HEALTH, NORTH STAFFORDSHIRE HOSPITAL",NHS STAFFORDSHIRE AND STOKE-ON-TRENT INTEGRATED CARE BOARD,Independent sector / other,1136,846,1136,1,74.5
2025-10-01,NT233,"NUFFIELD HEALTH, PLYMOUTH HOSPITAL",NHS DEVON INTEGRATED CARE BOARD,Independent sector / other,997,643,997,14,64.5
2025-10-01,NT235,"NUFFIELD HEALTH, SHREWSBURY HOSPITAL","NHS SHROPSHIRE, TELFORD AND WREKIN INTEGRATED CARE BOARD",Independent sector / other,364,332,364,0,91.2
2025-10-01,NT238,"NUFFIELD HEALTH, TAUNTON HOSPITAL",NHS SOMERSET INTEGRATED CARE BOARD,Independent sector / other,306,199,306,5,65.0
2025-10-01,NT237,"NUFFIELD HEALTH, TEES HOSPITAL",NHS NORTH EAST AND NORTH CUMBRIA INTEGRATED CARE BOARD,Independent sector / other,1267,901,1267,2,71.1
2025-10-01,NT210,"NUFFIELD HEALTH, THE GROSVENOR HOSPITAL, CHESTER",NHS CHESHIRE AND MERSEYSIDE INTEGRATED CARE BOARD,Independent sector / other,469,321,469,0,68.4
2025-10-01,NT239,"NUFFIELD HEALTH, TUNBRIDGE WELLS HOSPITAL",NHS KENT AND MEDWAY INTEGRATED CARE BOARD,Independent sector / other,83,57,83,1,68.7
2025-10-01,NT224,"NUFFIELD HEALTH, WARWICKSHIRE HOSPITAL",NHS COVENTRY AND WARWICKSHIRE INTEGRATED CARE BOARD,Independent sector / other,430,315,430,5,73.3
2025-10-01,NT214,"NUFFIELD HEALTH, WESSEX HOSPITAL",NHS HAMPSHIRE AND ISLE OF WIGHT INTEGRATED CARE BOARD,Independent sector / other,588,400,588,0,68.0
2025-10-01,NT241,"NUFFIELD HEALTH, WOKING HOSPITAL",NHS SURREY HEARTLANDS INTEGRATED CARE BOARD,Independent sector / other,514,341,514,61,66.3
2025-10-01,NT242,"NUFFIELD HEALTH, WOLVERHAMPTON HOSPITAL",NHS BLACK COUNTRY INTEGRATED CARE BOARD,Independent sector / other,545,457,545,3,83.9
2025-10-01,NT245,"NUFFIELD HEALTH, YORK HOSPITAL",NHS HUMBER AND NORTH YORKSHIRE INTEGRATED CARE BOARD,Independent sector / other,1072,893,1072,2,83.3
2025-10-01,NT244,NUFFIELD HOSPITAL OXFORD (THE MANOR),"NHS BUCKINGHAMSHIRE, OXFORDSHIRE AND BERKSHIRE WEST INTEGRATED CARE BOARD",Independent sector / other,127,95,127,0,74.8
2025-10-01,NVC12,OAKLANDS HOSPITAL,NHS GREATER MANCHESTER INTEGRATED CARE BOARD,Independent sector / other,4087,3182,4087,0,77.9
2025-10-01,NVC13,OAKS HOSPITAL,NHS SUFFOLK AND NORTH EAST ESSEX INTEGRATED CARE BOARD,Independent sector / other,809,532,809,10,65.8
2025-10-01,DXV,OMNES HEALTHCARE LTD,NHS GREATER MANCHESTER INTEGRATED CARE BOARD,Independent sector / other,12060,9164,12060,65,76.0
2025-10-01,AVQ03,ONE HATFIELD HOSPITAL,NHS HERTFORDSHIRE AND WEST ESSEX INTEGRATED CARE BOARD,Independent sector / other,990,362,990,443,36.6
2025-10-01,AWR,ONE STOP DOCTORS LIMITED,NHS HERTFORDSHIRE AND WEST ESSEX INTEGRATED CARE BOARD,Independent sector / other,159,159,159,0,100.0
2025-10-01,NNH,OPTEGRA UK,NHS SURREY HEARTLANDS INTEGRATED CARE BOARD,Independent sector / other,7191,7188,7191,0,100.0
2025-10-01,NQM01,ORTHOPAEDICS & SPINE SPECIALIST HOSPITAL SITE,NHS CAMBRIDGESHIRE AND PETERBOROUGH INTEGRATED CARE BOARD,Independent sector / other,145,116,145,0,80.0
2025-10-01,Q2Y5H,OVIVA UK LTD,NHS SOUTH EAST LONDON INTEGRATED CARE BOARD,Independent sector / other,15553,11980,15553,6,77.0
2025-10-01,RTH,OXFORD UNIVERSITY HOSPITALS NHS FOUNDATION TRUST,"NHS BUCKINGHAMSHIRE, OXFORDSHIRE AND BERKSHIRE WEST INTEGRATED CARE BOARD",NHS trust,84405,50623,84405,2335,60.0
2025-10-01,RPG,OXLEAS NHS FOUNDATION TRUST,NHS SOUTH EAST LONDON INTEGRATED CARE BOARD,NHS trust,1238,772,1238,72,62.4
2025-10-01,NVC14,PARK HILL HOSPITAL,NHS SOUTH YORKSHIRE INTEGRATED CARE BOARD,Independent sector / other,715,578,715,1,80.8
2025-10-01,NT427,PARK HOSPITAL,NHS NOTTINGHAM AND NOTTINGHAMSHIRE INTEGRATED CARE BOARD,Independent sector / other,1701,1386,1701,45,81.5
2025-10-01,V3J9W,PASTEL HEALTH,NHS NORTH EAST LONDON INTEGRATED CARE BOARD,Independent sector / other,16,16,16,0,100.0
2025-10-01,NEQ,PHOENIX HEALTH SOLUTIONS LIMITED HQ,NHS WEST YORKSHIRE INTEGRATED CARE BOARD,Independent sector / other,509,491,509,0,96.5
2025-10-01,DTT,PHOENIX PUBLIC HEALTH LTD,NHS CHESHIRE AND MERSEYSIDE INTEGRATED CARE BOARD,Independent sector / other,222,140,222,17,63.1
2025-10-01,NVC15,PINEHILL HOSPITAL,NHS HERTFORDSHIRE AND WEST ESSEX INTEGRATED CARE BOARD,Independent sector / other,1465,1144,1465,3,78.1
2025-10-01,NEY,PIONEER HEALTHCARE LIMITED,NHS SOUTH YORKSHIRE INTEGRATED CARE BOARD,Independent sector / other,1416,335,1416,257,23.7
2025-10-01,D3O0Z,PLYMOUTH NEWMEDICA LTD,NHS DEVON INTEGRATED CARE BOARD,Independent sector / other,383,359,383,1,93.7
2025-10-01,RHU,PORTSMOUTH HOSPITALS UNIVERSITY NHS TRUST,NHS HAMPSHIRE AND ISLE OF WIGHT INTEGRATED CARE BOARD,NHS trust,59328,34333,59328,2698,57.9
2025-10-01,NTP13,PRACTICE PLUS GROUP HOSPITAL - BARLBOROUGH,NHS DERBY AND DERBYSHIRE INTEGRATED CARE BOARD,Independent sector / other,2062,1513,2062,3,73.4
2025-10-01,NTPH2,PRACTICE PLUS GROUP HOSPITAL - EMERSONS GREEN,"NHS BRISTOL, NORTH SOMERSET AND SOUTH GLOUCESTERSHIRE INTEGRATED CARE BOARD",Independent sector / other,4220,3317,4220,0,78.6
2025-10-01,NTP15,PRACTICE PLUS GROUP HOSPITAL - ILFORD,NHS NORTH EAST LONDON INTEGRATED CARE BOARD,Independent sector / other,5810,4098,5810,2,70.5
2025-10-01,NTPH5,PRACTICE PLUS GROUP HOSPITAL - PLYMOUTH,NHS DEVON INTEGRATED CARE BOARD,Independent sector / other,1900,1457,1900,7,76.7
2025-10-01,NTPH1,PRACTICE PLUS GROUP HOSPITAL - SHEPTON MALLET,NHS SOMERSET INTEGRATED CARE BOARD,Independent sector / other,2992,2260,2992,9,75.5
2025-10-01,NTP11,PRACTICE PLUS GROUP HOSPITAL - SOUTHAMPTON,NHS HAMPSHIRE AND ISLE OF WIGHT INTEGRATED CARE BOARD,Independent sector / other,8323,5240,8323,22,63.0
2025-10-01,M2Y6D,PRACTICE PLUS GROUP HOSPITAL BIRMINGHAM,NHS BIRMINGHAM AND SOLIHULL INTEGRATED CARE BOARD,Independent sector / other,787,687,787,0,87.3
2025-10-01,NTPAE,PRACTICE PLUS GROUP OPHTHALMOLOGY - NORTH WEST,NHS GREATER MANCHESTER INTEGRATED CARE BOARD,Independent sector / other,1822,1734,1822,0,95.2
2025-10-01,NTPH3,PRACTICE PLUS GROUP SURGICAL CENTRE - DEVIZES,"NHS BATH AND NORTH EAST SOMERSET, SWINDON AND WILTSHIRE INTEGRATED CARE BOARD",Independent sector / other,2510,1893,2510,2,75.4
2025-10-01,NTP16,PRACTICE PLUS GROUP SURGICAL CENTRE - GILLINGHAM,NHS KENT AND MEDWAY INTEGRATED CARE BOARD,Independent sector / other,1019,929,1019,0,91.2
2025-10-01,NTPAD,PRACTICE PLUS GROUP SURGICAL CENTRE - ST MARYS PORTSMOUTH,NHS HAMPSHIRE AND ISLE OF WIGHT INTEGRATED CARE BOARD,Independent sector / other,2350,2187,2350,0,93.1
2025-10-01,NT428,PRINCESS MARGARET HOSPITAL,NHS FRIMLEY INTEGRATED CARE BOARD,Independent sector / other,80,75,80,0,93.8
2025-10-01,NT429,PRIORY HOSPITAL,NHS BIRMINGHAM AND SOLIHULL INTEGRATED CARE BOARD,Independent sector / other,438,381,438,0,87.0
2025-10-01,NAM01,PROBUS SURGICAL CENTRE,NHS CORNWALL AND THE ISLES OF SCILLY INTEGRATED CARE BOARD,Independent sector / other,1280,1140,1280,2,89.1
2025-10-01,NQX,PROVIDE ENTERPRISES,NHS SUFFOLK AND NORTH EAST ESSEX INTEGRATED CARE BOARD,Independent sector / other,103,103,103,0,100.0
2025-10-01,RPC,QUEEN VICTORIA HOSPITAL NHS FOUNDATION TRUST,NHS SUSSEX INTEGRATED CARE BOARD,NHS trust,19811,12428,19811,329,62.7
2025-10-01,GEC01,RAPID INVESTIGATION SERVICE,NHS HAMPSHIRE AND ISLE OF WIGHT INTEGRATED CARE BOARD,Independent sector / other,126,126,126,0,100.0
2025-10-01,NVC16,RENACRES HOSPITAL,NHS LANCASHIRE AND SOUTH CUMBRIA INTEGRATED CARE BOARD,Independent sector / other,4971,3622,4971,9,72.9
2025-10-01,NT430,RIDGEWAY HOSPITAL,"NHS BATH AND NORTH EAST SOMERSET, SWINDON AND WILTSHIRE INTEGRATED CARE BOARD",Independent sector / other,321,277,321,0,86.3
2025-10-01,NVC19,RIVERS HOSPITAL,NHS HERTFORDSHIRE AND WEST ESSEX INTEGRATED CARE BOARD,Independent sector / other,4256,2971,4256,40,69.8
2025-10-01,NVC17,ROWLEY HALL HOSPITAL,NHS STAFFORDSHIRE AND STOKE-ON-TRENT INTEGRATED CARE BOARD,Independent sector / other,2400,1682,2400,1,70.1
2025-10-01,RHW,ROYAL BERKSHIRE NHS FOUNDATION TRUST,"NHS BUCKINGHAMSHIRE, OXFORDSHIRE AND BERKSHIRE WEST INTEGRATED CARE BOARD",NHS trust,35561,28933,35561,33,81.4
2025-10-01,REF,ROYAL CORNWALL HOSPITALS NHS TRUST,NHS CORNWALL AND THE ISLES OF SCILLY INTEGRATED CARE BOARD,NHS trust,40754,29513,40754,312,72.4
2025-10-01,RH8,ROYAL DEVON UNIVERSITY HEALTHCARE NHS FOUNDATION TRUST,NHS DEVON INTEGRATED CARE BOARD,NHS trust,73772,44384,73772,2122,60.2
2025-10-01,RAL,ROYAL FREE LONDON NHS FOUNDATION TRUST,NHS NORTH CENTRAL LONDON INTEGRATED CARE BOARD,NHS trust,137180,80954,137180,2635,59.0
2025-10-01,RAN,ROYAL NATIONAL ORTHOPAEDIC HOSPITAL NHS TRUST,NHS NORTH WEST LONDON INTEGRATED CARE BOARD,NHS trust,9113,6669,9113,41,73.2
2025-10-01,RGM,ROYAL PAPWORTH HOSPITAL NHS FOUNDATION TRUST,NHS CAMBRIDGESHIRE AND PETERBOROUGH INTEGRATED CARE BOARD,NHS trust,5893,4348,5893,33,73.8
2025-10-01,RA2,ROYAL SURREY NHS FOUNDATION TRUST,NHS SURREY HEARTLANDS INTEGRATED CARE BOARD,NHS trust,29619,17647,29619,680,59.6
2025-10-01,RD1,ROYAL UNITED HOSPITALS BATH NHS FOUNDATION TRUST,"NHS BATH AND NORTH EAST SOMERSET, SWINDON AND WILTSHIRE INTEGRATED CARE BOARD",NHS trust,38875,23612,38875,644,60.7
2025-10-01,NT431,RUNNYMEDE HOSPITAL,NHS SURREY HEARTLANDS INTEGRATED CARE BOARD,Independent sector / other,139,108,139,4,77.7
2025-10-01,RNZ,SALISBURY NHS FOUNDATION TRUST,"NHS BATH AND NORTH EAST SOMERSET, SWINDON AND WILTSHIRE INTEGRATED CARE BOARD",NHS trust,29135,19741,29135,161,67.8
2025-10-01,RXK,SANDWELL AND WEST BIRMINGHAM HOSPITALS NHS TRUST,NHS BLACK COUNTRY INTEGRATED CARE BOARD,NHS trust,64755,37348,64755,812,57.7
2025-10-01,NT433,SARUM ROAD HOSPITAL,NHS HAMPSHIRE AND ISLE OF WIGHT INTEGRATED CARE BOARD,Independent sector / other,399,262,399,1,65.7
2025-10-01,NT434,SAXON CLINIC,"NHS BEDFORDSHIRE, LUTON AND MILTON KEYNES INTEGRATED CARE BOARD",Independent sector / other,653,399,653,8,61.1
2025-10-01,RCU,SHEFFIELD CHILDREN'S NHS FOUNDATION TRUST,NHS SOUTH YORKSHIRE INTEGRATED CARE BOARD,NHS trust,11561,7523,11561,259,65.1
2025-10-01,NT435,SHELBURNE HOSPITAL,"NHS BUCKINGHAMSHIRE, OXFORDSHIRE AND BERKSHIRE WEST INTEGRATED CARE BOARD",Independent sector / other,168,133,168,0,79.2
2025-10-01,RK5,SHERWOOD FOREST HOSPITALS NHS FOUNDATION TRUST,NHS NOTTINGHAM AND NOTTINGHAMSHIRE INTEGRATED CARE BOARD,NHS trust,36257,21911,36257,315,60.4
2025-10-01,NT436,SHIRLEY OAKS HOSPITAL,NHS SOUTH WEST LONDON INTEGRATED CARE BOARD,Independent sector / other,872,709,872,2,81.3
2025-10-01,R1D,SHROPSHIRE COMMUNITY HEALTH NHS TRUST,"NHS SHROPSHIRE, TELFORD AND WREKIN INTEGRATED CARE BOARD",NHS trust,7936,6569,7936,19,82.8
2025-10-01,NLX,SIRONA CARE & HEALTH,"NHS BRISTOL, NORTH SOMERSET AND SOUTH GLOUCESTERSHIRE INTEGRATED CARE BOARD",Independent sector / other,7168,5054,7168,0,70.5
2025-10-01,NT437,SLOANE HOSPITAL,NHS SOUTH EAST LONDON INTEGRATED CARE BOARD,Independent sector / other,821,662,821,21,80.6
2025-10-01,RH5,SOMERSET NHS FOUNDATION TRUST,NHS SOMERSET INTEGRATED CARE BOARD,NHS trust,58068,36283,58068,1575,62.5
2025-10-01,NFH,SOMERSET SURGICAL SERVICES HQ,"NHS BRISTOL, NORTH SOMERSET AND SOUTH GLOUCESTERSHIRE INTEGRATED CARE BOARD",Independent sector / other,1100,1015,1100,2,92.3
2025-10-01,RTR,SOUTH TEES HOSPITALS NHS FOUNDATION TRUST,NHS NORTH EAST AND NORTH CUMBRIA INTEGRATED CARE BOARD,NHS trust,56693,35215,56693,1366,62.1
2025-10-01,R0B,SOUTH TYNESIDE AND SUNDERLAND NHS FOUNDATION TRUST,NHS NORTH EAST AND NORTH CUMBRIA INTEGRATED CARE BOARD,NHS trust,58700,44598,58700,18,76.0
2025-10-01,RJC,SOUTH WARWICKSHIRE UNIVERSITY NHS FOUNDATION TRUST,NHS COVENTRY AND WARWICKSHIRE INTEGRATED CARE BOARD,NHS trust,32354,20911,32354,495,64.6
2025-10-01,RXG,SOUTH WEST YORKSHIRE PARTNERSHIP NHS FOUNDATION TRUST,NHS WEST YORKSHIRE INTEGRATED CARE BOARD,NHS trust,4780,4641,4780,0,97.1
2025-10-01,NT490,SOUTHEND PRIVATE HOSPITAL,NHS MID AND SOUTH ESSEX INTEGRATED CARE BOARD,Independent sector / other,1287,951,1287,0,73.9
2025-10-01,NPG19,SPAMEDICA BEDFORD,"NHS BEDFORDSHIRE, LUTON AND MILTON KEYNES INTEGRATED CARE BOARD",Independent sector / other,217,210,217,0,96.8
2025-10-01,D5P5H,SPAMEDICA BEXHILL,NHS SUSSEX INTEGRATED CARE BOARD,Independent sector / other,221,217,221,0,98.2
2025-10-01,NPG11,SPAMEDICA BIRMINGHAM,NHS BIRMINGHAM AND SOLIHULL INTEGRATED CARE BOARD,Independent sector / other,474,461,474,0,97.3
2025-10-01,C3Y0A,SPAMEDICA BLACKPOOL,NHS LANCASHIRE AND SOUTH CUMBRIA INTEGRATED CARE BOARD,Independent sector / other,125,123,125,0,98.4
2025-10-01,NPG08,SPAMEDICA BOLTON,NHS GREATER MANCHESTER INTEGRATED CARE BOARD,Independent sector / other,371,365,371,0,98.4
2025-10-01,I2C7H,SPAMEDICA BRADFORD,NHS WEST YORKSHIRE INTEGRATED CARE BOARD,Independent sector / other,242,234,242,0,96.7
2025-10-01,I9A4A,SPAMEDICA BRIGHTON,NHS SUSSEX INTEGRATED CARE BOARD,Independent sector / other,209,182,209,0,87.1
2025-10-01,P1B7M,SPAMEDICA BRISTOL,"NHS BRISTOL, NORTH SOMERSET AND SOUTH GLOUCESTERSHIRE INTEGRATED CARE BOARD",Independent sector / other,128,126,128,0,98.4
2025-10-01,Y8L9S,SPAMEDICA BROMLEY,NHS SOUTH EAST LONDON INTEGRATED CARE BOARD,Independent sector / other,310,290,310,0,93.5
2025-10-01,O6X7Z,SPAMEDICA CAMBRIDGE,NHS CAMBRIDGESHIRE AND PETERBOROUGH INTEGRATED CARE BOARD,Independent sector / other,206,203,206,0,98.5
2025-10-01,E1U4T,SPAMEDICA CARLISLE,NHS NORTH EAST AND NORTH CUMBRIA INTEGRATED CARE BOARD,Independent sector / other,357,353,357,0,98.9
2025-10-01,NPG16,SPAMEDICA CHELMSFORD,NHS MID AND SOUTH ESSEX INTEGRATED CARE BOARD,Independent sector / other,449,424,449,0,94.4
2025-10-01,V4U1Y,SPAMEDICA CHESTER,NHS CHESHIRE AND MERSEYSIDE INTEGRATED CARE BOARD,Independent sector / other,172,166,172,0,96.5
2025-10-01,T4I8V,SPAMEDICA CHESTERFIELD,NHS DERBY AND DERBYSHIRE INTEGRATED CARE BOARD,Independent sector / other,76,74,76,0,97.4
2025-10-01,J2H6H,SPAMEDICA COLCHESTER,NHS SUFFOLK AND NORTH EAST ESSEX INTEGRATED CARE BOARD,Independent sector / other,87,85,87,0,97.7
2025-10-01,NPG21,SPAMEDICA COVENTRY,NHS COVENTRY AND WARWICKSHIRE INTEGRATED CARE BOARD,Independent sector / other,333,317,333,0,95.2
2025-10-01,N1N0Y,SPAMEDICA CROYDON,NHS SOUTH WEST LONDON INTEGRATED CARE BOARD,Independent sector / other,93,91,93,0,97.8
2025-10-01,V8N5R,SPAMEDICA DALSTON,NHS NORTH EAST LONDON INTEGRATED CARE BOARD,Independent sector / other,230,215,230,0,93.5
2025-10-01,NPG23,SPAMEDICA DERBY,NHS DERBY AND DERBYSHIRE INTEGRATED CARE BOARD,Independent sector / other,208,197,208,0,94.7
2025-10-01,T8V3L,SPAMEDICA DONCASTER,NHS SOUTH YORKSHIRE INTEGRATED CARE BOARD,Independent sector / other,143,137,143,0,95.8
2025-10-01,H4Y7F,SPAMEDICA DORCHESTER,NHS DORSET INTEGRATED CARE BOARD,Independent sector / other,115,113,115,0,98.3
2025-10-01,M7C9Q,SPAMEDICA EPSOM,NHS SURREY HEARTLANDS INTEGRATED CARE BOARD,Independent sector / other,145,138,145,0,95.2
2025-10-01,M5E1S,SPAMEDICA EXETER,NHS DEVON INTEGRATED CARE BOARD,Independent sector / other,277,261,277,1,94.2
2025-10-01,NPG07,SPAMEDICA EYE HOSPITAL (WAKEFIELD),NHS WEST YORKSHIRE INTEGRATED CARE BOARD,Independent sector / other,374,367,374,0,98.1
2025-10-01,Z9Z1G,SPAMEDICA GATESHEAD,NHS NORTH EAST AND NORTH CUMBRIA INTEGRATED CARE BOARD,Independent sector / other,278,276,278,0,99.3
2025-10-01,A0C5S,SPAMEDICA GLOUCESTER,NHS GLOUCESTERSHIRE INTEGRATED CARE BOARD,Independent sector / other,62,59,62,0,95.2
2025-10-01,Z5J5V,SPAMEDICA HAYDOCK,NHS CHESHIRE AND MERSEYSIDE INTEGRATED CARE BOARD,Independent sector / other,150,144,150,0,96.0
2025-10-01,J0M7P,SPAMEDICA HEREFORD DIAGNOSTIC AND TREATMENT CENTRE,NHS HEREFORDSHIRE AND WORCESTERSHIRE INTEGRATED CARE BOARD,Independent sector / other,22,22,22,0,100.0
2025-10-01,NPG18,SPAMEDICA HULL,NHS HUMBER AND NORTH YORKSHIRE INTEGRATED CARE BOARD,Independent sector / other,333,332,333,0,99.7
2025-10-01,Q8X0X,SPAMEDICA ISLE OF WIGHT COMMUNITY DIAGNOSTIC & TREATMENT CENTRE,NHS HAMPSHIRE AND ISLE OF WIGHT INTEGRATED CARE BOARD,Independent sector / other,37,34,37,0,91.9
2025-10-01,R1G7E,SPAMEDICA KENDAL,NHS LANCASHIRE AND SOUTH CUMBRIA INTEGRATED CARE BOARD,Independent sector / other,256,253,256,0,98.8
2025-10-01,P0C3F,SPAMEDICA LEEDS,NHS WEST YORKSHIRE INTEGRATED CARE BOARD,Independent sector / other,187,185,187,0,98.9
2025-10-01,L9D3Z,SPAMEDICA LEICESTER,"NHS LEICESTER, LEICESTERSHIRE AND RUTLAND INTEGRATED CARE BOARD",Independent sector / other,136,130,136,0,95.6
2025-10-01,NPG06,SPAMEDICA LIVERPOOL,NHS CHESHIRE AND MERSEYSIDE INTEGRATED CARE BOARD,Independent sector / other,419,412,419,0,98.3
2025-10-01,K9J3O,SPAMEDICA LUTON,"NHS BEDFORDSHIRE, LUTON AND MILTON KEYNES INTEGRATED CARE BOARD",Independent sector / other,196,186,196,0,94.9
2025-10-01,NPG01,SPAMEDICA MANCHESTER,NHS GREATER MANCHESTER INTEGRATED CARE BOARD,Independent sector / other,216,205,216,0,94.9
2025-10-01,G3O5P,SPAMEDICA NEWARK,NHS NOTTINGHAM AND NOTTINGHAMSHIRE INTEGRATED CARE BOARD,Independent sector / other,314,288,314,0,91.7
2025-10-01,NPG15,SPAMEDICA NEWCASTLE-UNDER-LYME,NHS STAFFORDSHIRE AND STOKE-ON-TRENT INTEGRATED CARE BOARD,Independent sector / other,95,92,95,0,96.8
2025-10-01,G5X2Q,SPAMEDICA NORTH TYNESIDE,NHS NORTH EAST AND NORTH CUMBRIA INTEGRATED CARE BOARD,Independent sector / other,246,243,246,0,98.8
2025-10-01,M3R0W,SPAMEDICA NORWICH,NHS NORFOLK AND WAVENEY INTEGRATED CARE BOARD,Independent sector / other,177,167,177,0,94.4
2025-10-01,O1P6X,SPAMEDICA OLDHAM,NHS GREATER MANCHESTER INTEGRATED CARE BOARD,Independent sector / other,353,344,353,0,97.5
2025-10-01,O5Y9D,SPAMEDICA OXFORD,"NHS BUCKINGHAMSHIRE, OXFORDSHIRE AND BERKSHIRE WEST INTEGRATED CARE BOARD",Independent sector / other,212,208,212,0,98.1
2025-10-01,B9J4U,SPAMEDICA PETERBOROUGH,NHS CAMBRIDGESHIRE AND PETERBOROUGH INTEGRATED CARE BOARD,Independent sector / other,160,156,160,0,97.5
2025-10-01,L6O7H,SPAMEDICA POOLE,NHS DORSET INTEGRATED CARE BOARD,Independent sector / other,526,516,526,0,98.1
2025-10-01,A1U4J,SPAMEDICA PORTSMOUTH,NHS HAMPSHIRE AND ISLE OF WIGHT INTEGRATED CARE BOARD,Independent sector / other,107,98,107,0,91.6
2025-10-01,NPG17,SPAMEDICA PRESTON,NHS LANCASHIRE AND SOUTH CUMBRIA INTEGRATED CARE BOARD,Independent sector / other,208,204,208,0,98.1
2025-10-01,B4N1U,SPAMEDICA ROMFORD,NHS NORTH EAST LONDON INTEGRATED CARE BOARD,Independent sector / other,296,262,296,0,88.5
2025-10-01,I1H7K,SPAMEDICA SALE,NHS GREATER MANCHESTER INTEGRATED CARE BOARD,Independent sector / other,132,128,132,0,97.0
2025-10-01,NPG10,SPAMEDICA SHEFFIELD,NHS SOUTH YORKSHIRE INTEGRATED CARE BOARD,Independent sector / other,264,261,264,0,98.9
2025-10-01,M0N7E,SPAMEDICA SITTINGBOURNE,NHS KENT AND MEDWAY INTEGRATED CARE BOARD,Independent sector / other,106,103,106,0,97.2
2025-10-01,NPG13,SPAMEDICA SKELMERSDALE,NHS LANCASHIRE AND SOUTH CUMBRIA INTEGRATED CARE BOARD,Independent sector / other,98,96,98,0,98.0
2025-10-01,J7V1N,SPAMEDICA SOLIHULL,NHS BIRMINGHAM AND SOLIHULL INTEGRATED CARE BOARD,Independent sector / other,261,242,261,0,92.7
2025-10-01,B9M3W,SPAMEDICA SOUTHAMPTON,NHS HAMPSHIRE AND ISLE OF WIGHT INTEGRATED CARE BOARD,Independent sector / other,468,222,468,6,47.4
2025-10-01,NPG22,SPAMEDICA STOCKTON-ON-TEES,NHS NORTH EAST AND NORTH CUMBRIA INTEGRATED CARE BOARD,Independent sector / other,290,285,290,0,98.3
2025-10-01,H1T2P,SPAMEDICA SWINDON,"NHS BATH AND NORTH EAST SOMERSET, SWINDON AND WILTSHIRE INTEGRATED CARE BOARD",Independent sector / other,66,60,66,0,90.9
2025-10-01,G6S7A,SPAMEDICA TAUNTON,NHS SOMERSET INTEGRATED CARE BOARD,Independent sector / other,328,318,328,0,97.0
2025-10-01,V5F1D,SPAMEDICA TELFORD,"NHS SHROPSHIRE, TELFORD AND WREKIN INTEGRATED CARE BOARD",Independent sector / other,355,344,355,0,96.9
2025-10-01,E3D4A,SPAMEDICA TRURO,NHS CORNWALL AND THE ISLES OF SCILLY INTEGRATED CARE BOARD,Independent sector / other,160,156,160,0,97.5
2025-10-01,Q1W6P,SPAMEDICA WATFORD,NHS HERTFORDSHIRE AND WEST ESSEX INTEGRATED CARE BOARD,Independent sector / other,176,162,176,0,92.0
2025-10-01,A1D1B,SPAMEDICA WEMBLEY,NHS NORTH WEST LONDON INTEGRATED CARE BOARD,Independent sector / other,163,157,163,0,96.3
2025-10-01,NPG14,SPAMEDICA WIDNES,NHS CHESHIRE AND MERSEYSIDE INTEGRATED CARE BOARD,Independent sector / other,229,229,229,0,100.0
2025-10-01,NPG02,SPAMEDICA WIRRAL,NHS CHESHIRE AND MERSEYSIDE INTEGRATED CARE BOARD,Independent sector / other,201,199,201,0,99.0
2025-10-01,T8R5I,SPAMEDICA WOKINGHAM,"NHS BUCKINGHAMSHIRE, OXFORDSHIRE AND BERKSHIRE WEST INTEGRATED CARE BOARD",Independent sector / other,204,184,204,0,90.2
2025-10-01,NPG20,SPAMEDICA WOLVERHAMPTON,NHS BLACK COUNTRY INTEGRATED CARE BOARD,Independent sector / other,418,396,418,0,94.7
2025-10-01,J3X4C,SPAMEDICA WORCESTER,NHS HEREFORDSHIRE AND WORCESTERSHIRE INTEGRATED CARE BOARD,Independent sector / other,316,306,316,0,96.8
2025-10-01,NN8,SPENCER PRIVATE HOSPITALS LTD,NHS KENT AND MEDWAY INTEGRATED CARE BOARD,Independent sector / other,3405,2065,3405,47,60.6
2025-10-01,NT312,SPIRE ALEXANDRA HOSPITAL,NHS KENT AND MEDWAY INTEGRATED CARE BOARD,Independent sector / other,1095,865,1095,1,79.0
2025-10-01,NT302,SPIRE BRISTOL HOSPITAL,"NHS BRISTOL, NORTH SOMERSET AND SOUTH GLOUCESTERSHIRE INTEGRATED CARE BOARD",Independent sector / other,746,491,746,3,65.8
2025-10-01,NT315,SPIRE BUSHEY HOSPITAL,NHS HERTFORDSHIRE AND WEST ESSEX INTEGRATED CARE BOARD,Independent sector / other,1051,1029,1051,0,97.9
2025-10-01,NT317,SPIRE CAMBRIDGE LEA HOSPITAL,NHS CAMBRIDGESHIRE AND PETERBOROUGH INTEGRATED CARE BOARD,Independent sector / other,320,238,320,3,74.4
2025-10-01,NT324,SPIRE CHESHIRE HOSPITAL,NHS CHESHIRE AND MERSEYSIDE INTEGRATED CARE BOARD,Independent sector / other,1653,1386,1653,5,83.8
2025-10-01,NT345,SPIRE CLARE PARK HOSPITAL,NHS FRIMLEY INTEGRATED CARE BOARD,Independent sector / other,382,313,382,0,81.9
2025-10-01,NT344,SPIRE DUNEDIN HOSPITAL,"NHS BUCKINGHAMSHIRE, OXFORDSHIRE AND BERKSHIRE WEST INTEGRATED CARE BOARD",Independent sector / other,276,243,276,3,88.0
2025-10-01,NT348,SPIRE ELLAND HOSPITAL,NHS WEST YORKSHIRE INTEGRATED CARE BOARD,Independent sector / other,1610,1304,1610,6,81.0
2025-10-01,NT347,SPIRE FYLDE COAST HOSPITAL,NHS LANCASHIRE AND SOUTH CUMBRIA INTEGRATED CARE BOARD,Independent sector / other,4877,3826,4877,16,78.4
2025-10-01,NT308,SPIRE GATWICK PARK HOSPITAL,NHS SURREY HEARTLANDS INTEGRATED CARE BOARD,Independent sector / other,1121,800,1121,13,71.4
2025-10-01,NT316,SPIRE HARPENDEN HOSPITAL,NHS HERTFORDSHIRE AND WEST ESSEX INTEGRATED CARE BOARD,Independent sector / other,506,481,506,0,95.1
2025-10-01,NT319,SPIRE HARTSWOOD HOSPITAL,NHS MID AND SOUTH ESSEX INTEGRATED CARE BOARD,Independent sector / other,1214,840,1214,3,69.2
2025-10-01,NT351,SPIRE HULL AND EAST RIDING HOSPITAL,NHS HUMBER AND NORTH YORKSHIRE INTEGRATED CARE BOARD,Independent sector / other,2541,2092,2541,0,82.3
2025-10-01,NT332,SPIRE LEEDS HOSPITAL,NHS WEST YORKSHIRE INTEGRATED CARE BOARD,Independent sector / other,1093,926,1093,1,84.7
2025-10-01,NT322,SPIRE LEICESTER HOSPITAL,"NHS LEICESTER, LEICESTERSHIRE AND RUTLAND INTEGRATED CARE BOARD",Independent sector / other,1071,893,1071,7,83.4
2025-10-01,NT321,SPIRE LITTLE ASTON HOSPITAL,NHS STAFFORDSHIRE AND STOKE-ON-TRENT INTEGRATED CARE BOARD,Independent sector / other,1286,1052,1286,3,81.8
2025-10-01,NT337,SPIRE LIVERPOOL HOSPITAL,NHS CHESHIRE AND MERSEYSIDE INTEGRATED CARE BOARD,Independent sector / other,3671,3062,3671,0,83.4
2025-10-01,NT314,SPIRE LONDON EAST,NHS NORTH EAST LONDON INTEGRATED CARE BOARD,Independent sector / other,2537,1551,2537,19,61.1
2025-10-01,NT327,SPIRE MANCHESTER HOSPITAL,NHS GREATER MANCHESTER INTEGRATED CARE BOARD,Independent sector / other,1522,909,1522,2,59.7
2025-10-01,NT350,SPIRE METHLEY PARK HOSPITAL,NHS WEST YORKSHIRE INTEGRATED CARE BOARD,Independent sector / other,1066,881,1066,1,82.6
2025-10-01,NT364,SPIRE MONTEFIORE HOSPITAL,NHS SUSSEX INTEGRATED CARE BOARD,Independent sector / other,877,418,877,30,47.7
2025-10-01,NT325,SPIRE MURRAYFIELD HOSPITAL,NHS CHESHIRE AND MERSEYSIDE INTEGRATED CARE BOARD,Independent sector / other,787,738,787,0,93.8
2025-10-01,NT318,SPIRE NORWICH HOSPITAL,NHS NORFOLK AND WAVENEY INTEGRATED CARE BOARD,Independent sector / other,452,417,452,0,92.3
2025-10-01,NT30A,SPIRE NOTTINGHAM HOSPITAL,NHS NOTTINGHAM AND NOTTINGHAMSHIRE INTEGRATED CARE BOARD,Independent sector / other,722,631,722,0,87.4
2025-10-01,NT320,SPIRE PARKWAY HOSPITAL,NHS BIRMINGHAM AND SOLIHULL INTEGRATED CARE BOARD,Independent sector / other,1588,1098,1588,5,69.1
2025-10-01,NT305,SPIRE PORTSMOUTH HOSPITAL,NHS HAMPSHIRE AND ISLE OF WIGHT INTEGRATED CARE BOARD,Independent sector / other,461,375,461,2,81.3
2025-10-01,NT339,SPIRE REGENCY HOSPITAL,NHS CHESHIRE AND MERSEYSIDE INTEGRATED CARE BOARD,Independent sector / other,1913,1912,1913,0,99.9
2025-10-01,NT301,SPIRE SOUTH BANK HOSPITAL,NHS HEREFORDSHIRE AND WORCESTERSHIRE INTEGRATED CARE BOARD,Independent sector / other,912,676,912,4,74.1
2025-10-01,NT304,SPIRE SOUTHAMPTON HOSPITAL,NHS HAMPSHIRE AND ISLE OF WIGHT INTEGRATED CARE BOARD,Independent sector / other,428,302,428,3,70.6
2025-10-01,NT3X3,SPIRE ST ANTHONY'S HOSPITAL,NHS SOUTH WEST LONDON INTEGRATED CARE BOARD,Independent sector / other,1035,985,1035,7,95.2
2025-10-01,NT343,SPIRE THAMES VALLEY HOSPITAL,"NHS BUCKINGHAMSHIRE, OXFORDSHIRE AND BERKSHIRE WEST INTEGRATED CARE BOARD",Independent sector / other,353,213,353,3,60.3
2025-10-01,NT333,SPIRE WASHINGTON HOSPITAL,NHS NORTH EAST AND NORTH CUMBRIA INTEGRATED CARE BOARD,Independent sector / other,1417,1109,1417,20,78.3
2025-10-01,NT313,SPIRE WELLESLEY HOSPITAL,NHS MID AND SOUTH ESSEX INTEGRATED CARE BOARD,Independent sector / other,1096,514,1096,32,46.9
2025-10-01,NVC18,SPRINGFIELD HOSPITAL,NHS MID AND SOUTH ESSEX INTEGRATED CARE BOARD,Independent sector / other,5009,3644,5009,138,72.7
2025-10-01,NT446,ST EDMUNDS HOSPITAL,NHS SUFFOLK AND NORTH EAST ESSEX INTEGRATED CARE BOARD,Independent sector / other,623,372,623,2,59.7
2025-10-01,RJ7,ST GEORGE'S UNIVERSITY HOSPITALS NHS FOUNDATION TRUST,NHS SOUTH WEST LONDON INTEGRATED CARE BOARD,NHS trust,69213,41865,69213,1543,60.5
2025-10-01,NTE02,ST HUGH'S HOSPITAL,NHS HUMBER AND NORTH YORKSHIRE INTEGRATED CARE BOARD,Independent sector / other,2009,1560,2009,21,77.7
2025-10-01,NQT5K,ST MARTINS HOSPITAL,"NHS BATH AND NORTH EAST SOMERSET, SWINDON AND WILTSHIRE INTEGRATED CARE BOARD",Independent sector / other,122,108,122,0,88.5
2025-10-01,AHP,ST MICHAEL'S CLINIC LIMITED,"NHS SHROPSHIRE, TELFORD AND WREKIN INTEGRATED CARE BOARD",Independent sector / other,1574,984,1574,15,62.5
2025-10-01,NHW,STANDARD HEALTH LTD,NHS NORTH WEST LONDON INTEGRATED CARE BOARD,Independent sector / other,118,84,118,0,71.2
2025-10-01,RWJ,STOCKPORT NHS FOUNDATION TRUST,NHS GREATER MANCHESTER INTEGRATED CARE BOARD,NHS trust,35067,20250,35067,721,57.7
2025-10-01,NVC1H,STOURSIDE HOSPITAL,NHS BLACK COUNTRY INTEGRATED CARE BOARD,Independent sector / other,3407,2497,3407,20,73.3
2025-10-01,NDL01,SUFFOLK GP FEDERATION,NHS SUFFOLK AND NORTH EAST ESSEX INTEGRATED CARE BOARD,Independent sector / other,49,46,49,0,93.9
2025-10-01,G3Z1Q,SULIS HOSPITAL BATH (FOXCOTE AVENUE),"NHS BATH AND NORTH EAST SOMERSET, SWINDON AND WILTSHIRE INTEGRATED CARE BOARD",Independent sector / other,3318,2595,3318,31,78.2
2025-10-01,RTP,SURREY AND SUSSEX HEALTHCARE NHS TRUST,NHS SURREY HEARTLANDS INTEGRATED CARE BOARD,NHS trust,45806,27313,45806,761,59.6
2025-10-01,NYG,SUSSEX COMMUNITY DERMATOLOGY SERVICE,NHS SUSSEX INTEGRATED CARE BOARD,Independent sector / other,17270,14142,17270,0,81.9
2025-10-01,RDR,SUSSEX COMMUNITY NHS FOUNDATION TRUST,NHS SUSSEX INTEGRATED CARE BOARD,NHS trust,14148,10264,14148,5,72.5
2025-10-01,RMP,TAMESIDE AND GLOSSOP INTEGRATED CARE NHS FOUNDATION TRUST,NHS GREATER MANCHESTER INTEGRATED CARE BOARD,NHS trust,17118,12607,17118,0,73.6
2025-10-01,NVC0R,TEES VALLEY HOSPITAL,NHS NORTH EAST AND NORTH CUMBRIA INTEGRATED CARE BOARD,Independent sector / other,4658,3666,4658,10,78.7
2025-10-01,AAH,TETBURY HOSPITAL TRUST LTD,NHS GLOUCESTERSHIRE INTEGRATED CARE BOARD,Independent sector / other,378,351,378,0,92.9
2025-10-01,NVC02,THE BERKSHIRE INDEPENDENT HOSPITAL,"NHS BUCKINGHAMSHIRE, OXFORDSHIRE AND BERKSHIRE WEST INTEGRATED CARE BOARD",Independent sector / other,1110,743,1110,1,66.9
2025-10-01,NVC25,THE CHERWELL HOSPITAL,"NHS BUCKINGHAMSHIRE, OXFORDSHIRE AND BERKSHIRE WEST INTEGRATED CARE BOARD",Independent sector / other,2217,1403,2217,14,63.3
2025-10-01,RBV,THE CHRISTIE NHS FOUNDATION TRUST,NHS GREATER MANCHESTER INTEGRATED CARE BOARD,NHS trust,3759,3653,3759,2,97.2
2025-10-01,REN,THE CLATTERBRIDGE CANCER CENTRE NHS FOUNDATION TRUST,NHS CHESHIRE AND MERSEYSIDE INTEGRATED CARE BOARD,NHS trust,991,960,991,0,96.9
2025-10-01,RNA,THE DUDLEY GROUP NHS FOUNDATION TRUST,NHS BLACK COUNTRY INTEGRATED CARE BOARD,NHS trust,46916,29724,46916,104,63.4
2025-10-01,AJ8,THE GRANGE MEDICAL CENTRE HQ,NHS WEST YORKSHIRE INTEGRATED CARE BOARD,Independent sector / other,218,218,218,0,100.0
2025-10-01,S3H9L,THE HAMPTONS HOSPITAL LTD,NHS CAMBRIDGESHIRE AND PETERBOROUGH INTEGRATED CARE BOARD,Independent sector / other,1669,1050,1669,22,62.9
2025-10-01,RAS,THE HILLINGDON HOSPITALS NHS FOUNDATION TRUST,NHS NORTH WEST LONDON INTEGRATED CARE BOARD,NHS trust,35762,21330,35762,528,59.6
2025-10-01,NXM01,THE HORDER CENTRE - ST JOHNS ROAD,NHS SUSSEX INTEGRATED CARE BOARD,Independent sector / other,1214,836,1214,2,68.9
2025-10-01,DX1,THE NEW FOSCOTE HOSPITAL LTD,NHS NORTH CENTRAL LONDON INTEGRATED CARE BOARD,Independent sector / other,327,314,327,0,96.0
2025-10-01,RTD,THE NEWCASTLE UPON TYNE HOSPITALS NHS FOUNDATION TRUST,NHS NORTH EAST AND NORTH CUMBRIA INTEGRATED CARE BOARD,NHS trust,89294,65653,89294,1012,73.5
2025-10-01,NTX,THE ONE HEALTH GROUP PLC,NHS SOUTH YORKSHIRE INTEGRATED CARE BOARD,Independent sector / other,5468,4405,5468,50,80.6
2025-10-01,RQW,THE PRINCESS ALEXANDRA HOSPITAL NHS TRUST,NHS HERTFORDSHIRE AND WEST ESSEX INTEGRATED CARE BOARD,NHS trust,42194,23430,42194,1947,55.5
2025-10-01,RCX,"THE QUEEN ELIZABETH HOSPITAL, KING'S LYNN, NHS FOUNDATION TRUST",NHS NORFOLK AND WAVENEY INTEGRATED CARE BOARD,NHS trust,27123,15009,27123,421,55.3
2025-10-01,RL1,THE ROBERT JONES AND AGNES HUNT ORTHOPAEDIC HOSPITAL NHS FOUNDATION TRUST,"NHS SHROPSHIRE, TELFORD AND WREKIN INTEGRATED CARE BOARD",NHS trust,27718,13559,27718,3638,48.9
2025-10-01,RFR,THE ROTHERHAM NHS FOUNDATION TRUST,NHS SOUTH YORKSHIRE INTEGRATED CARE BOARD,NHS trust,31165,20154,31165,584,64.7
2025-10-01,DJH01,THE ROYAL BUCKINGHAMSHIRE HOSPITAL LTD,"NHS BUCKINGHAMSHIRE, OXFORDSHIRE AND BERKSHIRE WEST INTEGRATED CARE BOARD",Independent sector / other,9,9,9,0,100.0
2025-10-01,RPY,THE ROYAL MARSDEN NHS FOUNDATION TRUST,NHS NORTH WEST LONDON INTEGRATED CARE BOARD,NHS trust,1968,1880,1968,2,95.5
2025-10-01,RRJ,THE ROYAL ORTHOPAEDIC HOSPITAL NHS FOUNDATION TRUST,NHS BIRMINGHAM AND SOLIHULL INTEGRATED CARE BOARD,NHS trust,13511,8358,13511,320,61.9
2025-10-01,RL4,THE ROYAL WOLVERHAMPTON NHS TRUST,NHS BLACK COUNTRY INTEGRATED CARE BOARD,NHS trust,76871,42105,76871,1925,54.8
2025-10-01,RXW,THE SHREWSBURY AND TELFORD HOSPITAL NHS TRUST,"NHS SHROPSHIRE, TELFORD AND WREKIN INTEGRATED CARE BOARD",NHS trust,32263,20652,32263,84,64.0
2025-10-01,DPK,THE STONEYGATE EYE HOSPITAL,"NHS LEICESTER, LEICESTERSHIRE AND RUTLAND INTEGRATED CARE BOARD",Independent sector / other,469,453,469,0,96.6
2025-10-01,RET,THE WALTON CENTRE NHS FOUNDATION TRUST,NHS CHESHIRE AND MERSEYSIDE INTEGRATED CARE BOARD,NHS trust,17962,10907,17962,315,60.7
2025-10-01,NVC44,THE WESTBOURNE CENTRE,NHS BIRMINGHAM AND SOLIHULL INTEGRATED CARE BOARD,Independent sector / other,3502,2038,3502,14,58.2
2025-10-01,NVC20,THE YORKSHIRE CLINIC,NHS WEST YORKSHIRE INTEGRATED CARE BOARD,Independent sector / other,7343,5199,7343,145,70.8
2025-10-01,NT440,THORNBURY HOSPITAL,NHS SOUTH YORKSHIRE INTEGRATED CARE BOARD,Independent sector / other,564,422,564,1,74.8
2025-10-01,NT441,THREE SHIRES HOSPITAL,NHS NORTHAMPTONSHIRE INTEGRATED CARE BOARD,Independent sector / other,3662,2228,3662,79,60.8
2025-10-01,RA9,TORBAY AND SOUTH DEVON NHS FOUNDATION TRUST,NHS DEVON INTEGRATED CARE BOARD,NHS trust,31783,22028,31783,623,69.3
2025-10-01,NN4,TYNESIDE SURGICAL SERVICES LTD,NHS NORTH EAST AND NORTH CUMBRIA INTEGRATED CARE BOARD,Independent sector / other,1440,1191,1440,2,82.7
2025-10-01,RWD,UNITED LINCOLNSHIRE TEACHING HOSPITALS NHS TRUST,NHS LINCOLNSHIRE INTEGRATED CARE BOARD,NHS trust,68810,36922,68810,2159,53.7
2025-10-01,RRV,UNIVERSITY COLLEGE LONDON HOSPITALS NHS FOUNDATION TRUST,NHS NORTH CENTRAL LONDON INTEGRATED CARE BOARD,NHS trust,72086,41920,72086,1451,58.2
2025-10-01,RHM,UNIVERSITY HOSPITAL SOUTHAMPTON NHS FOUNDATION TRUST,NHS HAMPSHIRE AND ISLE OF WIGHT INTEGRATED CARE BOARD,NHS trust,63960,38947,63960,2065,60.9
2025-10-01,RRK,UNIVERSITY HOSPITALS BIRMINGHAM NHS FOUNDATION TRUST,NHS BIRMINGHAM AND SOLIHULL INTEGRATED CARE BOARD,NHS trust,96067,58244,96067,2008,60.6
2025-10-01,RA7,UNIVERSITY HOSPITALS BRISTOL AND WESTON NHS FOUNDATION TRUST,"NHS BRISTOL, NORTH SOMERSET AND SOUTH GLOUCESTERSHIRE INTEGRATED CARE BOARD",NHS trust,52866,34977,52866,736,66.2
2025-10-01,RKB,UNIVERSITY HOSPITALS COVENTRY AND WARWICKSHIRE NHS TRUST,NHS COVENTRY AND WARWICKSHIRE INTEGRATED CARE BOARD,NHS trust,73625,42789,73625,2026,58.1
2025-10-01,R0D,UNIVERSITY HOSPITALS DORSET NHS FOUNDATION TRUST,NHS DORSET INTEGRATED CARE BOARD,NHS trust,65111,41718,65111,1639,64.1
2025-10-01,RTG,UNIVERSITY HOSPITALS OF DERBY AND BURTON NHS FOUNDATION TRUST,NHS DERBY AND DERBYSHIRE INTEGRATED CARE BOARD,NHS trust,95954,57102,95954,1683,59.5
2025-10-01,RWE,UNIVERSITY HOSPITALS OF LEICESTER NHS TRUST,"NHS LEICESTER, LEICESTERSHIRE AND RUTLAND INTEGRATED CARE BOARD",NHS trust,109411,56519,109411,3445,51.7
2025-10-01,RTX,UNIVERSITY HOSPITALS OF MORECAMBE BAY NHS FOUNDATION TRUST,NHS LANCASHIRE AND SOUTH CUMBRIA INTEGRATED CARE BOARD,NHS trust,34026,23480,34026,567,69.0
2025-10-01,RJE,UNIVERSITY HOSPITALS OF NORTH MIDLANDS NHS TRUST,NHS STAFFORDSHIRE AND STOKE-ON-TRENT INTEGRATED CARE BOARD,NHS trust,65910,42130,65910,1330,63.9
2025-10-01,RK9,UNIVERSITY HOSPITALS PLYMOUTH NHS TRUST,NHS DEVON INTEGRATED CARE BOARD,NHS trust,49238,29822,49238,1699,60.6
2025-10-01,RYR,UNIVERSITY HOSPITALS SUSSEX NHS FOUNDATION TRUST,NHS SUSSEX INTEGRATED CARE BOARD,NHS trust,116149,60738,116149,5007,52.3
2025-10-01,NRF,UNIVERSITY OF SOUTHAMPTON AUDITORY IMPLANT SERVICE,NHS HAMPSHIRE AND ISLE OF WIGHT INTEGRATED CARE BOARD,Independent sector / other,205,132,205,8,64.4
2025-10-01,AQK,VERNOVA HEALTHCARE COMMUNITY INTEREST COMPANY,NHS CHESHIRE AND MERSEYSIDE INTEGRATED CARE BOARD,Independent sector / other,276,252,276,0,91.3
2025-10-01,RBK,WALSALL HEALTHCARE NHS TRUST,NHS BLACK COUNTRY INTEGRATED CARE BOARD,NHS trust,30390,21526,30390,16,70.8
2025-10-01,RWW,WARRINGTON AND HALTON TEACHING HOSPITALS NHS FOUNDATION TRUST,NHS CHESHIRE AND MERSEYSIDE INTEGRATED CARE BOARD,NHS trust,32754,19678,32754,1279,60.1
2025-10-01,RWG,WEST HERTFORDSHIRE TEACHING HOSPITALS NHS TRUST,NHS HERTFORDSHIRE AND WEST ESSEX INTEGRATED CARE BOARD,NHS trust,46501,29310,46501,1047,63.0
2025-10-01,NVC21,WEST MIDLANDS HOSPITAL,NHS BLACK COUNTRY INTEGRATED CARE BOARD,Independent sector / other,504,188,504,5,37.3
2025-10-01,RGR,WEST SUFFOLK NHS FOUNDATION TRUST,NHS SUFFOLK AND NORTH EAST ESSEX INTEGRATED CARE BOARD,NHS trust,33197,20534,33197,921,61.9
2025-10-01,RKE,WHITTINGTON HEALTH NHS TRUST,NHS NORTH CENTRAL LONDON INTEGRATED CARE BOARD,NHS trust,26700,16138,26700,515,60.4
2025-10-01,NVC22,WINFIELD HOSPITAL,NHS GLOUCESTERSHIRE INTEGRATED CARE BOARD,Independent sector / other,1461,952,1461,12,65.2
2025-10-01,NT443,WINTERBOURNE HOSPITAL,NHS DORSET INTEGRATED CARE BOARD,Independent sector / other,324,294,324,0,90.7
2025-10-01,RBL,WIRRAL UNIVERSITY TEACHING HOSPITAL NHS FOUNDATION TRUST,NHS CHESHIRE AND MERSEYSIDE INTEGRATED CARE BOARD,NHS trust,49679,30269,49679,1326,60.9
2025-10-01,NVC23,WOODLAND HOSPITAL,NHS NORTHAMPTONSHIRE INTEGRATED CARE BOARD,Independent sector / other,5041,3521,5041,23,69.8
2025-10-01,NT457,WOODLANDS HOSPITAL,NHS NORTH EAST AND NORTH CUMBRIA INTEGRATED CARE BOARD,Independent sector / other,2315,1816,2315,2,78.4
2025-10-01,NVC40,WOODTHORPE HOSPITAL,NHS NOTTINGHAM AND NOTTINGHAMSHIRE INTEGRATED CARE BOARD,Independent sector / other,3966,3073,3966,91,77.5
2025-10-01,RWP,WORCESTERSHIRE ACUTE HOSPITALS NHS TRUST,NHS HEREFORDSHIRE AND WORCESTERSHIRE INTEGRATED CARE BOARD,NHS trust,58092,34231,58092,880,58.9
2025-10-01,RRF,"WRIGHTINGTON, WIGAN AND LEIGH TEACHING HOSPITALS NHS FOUNDATION TRUST",NHS GREATER MANCHESTER INTEGRATED CARE BOARD,NHS trust,48539,27989,48539,1722,57.7
2025-10-01,RLQ,WYE VALLEY NHS TRUST,NHS HEREFORDSHIRE AND WORCESTERSHIRE INTEGRATED CARE BOARD,NHS trust,26991,16686,26991,925,61.8
2025-10-01,RCB,YORK AND SCARBOROUGH TEACHING HOSPITALS NHS FOUNDATION TRUST,NHS HUMBER AND NORTH YORKSHIRE INTEGRATED CARE BOARD,NHS trust,58731,33099,58731,1809,56.4
2025-11-01,NPR01,ABOUT HEALTH HQ,NHS SOMERSET INTEGRATED CARE BOARD,Independent sector / other,1133,1058,1133,1,93.4
2025-11-01,S0L9O,ACES BIRMINGHAM,NHS BIRMINGHAM AND SOLIHULL INTEGRATED CARE BOARD,Independent sector / other,1,1,1,0,100.0
2025-11-01,T1T4S,ACES BRISTOL,"NHS BRISTOL, NORTH SOMERSET AND SOUTH GLOUCESTERSHIRE INTEGRATED CARE BOARD",Independent sector / other,12,11,12,0,91.7
2025-11-01,H3W7Q,ACES CHELMSFORD,NHS MID AND SOUTH ESSEX INTEGRATED CARE BOARD,Independent sector / other,8,7,8,0,87.5
2025-11-01,U6A5N,ACES CHISWICK,NHS NORTH WEST LONDON INTEGRATED CARE BOARD,Independent sector / other,3,3,3,0,100.0
2025-11-01,Z4F8Y,ACES DARTFORD,NHS KENT AND MEDWAY INTEGRATED CARE BOARD,Independent sector / other,39,33,39,1,84.6
2025-11-01,N1M9Z,ACES EXETER,NHS DEVON INTEGRATED CARE BOARD,Independent sector / other,5,4,5,0,80.0
2025-11-01,D2L5T,ACES LIVERPOOL,NHS CHESHIRE AND MERSEYSIDE INTEGRATED CARE BOARD,Independent sector / other,18,18,18,0,100.0
2025-11-01,W7J4C,ACES MANCHESTER,NHS GREATER MANCHESTER INTEGRATED CARE BOARD,Independent sector / other,6,5,6,0,83.3
2025-11-01,U1P4Z,ACES MILTON KEYNES,"NHS BEDFORDSHIRE, LUTON AND MILTON KEYNES INTEGRATED CARE BOARD",Independent sector / other,18,17,18,0,94.4
2025-11-01,I7G8X,ACES NEWCASTLE,NHS NORTH EAST AND NORTH CUMBRIA INTEGRATED CARE BOARD,Independent sector / other,7,4,7,0,57.1
2025-11-01,A4Y8X,ACES NOTTINGHAM,NHS NOTTINGHAM AND NOTTINGHAMSHIRE INTEGRATED CARE BOARD,Independent sector / other,1,0,1,0,0.0
2025-11-01,Y7W8F,ACES SOUTHAMPTON - EAST ST,NHS HAMPSHIRE AND ISLE OF WIGHT INTEGRATED CARE BOARD,Independent sector / other,1,1,1,0,100.0
2025-11-01,A9P5F,ACES WHITE CITY,NHS NORTH WEST LONDON INTEGRATED CARE BOARD,Independent sector / other,9,9,9,0,100.0
2025-11-01,X7Y2H,ACES WILMSLOW,NHS CHESHIRE AND MERSEYSIDE INTEGRATED CARE BOARD,Independent sector / other,1,1,1,0,100.0
2025-11-01,RCF,AIREDALE NHS FOUNDATION TRUST,NHS WEST YORKSHIRE INTEGRATED CARE BOARD,NHS trust,14125,9831,14125,94,69.6
2025-11-01,RBS,ALDER HEY CHILDREN'S NHS FOUNDATION TRUST,NHS CHESHIRE AND MERSEYSIDE INTEGRATED CARE BOARD,NHS trust,17629,10953,17629,269,62.1
2025-11-01,NT401,ALEXANDRA HOSPITAL,NHS GREATER MANCHESTER INTEGRATED CARE BOARD,Independent sector / other,971,729,971,9,75.1
2025-11-01,F7B2B,ANGLIA COMMUNITY EYE SERVICE - BURY ST EDMUNDS,NHS SUFFOLK AND NORTH EAST ESSEX INTEGRATED CARE BOARD,Independent sector / other,2,2,2,0,100.0
2025-11-01,H7X1I,ANGLIA COMMUNITY EYE SERVICE - CAMBRIDGE,NHS CAMBRIDGESHIRE AND PETERBOROUGH INTEGRATED CARE BOARD,Independent sector / other,17,14,17,0,82.4
2025-11-01,O9Q4E,ANGLIA COMMUNITY EYE SERVICE - PETERBOROUGH,NHS CAMBRIDGESHIRE AND PETERBOROUGH INTEGRATED CARE BOARD,Independent sector / other,50,45,50,1,90.0
2025-11-01,NX507,ANGLIA COMMUNITY EYE SERVICE - THETFORD HEALTHY LIVING CENTRE,NHS NORFOLK AND WAVENEY INTEGRATED CARE BOARD,Independent sector / other,13,13,13,0,100.0
2025-11-01,NX501,ANGLIA COMMUNITY EYE SERVICE LTD,NHS CAMBRIDGESHIRE AND PETERBOROUGH INTEGRATED CARE BOARD,Independent sector / other,1562,1498,1562,0,95.9
2025-11-01,NX504,ANGLIA COMMUNITY EYE SERVICES FAKENHAM,NHS NORFOLK AND WAVENEY INTEGRATED CARE BOARD,Independent sector / other,14,13,14,0,92.9
2025-11-01,RTK,ASHFORD AND ST PETER'S HOSPITALS NHS FOUNDATION TRUST,NHS SURREY HEARTLANDS INTEGRATED CARE BOARD,NHS trust,51962,30670,51962,662,59.0
2025-11-01,NVC01,ASHTEAD HOSPITAL,NHS SURREY HEARTLANDS INTEGRATED CARE BOARD,Independent sector / other,1044,849,1044,2,81.3
2025-11-01,RFF,BARNSLEY HOSPITAL NHS FOUNDATION TRUST,NHS SOUTH YORKSHIRE INTEGRATED CARE BOARD,NHS trust,24240,15956,24240,202,65.8
2025-11-01,R1H,BARTS HEALTH NHS TRUST,NHS NORTH EAST LONDON INTEGRATED CARE BOARD,NHS trust,133327,74644,133327,3579,56.0
2025-11-01,NT402,BATH CLINIC,"NHS BATH AND NORTH EAST SOMERSET, SWINDON AND WILTSHIRE INTEGRATED CARE BOARD",Independent sector / other,883,626,883,0,70.9
2025-11-01,NRP,BEACON MEDICAL SERVICES GROUP LIMITED,NHS GREATER MANCHESTER INTEGRATED CARE BOARD,Independent sector / other,1032,1001,1032,0,97.0
2025-11-01,NVC0I,BEACON PARK HOSPITAL,NHS STAFFORDSHIRE AND STOKE-ON-TRENT INTEGRATED CARE BOARD,Independent sector / other,1014,797,1014,0,78.6
2025-11-01,NT403,BEARDWOOD HOSPITAL,NHS LANCASHIRE AND SOUTH CUMBRIA INTEGRATED CARE BOARD,Independent sector / other,2159,1736,2159,0,80.4
2025-11-01,NT404,BEAUMONT HOSPITAL,NHS GREATER MANCHESTER INTEGRATED CARE BOARD,Independent sector / other,2933,2225,2933,3,75.9
2025-11-01,RC9,BEDFORDSHIRE HOSPITALS NHS FOUNDATION TRUST,"NHS BEDFORDSHIRE, LUTON AND MILTON KEYNES INTEGRATED CARE BOARD",NHS trust,86404,52115,86404,1046,60.3
2025-11-01,NWF01,BENENDEN HOSPITAL,NHS KENT AND MEDWAY INTEGRATED CARE BOARD,Independent sector / other,1518,1144,1518,5,75.4
2025-11-01,RWX,BERKSHIRE HEALTHCARE NHS FOUNDATION TRUST,NHS FRIMLEY INTEGRATED CARE BOARD,NHS trust,91,91,91,0,100.0
2025-11-01,NP9,BESPOKE HEALTHCARE LTD,NHS LANCASHIRE AND SOUTH CUMBRIA INTEGRATED CARE BOARD,Independent sector / other,521,184,521,13,35.3
2025-11-01,RYW,BIRMINGHAM COMMUNITY HEALTHCARE NHS FOUNDATION TRUST,NHS BIRMINGHAM AND SOLIHULL INTEGRATED CARE BOARD,NHS trust,14862,10406,14862,22,70.0
2025-11-01,RQ3,BIRMINGHAM WOMEN'S AND CHILDREN'S NHS FOUNDATION TRUST,NHS BIRMINGHAM AND SOLIHULL INTEGRATED CARE BOARD,NHS trust,22597,13234,22597,127,58.6
2025-11-01,NT405,BISHOPS WOOD HOSPITAL,NHS NORTH WEST LONDON INTEGRATED CARE BOARD,Independent sector / other,561,468,561,1,83.4
2025-11-01,NT406,BLACKHEATH HOSPITAL,NHS SOUTH EAST LONDON INTEGRATED CARE BOARD,Independent sector / other,1506,1128,1506,35,74.9
2025-11-01,RXL,BLACKPOOL TEACHING HOSPITALS NHS FOUNDATION TRUST,NHS LANCASHIRE AND SOUTH CUMBRIA INTEGRATED CARE BOARD,NHS trust,43298,23873,43298,1235,55.1
2025-11-01,NVC31,BLAKELANDS HOSPITAL,"NHS BEDFORDSHIRE, LUTON AND MILTON KEYNES INTEGRATED CARE BOARD",Independent sector / other,2200,1569,2200,2,71.3
2025-11-01,RMC,BOLTON NHS FOUNDATION TRUST,NHS GREATER MANCHESTER INTEGRATED CARE BOARD,NHS trust,37478,21951,37478,1103,58.6
2025-11-01,R5J3Z,BORDER HEALTH ALLIANCE LIMITED,NHS HEREFORDSHIRE AND WORCESTERSHIRE INTEGRATED CARE BOARD,Independent sector / other,487,337,487,0,69.2
2025-11-01,NVC27,BOSTON WEST HOSPITAL,NHS LINCOLNSHIRE INTEGRATED CARE BOARD,Independent sector / other,2220,1587,2220,6,71.5
2025-11-01,TAD,BRADFORD DISTRICT CARE NHS FOUNDATION TRUST,NHS WEST YORKSHIRE INTEGRATED CARE BOARD,NHS trust,615,393,615,10,63.9
2025-11-01,RAE,BRADFORD TEACHING HOSPITALS NHS FOUNDATION TRUST,NHS WEST YORKSHIRE INTEGRATED CARE BOARD,NHS trust,31833,20592,31833,127,64.7
2025-11-01,RXQ,BUCKINGHAMSHIRE HEALTHCARE NHS TRUST,"NHS BUCKINGHAMSHIRE, OXFORDSHIRE AND BERKSHIRE WEST INTEGRATED CARE BOARD",NHS trust,48010,28892,48010,1184,60.2
2025-11-01,A4M8P,BUCKSHAW HOSPITAL,NHS LANCASHIRE AND SOUTH CUMBRIA INTEGRATED CARE BOARD,Independent sector / other,2992,2189,2992,35,73.2
2025-11-01,RWY,CALDERDALE AND HUDDERSFIELD NHS FOUNDATION TRUST,NHS WEST YORKSHIRE INTEGRATED CARE BOARD,NHS trust,36296,26351,36296,17,72.6
2025-11-01,RGT,CAMBRIDGE UNIVERSITY HOSPITALS NHS FOUNDATION TRUST,NHS CAMBRIDGESHIRE AND PETERBOROUGH INTEGRATED CARE BOARD,NHS trust,64069,38081,64069,2139,59.4
2025-11-01,RT1,CAMBRIDGESHIRE AND PETERBOROUGH NHS FOUNDATION TRUST,NHS CAMBRIDGESHIRE AND PETERBOROUGH INTEGRATED CARE BOARD,NHS trust,295,133,295,2,45.1
2025-11-01,NL3,CARE PLUS GROUP,NHS HUMBER AND NORTH YORKSHIRE INTEGRATED CARE BOARD,Independent sector / other,209,195,209,0,93.3
2025-11-01,NT451,CAVELL HOSPITAL,NHS NORTH CENTRAL LONDON INTEGRATED CARE BOARD,Independent sector / other,1230,904,1230,3,73.5
2025-11-01,U0K8N,CES MEDICAL,NHS KENT AND MEDWAY INTEGRATED CARE BOARD,Independent sector / other,141,141,141,0,100.0
2025-11-01,NT408,CHAUCER HOSPITAL,NHS KENT AND MEDWAY INTEGRATED CARE BOARD,Independent sector / other,841,694,841,0,82.5
2025-11-01,RQM,CHELSEA AND WESTMINSTER HOSPITAL NHS FOUNDATION TRUST,NHS NORTH WEST LONDON INTEGRATED CARE BOARD,NHS trust,74721,45951,74721,1565,61.5
2025-11-01,NT409,CHELSFIELD PARK HOSPITAL,NHS SOUTH EAST LONDON INTEGRATED CARE BOARD,Independent sector / other,808,661,808,7,81.8
2025-11-01,RFS,CHESTERFIELD ROYAL HOSPITAL NHS FOUNDATION TRUST,NHS DERBY AND DERBYSHIRE INTEGRATED CARE BOARD,NHS trust,30159,16576,30159,1453,55.0
2025-11-01,NT410,CHILTERN HOSPITAL,"NHS BUCKINGHAMSHIRE, OXFORDSHIRE AND BERKSHIRE WEST INTEGRATED CARE BOARD",Independent sector / other,490,375,490,0,76.5
2025-11-01,F9Z4V,CIRCLE READING HOSPITAL,"NHS BUCKINGHAMSHIRE, OXFORDSHIRE AND BERKSHIRE WEST INTEGRATED CARE BOARD",Independent sector / other,1676,1257,1676,3,75.0
2025-11-01,B3M1X,CLAREMONT PRIVATE HOSPITAL,NHS SOUTH YORKSHIRE INTEGRATED CARE BOARD,Independent sector / other,2029,1692,2029,8,83.4
2025-11-01,NT411,CLEMENTINE CHURCHILL HOSPITAL,NHS NORTH WEST LONDON INTEGRATED CARE BOARD,Independent sector / other,1979,1911,1979,0,96.6
2025-11-01,NVC28,CLIFTON PARK HOSPITAL,NHS HUMBER AND NORTH YORKSHIRE INTEGRATED CARE BOARD,Independent sector / other,1798,1103,1798,6,61.3
2025-11-01,NVC29,COBALT HOSPITAL,NHS NORTH EAST AND NORTH CUMBRIA INTEGRATED CARE BOARD,Independent sector / other,1677,1282,1677,5,76.4
2025-11-01,NLG,COMMUNITAS CLINICS,NHS SOUTH WEST LONDON INTEGRATED CARE BOARD,Independent sector / other,3318,2159,3318,127,65.1
2025-11-01,AAV,COMMUNITY HEALTH AND EYECARE LIMITED,NHS LANCASHIRE AND SOUTH CUMBRIA INTEGRATED CARE BOARD,Independent sector / other,4422,4316,4422,0,97.6
2025-11-01,NMG,CORA HEALTH MSK (FORMERLY CONNECT HEALTH LTD),NHS NORTH EAST AND NORTH CUMBRIA INTEGRATED CARE BOARD,Independent sector / other,17912,16424,17912,6,91.7
2025-11-01,RJ8,CORNWALL PARTNERSHIP NHS FOUNDATION TRUST,NHS CORNWALL AND THE ISLES OF SCILLY INTEGRATED CARE BOARD,NHS trust,698,696,698,0,99.7
2025-11-01,DFY01,COTSWOLDS SURGICAL PARTNERS,"NHS BATH AND NORTH EAST SOMERSET, SWINDON AND WILTSHIRE INTEGRATED CARE BOARD",Independent sector / other,252,246,252,0,97.6
2025-11-01,RJR,COUNTESS OF CHESTER HOSPITAL NHS FOUNDATION TRUST,NHS CHESHIRE AND MERSEYSIDE INTEGRATED CARE BOARD,NHS trust,35072,18623,35072,2038,53.1
2025-11-01,RXP,COUNTY DURHAM AND DARLINGTON NHS FOUNDATION TRUST,NHS NORTH EAST AND NORTH CUMBRIA INTEGRATED CARE BOARD,NHS trust,40851,27898,40851,608,68.3
2025-11-01,RJ6,CROYDON HEALTH SERVICES NHS TRUST,NHS SOUTH WEST LONDON INTEGRATED CARE BOARD,NHS trust,37336,24991,37336,553,66.9
2025-11-01,RX4,"CUMBRIA, NORTHUMBERLAND, TYNE AND WEAR NHS FOUNDATION TRUST",NHS NORTH EAST AND NORTH CUMBRIA INTEGRATED CARE BOARD,NHS trust,159,159,159,0,100.0
2025-11-01,RN7,DARTFORD AND GRAVESHAM NHS TRUST,NHS KENT AND MEDWAY INTEGRATED CARE BOARD,NHS trust,31762,19403,31762,1021,61.1
2025-11-01,NCN,DMC HEALTHCARE,NHS SOUTH EAST LONDON INTEGRATED CARE BOARD,Independent sector / other,1732,1674,1732,0,96.7
2025-11-01,RP5,DONCASTER AND BASSETLAW TEACHING HOSPITALS NHS FOUNDATION TRUST,NHS SOUTH YORKSHIRE INTEGRATED CARE BOARD,NHS trust,54166,32897,54166,1119,60.7
2025-11-01,NNE,DORKING HEALTHCARE LIMITED (DHC),NHS SURREY HEARTLANDS INTEGRATED CARE BOARD,Independent sector / other,6406,5327,6406,0,83.2
2025-11-01,RBD,DORSET COUNTY HOSPITAL NHS FOUNDATION TRUST,NHS DORSET INTEGRATED CARE BOARD,NHS trust,21127,12891,21127,262,61.0
2025-11-01,NT412,DROITWICH SPA HOSPITAL,NHS HEREFORDSHIRE AND WORCESTERSHIRE INTEGRATED CARE BOARD,Independent sector / other,1782,1346,1782,3,75.5
2025-11-01,NT447,DUCHY HOSPITAL,NHS HUMBER AND NORTH YORKSHIRE INTEGRATED CARE BOARD,Independent sector / other,314,238,314,0,75.8
2025-11-01,NVC04,DUCHY HOSPITAL,NHS CORNWALL AND THE ISLES OF SCILLY INTEGRATED CARE BOARD,Independent sector / other,2094,1022,2094,39,48.8
2025-11-01,RWH,EAST AND NORTH HERTFORDSHIRE TEACHING NHS TRUST,NHS HERTFORDSHIRE AND WEST ESSEX INTEGRATED CARE BOARD,NHS trust,53224,35201,53224,656,66.1
2025-11-01,RJN,EAST CHESHIRE NHS TRUST,NHS CHESHIRE AND MERSEYSIDE INTEGRATED CARE BOARD,NHS trust,19420,9946,19420,652,51.2
2025-11-01,RVV,EAST KENT HOSPITALS UNIVERSITY NHS FOUNDATION TRUST,NHS KENT AND MEDWAY INTEGRATED CARE BOARD,NHS trust,76855,41232,76855,2078,53.6
2025-11-01,RXR,EAST LANCASHIRE HOSPITALS NHS TRUST,NHS LANCASHIRE AND SOUTH CUMBRIA INTEGRATED CARE BOARD,NHS trust,52322,31771,52322,1186,60.7
2025-11-01,RDE,EAST SUFFOLK AND NORTH ESSEX NHS FOUNDATION TRUST,NHS SUFFOLK AND NORTH EAST ESSEX INTEGRATED CARE BOARD,NHS trust,93463,50791,93463,3005,54.3
2025-11-01,RXC,EAST SUSSEX HEALTHCARE NHS TRUST,NHS SUSSEX INTEGRATED CARE BOARD,NHS trust,61749,39666,61749,778,64.2
2025-11-01,NT445,EDGBASTON HOSPITAL,NHS BIRMINGHAM AND SOLIHULL INTEGRATED CARE BOARD,Independent sector / other,1,1,1,0,100.0
2025-11-01,M9U8M,ENDOCARE DIAGNOSTICS LTD,NHS GREATER MANCHESTER INTEGRATED CARE BOARD,Independent sector / other,119,119,119,0,100.0
2025-11-01,RVR,EPSOM AND ST HELIER UNIVERSITY HOSPITALS NHS TRUST,NHS SOUTH WEST LONDON INTEGRATED CARE BOARD,NHS trust,57834,35020,57834,1054,60.6
2025-11-01,NVM,EPSOMEDICAL GROUP,NHS SURREY HEARTLANDS INTEGRATED CARE BOARD,Independent sector / other,3130,2590,3130,63,82.7
2025-11-01,NVC05,EUXTON HALL HOSPITAL,NHS LANCASHIRE AND SOUTH CUMBRIA INTEGRATED CARE BOARD,Independent sector / other,2972,2321,2972,38,78.1
2025-11-01,NVC0Y,EXETER MEDICAL,NHS DEVON INTEGRATED CARE BOARD,Independent sector / other,199,156,199,0,78.4
2025-11-01,ACM,EYE CARE MEDICAL LTD,NHS CHESHIRE AND MERSEYSIDE INTEGRATED CARE BOARD,Independent sector / other,4,4,4,0,100.0
2025-11-01,Y9S1N,FAIRFIELD INDEPENDENT HOSPITAL,NHS CHESHIRE AND MERSEYSIDE INTEGRATED CARE BOARD,Independent sector / other,2416,1564,2416,0,64.7
2025-11-01,NDJ,FIRST COMMUNITY HEALTH AND CARE CIC,NHS SURREY HEARTLANDS INTEGRATED CARE BOARD,Independent sector / other,639,630,639,0,98.6
2025-11-01,NVC06,FITZWILLIAM HOSPITAL,NHS CAMBRIDGESHIRE AND PETERBOROUGH INTEGRATED CARE BOARD,Independent sector / other,6072,3589,6072,21,59.1
2025-11-01,RDU,FRIMLEY HEALTH NHS FOUNDATION TRUST,NHS FRIMLEY INTEGRATED CARE BOARD,NHS trust,68207,38607,68207,1610,56.6
2025-11-01,NVC07,FULWOOD HALL HOSPITAL,NHS LANCASHIRE AND SOUTH CUMBRIA INTEGRATED CARE BOARD,Independent sector / other,4840,3662,4840,20,75.7
2025-11-01,RR7,GATESHEAD HEALTH NHS FOUNDATION TRUST,NHS NORTH EAST AND NORTH CUMBRIA INTEGRATED CARE BOARD,NHS trust,12755,8859,12755,33,69.5
2025-11-01,RLT,GEORGE ELIOT HOSPITAL NHS TRUST,NHS COVENTRY AND WARWICKSHIRE INTEGRATED CARE BOARD,NHS trust,19680,12815,19680,173,65.1
2025-11-01,K8I4X,GLENDON WOOD HOSPITAL,NHS NORTHAMPTONSHIRE INTEGRATED CARE BOARD,Independent sector / other,1412,1172,1412,3,83.0
2025-11-01,RTE,GLOUCESTERSHIRE HOSPITALS NHS FOUNDATION TRUST,NHS GLOUCESTERSHIRE INTEGRATED CARE BOARD,NHS trust,63730,44592,63730,31,70.0
2025-11-01,NT417,GORING HALL HOSPITAL,NHS SUSSEX INTEGRATED CARE BOARD,Independent sector / other,942,585,942,16,62.1
2025-11-01,NWV01,GP CARE UK,"NHS BRISTOL, NORTH SOMERSET AND SOUTH GLOUCESTERSHIRE INTEGRATED CARE BOARD",Independent sector / other,796,794,796,0,99.7
2025-11-01,RP4,GREAT ORMOND STREET HOSPITAL FOR CHILDREN NHS FOUNDATION TRUST,NHS NORTH CENTRAL LONDON INTEGRATED CARE BOARD,NHS trust,7676,5337,7676,205,69.5
2025-11-01,RN3,GREAT WESTERN HOSPITALS NHS FOUNDATION TRUST,"NHS BATH AND NORTH EAST SOMERSET, SWINDON AND WILTSHIRE INTEGRATED CARE BOARD",NHS trust,41823,24996,41823,602,59.8
2025-11-01,RJ1,GUY'S AND ST THOMAS' NHS FOUNDATION TRUST,NHS SOUTH EAST LONDON INTEGRATED CARE BOARD,NHS trust,109032,72418,109032,1295,66.4
2025-11-01,RW1,HAMPSHIRE AND ISLE OF WIGHT HEALTHCARE NHS FOUNDATION TRUST,NHS HAMPSHIRE AND ISLE OF WIGHT INTEGRATED CARE BOARD,NHS trust,4480,4124,4480,0,92.1
2025-11-01,NT418,HAMPSHIRE CLINIC,NHS HAMPSHIRE AND ISLE OF WIGHT INTEGRATED CARE BOARD,Independent sector / other,337,264,337,2,78.3
2025-11-01,RN5,HAMPSHIRE HOSPITALS NHS FOUNDATION TRUST,NHS HAMPSHIRE AND ISLE OF WIGHT INTEGRATED CARE BOARD,NHS trust,50235,29464,50235,1741,58.7
2025-11-01,NT419,HARBOUR HOSPITAL,NHS DORSET INTEGRATED CARE BOARD,Independent sector / other,132,110,132,0,83.3
2025-11-01,RCD,HARROGATE AND DISTRICT NHS FOUNDATION TRUST,NHS HUMBER AND NORTH YORKSHIRE INTEGRATED CARE BOARD,NHS trust,19277,14166,19277,2,73.5
2025-11-01,S5E5Y,HCRG CARE DERMATOLOGY THE IRONSTONE CENTRE,NHS HUMBER AND NORTH YORKSHIRE INTEGRATED CARE BOARD,Independent sector / other,1129,1044,1129,1,92.5
2025-11-01,NYR,HEALTHSHARE DIAGNOSTICS,NHS KENT AND MEDWAY INTEGRATED CARE BOARD,Independent sector / other,2403,1468,2403,10,61.1
2025-11-01,NRL,HEART NETWORKS,NHS GREATER MANCHESTER INTEGRATED CARE BOARD,Independent sector / other,535,525,535,0,98.1
2025-11-01,NT416,HENDON HOSPITAL,NHS NORTH CENTRAL LONDON INTEGRATED CARE BOARD,Independent sector / other,1173,860,1173,1,73.3
2025-11-01,R1A,HEREFORDSHIRE AND WORCESTERSHIRE HEALTH AND CARE NHS TRUST,NHS HEREFORDSHIRE AND WORCESTERSHIRE INTEGRATED CARE BOARD,NHS trust,82,63,82,0,76.8
2025-11-01,NT420,HIGHFIELD HOSPITAL,NHS GREATER MANCHESTER INTEGRATED CARE BOARD,Independent sector / other,881,692,881,1,78.5
2025-11-01,RQX,HOMERTON HEALTHCARE NHS FOUNDATION TRUST,NHS NORTH EAST LONDON INTEGRATED CARE BOARD,NHS trust,27827,19026,27827,264,68.4
2025-11-01,NT448,HUDDERSFIELD PRIVATE HOSPITAL,NHS WEST YORKSHIRE INTEGRATED CARE BOARD,Independent sector / other,799,700,799,14,87.6
2025-11-01,RWA,HULL UNIVERSITY TEACHING HOSPITALS NHS TRUST,NHS HUMBER AND NORTH YORKSHIRE INTEGRATED CARE BOARD,NHS trust,80790,45208,80790,3291,56.0
2025-11-01,RYJ,IMPERIAL COLLEGE HEALTHCARE NHS TRUST,NHS NORTH WEST LONDON INTEGRATED CARE BOARD,NHS trust,90297,56547,90297,772,62.6
2025-11-01,NXP,INDEPENDENT HEALTH GROUP,"NHS BATH AND NORTH EAST SOMERSET, SWINDON AND WILTSHIRE INTEGRATED CARE BOARD",Independent sector / other,938,887,938,0,94.6
2025-11-01,NV1,INHEALTH LIMITED,"NHS BUCKINGHAMSHIRE, OXFORDSHIRE AND BERKSHIRE WEST INTEGRATED CARE BOARD",Independent sector / other,856,683,856,0,79.8
2025-11-01,NCR,ISIGHT,NHS CHESHIRE AND MERSEYSIDE INTEGRATED CARE BOARD,Independent sector / other,1172,1145,1172,0,97.7
2025-11-01,R1F,ISLE OF WIGHT NHS TRUST,NHS HAMPSHIRE AND ISLE OF WIGHT INTEGRATED CARE BOARD,NHS trust,14379,8993,14379,55,62.5
2025-11-01,RGP,JAMES PAGET UNIVERSITY HOSPITALS NHS FOUNDATION TRUST,NHS NORFOLK AND WAVENEY INTEGRATED CARE BOARD,NHS trust,33890,17723,33890,1687,52.3
2025-11-01,RYY,KENT COMMUNITY HEALTH NHS FOUNDATION TRUST,NHS KENT AND MEDWAY INTEGRATED CARE BOARD,NHS trust,4128,4125,4128,0,99.9
2025-11-01,RNQ,KETTERING GENERAL HOSPITAL NHS FOUNDATION TRUST,NHS NORTHAMPTONSHIRE INTEGRATED CARE BOARD,NHS trust,25062,15142,25062,270,60.4
2025-11-01,ADP02,KIMS HOSPITAL (NEWNHAM COURT),NHS KENT AND MEDWAY INTEGRATED CARE BOARD,Independent sector / other,1413,1262,1413,0,89.3
2025-11-01,RJZ,KING'S COLLEGE HOSPITAL NHS FOUNDATION TRUST,NHS SOUTH EAST LONDON INTEGRATED CARE BOARD,NHS trust,86228,55119,86228,1807,63.9
2025-11-01,NT421,KINGS OAK HOSPITAL,NHS NORTH CENTRAL LONDON INTEGRATED CARE BOARD,Independent sector / other,1136,886,1136,1,78.0
2025-11-01,RAX,KINGSTON AND RICHMOND NHS FOUNDATION TRUST,NHS SOUTH WEST LONDON INTEGRATED CARE BOARD,NHS trust,45411,28636,45411,301,63.1
2025-11-01,RW5,LANCASHIRE & SOUTH CUMBRIA NHS FOUNDATION TRUST,NHS LANCASHIRE AND SOUTH CUMBRIA INTEGRATED CARE BOARD,NHS trust,3216,3116,3216,0,96.9
2025-11-01,RXN,LANCASHIRE TEACHING HOSPITALS NHS FOUNDATION TRUST,NHS LANCASHIRE AND SOUTH CUMBRIA INTEGRATED CARE BOARD,NHS trust,64392,34805,64392,2033,54.1
2025-11-01,NLE01,LANCASTER HOUSE CONSULTING DIAGNOSTICS SURGICAL LTD HQ,NHS GREATER MANCHESTER INTEGRATED CARE BOARD,Independent sector / other,1020,964,1020,0,94.5
2025-11-01,NT449,LANCASTER PRIVATE HOSPITAL,NHS LANCASHIRE AND SOUTH CUMBRIA INTEGRATED CARE BOARD,Independent sector / other,339,236,339,1,69.6
2025-11-01,RR8,LEEDS TEACHING HOSPITALS NHS TRUST,NHS WEST YORKSHIRE INTEGRATED CARE BOARD,NHS trust,87103,58123,87103,1334,66.7
2025-11-01,RJ2,LEWISHAM AND GREENWICH NHS TRUST,NHS SOUTH EAST LONDON INTEGRATED CARE BOARD,NHS trust,56348,35090,56348,1225,62.3
2025-11-01,NT450,LINCOLN PRIVATE HOSPITAL,NHS LINCOLNSHIRE INTEGRATED CARE BOARD,Independent sector / other,1279,895,1279,0,70.0
2025-11-01,RP7,LINCOLNSHIRE PARTNERSHIP NHS FOUNDATION TRUST,NHS LINCOLNSHIRE INTEGRATED CARE BOARD,NHS trust,33,30,33,1,90.9
2025-11-01,RBQ,LIVERPOOL HEART AND CHEST HOSPITAL NHS FOUNDATION TRUST,NHS CHESHIRE AND MERSEYSIDE INTEGRATED CARE BOARD,NHS trust,5504,4213,5504,45,76.5
2025-11-01,REM,LIVERPOOL UNIVERSITY HOSPITALS NHS FOUNDATION TRUST,NHS CHESHIRE AND MERSEYSIDE INTEGRATED CARE BOARD,NHS trust,64629,36522,64629,1517,56.5
2025-11-01,REP,LIVERPOOL WOMEN'S NHS FOUNDATION TRUST,NHS CHESHIRE AND MERSEYSIDE INTEGRATED CARE BOARD,NHS trust,14480,7093,14480,1300,49.0
2025-11-01,NR5,LIVEWELL SOUTHWEST,NHS DEVON INTEGRATED CARE BOARD,Independent sector / other,77,74,77,0,96.1
2025-11-01,NL8,LOCALA COMMUNITY PARTNERSHIPS CIC,NHS WEST YORKSHIRE INTEGRATED CARE BOARD,Independent sector / other,1160,1097,1160,0,94.6
2025-11-01,NT422,LONDON INDEPENDENT HOSPITAL,NHS NORTH EAST LONDON INTEGRATED CARE BOARD,Independent sector / other,3787,3174,3787,23,83.8
2025-11-01,R1K,LONDON NORTH WEST UNIVERSITY HEALTHCARE NHS TRUST,NHS NORTH WEST LONDON INTEGRATED CARE BOARD,NHS trust,84374,49581,84374,1603,58.8
2025-11-01,RWF,MAIDSTONE AND TUNBRIDGE WELLS NHS TRUST,NHS KENT AND MEDWAY INTEGRATED CARE BOARD,NHS trust,49600,34779,49600,2,70.1
2025-11-01,NN5,MANCHESTER SURGICAL SERVICES LTD,NHS GREATER MANCHESTER INTEGRATED CARE BOARD,Independent sector / other,320,285,320,0,89.1
2025-11-01,R0A,MANCHESTER UNIVERSITY NHS FOUNDATION TRUST,NHS GREATER MANCHESTER INTEGRATED CARE BOARD,NHS trust,180419,97557,180419,5334,54.1
2025-11-01,NT423,MANOR HOSPITAL,"NHS BEDFORDSHIRE, LUTON AND MILTON KEYNES INTEGRATED CARE BOARD",Independent sector / other,725,381,725,2,52.6
2025-11-01,AY1,MEDEFER,NHS NORTH CENTRAL LONDON INTEGRATED CARE BOARD,Independent sector / other,259,216,259,0,83.4
2025-11-01,RPA,MEDWAY NHS FOUNDATION TRUST,NHS KENT AND MEDWAY INTEGRATED CARE BOARD,NHS trust,37104,20711,37104,914,55.8
2025-11-01,NT424,MERIDEN HOSPITAL,NHS COVENTRY AND WARWICKSHIRE INTEGRATED CARE BOARD,Independent sector / other,1787,1542,1787,1,86.3
2025-11-01,RBN,MERSEY AND WEST LANCASHIRE TEACHING HOSPITALS NHS TRUST,NHS CHESHIRE AND MERSEYSIDE INTEGRATED CARE BOARD,NHS trust,75739,47361,75739,1572,62.5
2025-11-01,RW4,MERSEY CARE NHS FOUNDATION TRUST,NHS CHESHIRE AND MERSEYSIDE INTEGRATED CARE BOARD,NHS trust,53,52,53,0,98.1
2025-11-01,RAJ,MID AND SOUTH ESSEX NHS FOUNDATION TRUST,NHS MID AND SOUTH ESSEX INTEGRATED CARE BOARD,NHS trust,180284,88650,180284,14221,49.2
2025-11-01,RBT,MID CHESHIRE HOSPITALS NHS FOUNDATION TRUST,NHS CHESHIRE AND MERSEYSIDE INTEGRATED CARE BOARD,NHS trust,41913,22897,41913,1144,54.6
2025-11-01,RXF,MID YORKSHIRE TEACHING NHS TRUST,NHS WEST YORKSHIRE INTEGRATED CARE BOARD,NHS trust,56183,34514,56183,225,61.4
2025-11-01,S4E3I,MIDLAND EYE (EYE-DOCS LTD),NHS BIRMINGHAM AND SOLIHULL INTEGRATED CARE BOARD,Independent sector / other,515,504,515,0,97.9
2025-11-01,RRE,MIDLANDS PARTNERSHIP UNIVERSITY NHS FOUNDATION TRUST,NHS STAFFORDSHIRE AND STOKE-ON-TRENT INTEGRATED CARE BOARD,NHS trust,7402,7105,7402,0,96.0
2025-11-01,RD8,MILTON KEYNES UNIVERSITY HOSPITAL NHS FOUNDATION TRUST,"NHS BEDFORDSHIRE, LUTON AND MILTON KEYNES INTEGRATED CARE BOARD",NHS trust,35016,18926,35016,1467,54.0
2025-11-01,RP6,MOORFIELDS EYE HOSPITAL NHS FOUNDATION TRUST,NHS NORTH CENTRAL LONDON INTEGRATED CARE BOARD,NHS trust,34638,28990,34638,18,83.7
2025-11-01,NT455,MOUNT ALVERNIA HOSPITAL,NHS SURREY HEARTLANDS INTEGRATED CARE BOARD,Independent sector / other,269,195,269,0,72.5
2025-11-01,NVC08,MOUNT STUART HOSPITAL,NHS DEVON INTEGRATED CARE BOARD,Independent sector / other,2146,1379,2146,37,64.3
2025-11-01,NVC09,NEW HALL HOSPITAL,"NHS BATH AND NORTH EAST SOMERSET, SWINDON AND WILTSHIRE INTEGRATED CARE BOARD",Independent sector / other,3246,2208,3246,28,68.0
2025-11-01,R7W2O,NEWCASTLE NEWMEDICA LTD,NHS NORTH EAST AND NORTH CUMBRIA INTEGRATED CARE BOARD,Independent sector / other,899,883,899,0,98.2
2025-11-01,N8R1N,NEWMEDICA - BERKSHIRE,NHS FRIMLEY INTEGRATED CARE BOARD,Independent sector / other,1222,1046,1222,0,85.6
2025-11-01,C5Y9L,NEWMEDICA - BERKSHIRE - BRACKNELL,NHS FRIMLEY INTEGRATED CARE BOARD,Independent sector / other,71,59,71,0,83.1
2025-11-01,S1Z4X,NEWMEDICA - BIRMINGHAM,NHS BIRMINGHAM AND SOLIHULL INTEGRATED CARE BOARD,Independent sector / other,836,724,836,2,86.6
2025-11-01,C9A7J,NEWMEDICA - BRADFORD & HUDDERSFIELD,NHS WEST YORKSHIRE INTEGRATED CARE BOARD,Independent sector / other,457,432,457,0,94.5
2025-11-01,ACG22,NEWMEDICA - BRIGG - RIVERSIDE SURGERY,NHS HUMBER AND NORTH YORKSHIRE INTEGRATED CARE BOARD,Independent sector / other,981,767,981,0,78.2
2025-11-01,ACG20,NEWMEDICA - BRISTOL - LITFIELD HOUSE,"NHS BRISTOL, NORTH SOMERSET AND SOUTH GLOUCESTERSHIRE INTEGRATED CARE BOARD",Independent sector / other,380,347,380,0,91.3
2025-11-01,H2K1G,NEWMEDICA - BROMSGROVE,NHS HEREFORDSHIRE AND WORCESTERSHIRE INTEGRATED CARE BOARD,Independent sector / other,337,322,337,0,95.5
2025-11-01,F1Y1H,NEWMEDICA - CHESHIRE OAKS,NHS CHESHIRE AND MERSEYSIDE INTEGRATED CARE BOARD,Independent sector / other,499,464,499,0,93.0
2025-11-01,F0R0W,NEWMEDICA - DARLINGTON,NHS NORTH EAST AND NORTH CUMBRIA INTEGRATED CARE BOARD,Independent sector / other,58,58,58,0,100.0
2025-11-01,ACG36,NEWMEDICA - EXETER - GLEN HOUSE,NHS DEVON INTEGRATED CARE BOARD,Independent sector / other,438,418,438,0,95.4
2025-11-01,ACG13,NEWMEDICA - GLOUCESTER (ASPEN MEDICAL CENTRE),NHS GLOUCESTERSHIRE INTEGRATED CARE BOARD,Independent sector / other,432,347,432,1,80.3
2025-11-01,L0D9W,NEWMEDICA - GLOUCESTER (BRIGHOUSE COURT),NHS GLOUCESTERSHIRE INTEGRATED CARE BOARD,Independent sector / other,1167,1077,1167,2,92.3
2025-11-01,L4R3R,NEWMEDICA - HAMPSHIRE,NHS HAMPSHIRE AND ISLE OF WIGHT INTEGRATED CARE BOARD,Independent sector / other,2165,1631,2165,7,75.3
2025-11-01,Z1E5F,NEWMEDICA - HARROGATE,NHS HUMBER AND NORTH YORKSHIRE INTEGRATED CARE BOARD,Independent sector / other,243,230,243,0,94.7
2025-11-01,F7F6D,NEWMEDICA - HERTFORSHIRE - WELWYN GARDEN CITY,NHS HERTFORDSHIRE AND WEST ESSEX INTEGRATED CARE BOARD,Independent sector / other,835,705,835,0,84.4
2025-11-01,ACG37,NEWMEDICA - IPSWICH,NHS SUFFOLK AND NORTH EAST ESSEX INTEGRATED CARE BOARD,Independent sector / other,930,911,930,0,98.0
2025-11-01,ACG38,NEWMEDICA - LANGFORD,"NHS BRISTOL, NORTH SOMERSET AND SOUTH GLOUCESTERSHIRE INTEGRATED CARE BOARD",Independent sector / other,468,384,468,0,82.1
2025-11-01,N6Z0R,NEWMEDICA - LINCOLN,NHS LINCOLNSHIRE INTEGRATED CARE BOARD,Independent sector / other,50,43,50,0,86.0
2025-11-01,Z2L9B,NEWMEDICA - MANCHESTER WEST,NHS GREATER MANCHESTER INTEGRATED CARE BOARD,Independent sector / other,422,303,422,0,71.8
2025-11-01,ACG26,NEWMEDICA - NORTH DERBYSHIRE - MIDLAND COURT,NHS DERBY AND DERBYSHIRE INTEGRATED CARE BOARD,Independent sector / other,1189,1116,1189,0,93.9
2025-11-01,M4C5R,NEWMEDICA - NORTHAMPTON,NHS NORTHAMPTONSHIRE INTEGRATED CARE BOARD,Independent sector / other,995,932,995,0,93.7
2025-11-01,B5M7B,NEWMEDICA - NORWICH,NHS NORFOLK AND WAVENEY INTEGRATED CARE BOARD,Independent sector / other,1594,1506,1594,0,94.5
2025-11-01,B1A5K,NEWMEDICA - NOTTINGHAM,NHS NOTTINGHAM AND NOTTINGHAMSHIRE INTEGRATED CARE BOARD,Independent sector / other,649,610,649,0,94.0
2025-11-01,M6L9D,NEWMEDICA - NOTTINGHAM - KEYWORTH,NHS NOTTINGHAM AND NOTTINGHAMSHIRE INTEGRATED CARE BOARD,Independent sector / other,36,36,36,0,100.0
2025-11-01,J3J8Z,NEWMEDICA - OXFORDSHIRE,"NHS BUCKINGHAMSHIRE, OXFORDSHIRE AND BERKSHIRE WEST INTEGRATED CARE BOARD",Independent sector / other,641,626,641,0,97.7
2025-11-01,P5Y6K,NEWMEDICA - SHREWSBURY,"NHS SHROPSHIRE, TELFORD AND WREKIN INTEGRATED CARE BOARD",Independent sector / other,588,569,588,0,96.8
2025-11-01,ACG39,NEWMEDICA - SWINDON,"NHS BATH AND NORTH EAST SOMERSET, SWINDON AND WILTSHIRE INTEGRATED CARE BOARD",Independent sector / other,25,14,25,0,56.0
2025-11-01,D0V5X,NEWMEDICA - SWINDON MURDOCK ROAD,"NHS BATH AND NORTH EAST SOMERSET, SWINDON AND WILTSHIRE INTEGRATED CARE BOARD",Independent sector / other,130,115,130,0,88.5
2025-11-01,ACG24,NEWMEDICA - TEESSIDE - NORTH ORMESBY,NHS NORTH EAST AND NORTH CUMBRIA INTEGRATED CARE BOARD,Independent sector / other,1171,1152,1171,0,98.4
2025-11-01,ACG40,NEWMEDICA - WAKEFIELD,NHS WEST YORKSHIRE INTEGRATED CARE BOARD,Independent sector / other,642,553,642,0,86.1
2025-11-01,ACG31,NEWMEDICA - WORCESTER,NHS HEREFORDSHIRE AND WORCESTERSHIRE INTEGRATED CARE BOARD,Independent sector / other,744,711,744,0,95.6
2025-11-01,ACG30,NEWMEDICA - WORKSOP - DUKERIES,NHS NOTTINGHAM AND NOTTINGHAMSHIRE INTEGRATED CARE BOARD,Independent sector / other,160,151,160,0,94.4
2025-11-01,H4J9P,NEWMEDICA AZTEC WEST,"NHS BRISTOL, NORTH SOMERSET AND SOUTH GLOUCESTERSHIRE INTEGRATED CARE BOARD",Independent sector / other,924,726,924,0,78.6
2025-11-01,ACG19,NEWMEDICA COMMUNITY OPHTHALMOLOGY - LEEDS,NHS WEST YORKSHIRE INTEGRATED CARE BOARD,Independent sector / other,749,678,749,0,90.5
2025-11-01,ACG12,NEWMEDICA COMMUNITY OPHTHALMOLOGY - NORTH EAST LINCOLNSHIRE - GRIMSBY,NHS HUMBER AND NORTH YORKSHIRE INTEGRATED CARE BOARD,Independent sector / other,1268,984,1268,0,77.6
2025-11-01,A4Q9X,NEWMEDICA LEICESTER,"NHS LEICESTER, LEICESTERSHIRE AND RUTLAND INTEGRATED CARE BOARD",Independent sector / other,709,692,709,0,97.6
2025-11-01,ACG08,NEWMEDICA OPHTHALMOLOGY - NUNEATON - CAMP HILL - GP LED HEALTH CENTRE,NHS COVENTRY AND WARWICKSHIRE INTEGRATED CARE BOARD,Independent sector / other,20,20,20,0,100.0
2025-11-01,G4H0I,NEWMEDICA SUFFOLK - BURY ST EDMUNDS - CLARITY HOUSE,NHS SUFFOLK AND NORTH EAST ESSEX INTEGRATED CARE BOARD,Independent sector / other,654,644,654,0,98.5
2025-11-01,RM1,NORFOLK AND NORWICH UNIVERSITY HOSPITALS NHS FOUNDATION TRUST,NHS NORFOLK AND WAVENEY INTEGRATED CARE BOARD,NHS trust,77070,42401,77070,3615,55.0
2025-11-01,RVJ,NORTH BRISTOL NHS TRUST,"NHS BRISTOL, NORTH SOMERSET AND SOUTH GLOUCESTERSHIRE INTEGRATED CARE BOARD",NHS trust,43632,28964,43632,127,66.4
2025-11-01,RNN,NORTH CUMBRIA INTEGRATED CARE NHS FOUNDATION TRUST,NHS NORTH EAST AND NORTH CUMBRIA INTEGRATED CARE BOARD,NHS trust,39040,21539,39040,1447,55.2
2025-11-01,NVC11,NORTH DOWNS HOSPITAL,NHS SURREY HEARTLANDS INTEGRATED CARE BOARD,Independent sector / other,1557,1073,1557,11,68.9
2025-11-01,RVW,NORTH TEES AND HARTLEPOOL NHS FOUNDATION TRUST,NHS NORTH EAST AND NORTH CUMBRIA INTEGRATED CARE BOARD,NHS trust,21991,16002,21991,182,72.8
2025-11-01,RGN,NORTH WEST ANGLIA NHS FOUNDATION TRUST,NHS CAMBRIDGESHIRE AND PETERBOROUGH INTEGRATED CARE BOARD,NHS trust,79111,45421,79111,1017,57.4
2025-11-01,RNS,NORTHAMPTON GENERAL HOSPITAL NHS TRUST,NHS NORTHAMPTONSHIRE INTEGRATED CARE BOARD,NHS trust,43579,26368,43579,611,60.5
2025-11-01,RM3,NORTHERN CARE ALLIANCE NHS FOUNDATION TRUST,NHS GREATER MANCHESTER INTEGRATED CARE BOARD,NHS trust,138004,74131,138004,4352,53.7
2025-11-01,RJL,NORTHERN LINCOLNSHIRE AND GOOLE NHS FOUNDATION TRUST,NHS HUMBER AND NORTH YORKSHIRE INTEGRATED CARE BOARD,NHS trust,39298,23380,39298,988,59.5
2025-11-01,RTF,NORTHUMBRIA HEALTHCARE NHS FOUNDATION TRUST,NHS NORTH EAST AND NORTH CUMBRIA INTEGRATED CARE BOARD,NHS trust,34956,28621,34956,4,81.9
2025-11-01,DFQ,NORWICH & NORFOLK SURGICAL LTD (N2S),NHS NORFOLK AND WAVENEY INTEGRATED CARE BOARD,Independent sector / other,1081,977,1081,0,90.4
2025-11-01,RX1,NOTTINGHAM UNIVERSITY HOSPITALS NHS TRUST,NHS NOTTINGHAM AND NOTTINGHAMSHIRE INTEGRATED CARE BOARD,NHS trust,87950,50428,87950,2586,57.3
2025-11-01,NQH,NOVUS HEALTH LTD,NHS WEST YORKSHIRE INTEGRATED CARE BOARD,Independent sector / other,1199,1154,1199,0,96.2
2025-11-01,G3Q3Z,NUFFIELD HEALTH HIGHGATE HOSPITAL,NHS NORTH CENTRAL LONDON INTEGRATED CARE BOARD,Independent sector / other,786,628,786,6,79.9
2025-11-01,R0F4N,NUFFIELD HEALTH PARKSIDE HOSPITAL,NHS SOUTH WEST LONDON INTEGRATED CARE BOARD,Independent sector / other,888,528,888,176,59.5
2025-11-01,H4I8B,NUFFIELD HEALTH THE HOLLY HOSPITAL,NHS HERTFORDSHIRE AND WEST ESSEX INTEGRATED CARE BOARD,Independent sector / other,3122,2651,3122,19,84.9
2025-11-01,NT202,"NUFFIELD HEALTH, BOURNEMOUTH HOSPITAL",NHS DORSET INTEGRATED CARE BOARD,Independent sector / other,331,251,331,2,75.8
2025-11-01,NT204,"NUFFIELD HEALTH, BRENTWOOD HOSPITAL",NHS MID AND SOUTH ESSEX INTEGRATED CARE BOARD,Independent sector / other,4,3,4,0,75.0
2025-11-01,NT205,"NUFFIELD HEALTH, BRIGHTON HOSPITAL",NHS SUSSEX INTEGRATED CARE BOARD,Independent sector / other,761,331,761,67,43.5
2025-11-01,NT206,"NUFFIELD HEALTH, BRISTOL HOSPITAL (CHESTERFIELD)","NHS BRISTOL, NORTH SOMERSET AND SOUTH GLOUCESTERSHIRE INTEGRATED CARE BOARD",Independent sector / other,710,479,710,3,67.5
2025-11-01,NT209,"NUFFIELD HEALTH, CAMBRIDGE HOSPITAL",NHS CAMBRIDGESHIRE AND PETERBOROUGH INTEGRATED CARE BOARD,Independent sector / other,299,199,299,1,66.6
2025-11-01,NT211,"NUFFIELD HEALTH, CHELTENHAM HOSPITAL",NHS GLOUCESTERSHIRE INTEGRATED CARE BOARD,Independent sector / other,85,10,85,8,11.8
2025-11-01,NT212,"NUFFIELD HEALTH, CHICHESTER HOSPITAL",NHS SUSSEX INTEGRATED CARE BOARD,Independent sector / other,791,570,791,12,72.1
2025-11-01,NT213,"NUFFIELD HEALTH, DERBY HOSPITAL",NHS DERBY AND DERBYSHIRE INTEGRATED CARE BOARD,Independent sector / other,1028,590,1028,38,57.4
2025-11-01,NT215,"NUFFIELD HEALTH, EXETER HOSPITAL",NHS DEVON INTEGRATED CARE BOARD,Independent sector / other,431,140,431,100,32.5
2025-11-01,NT216,"NUFFIELD HEALTH, GUILDFORD HOSPITAL",NHS SURREY HEARTLANDS INTEGRATED CARE BOARD,Independent sector / other,240,134,240,30,55.8
2025-11-01,NT218,"NUFFIELD HEALTH, HAYWARDS HEATH HOSPITAL",NHS SUSSEX INTEGRATED CARE BOARD,Independent sector / other,445,272,445,2,61.1
2025-11-01,NT219,"NUFFIELD HEALTH, HEREFORD HOSPITAL",NHS HEREFORDSHIRE AND WORCESTERSHIRE INTEGRATED CARE BOARD,Independent sector / other,348,306,348,0,87.9
2025-11-01,NT225,"NUFFIELD HEALTH, LEEDS HOSPITAL",NHS WEST YORKSHIRE INTEGRATED CARE BOARD,Independent sector / other,1285,782,1285,199,60.9
2025-11-01,NT226,"NUFFIELD HEALTH, LEICESTER HOSPITAL","NHS LEICESTER, LEICESTERSHIRE AND RUTLAND INTEGRATED CARE BOARD",Independent sector / other,368,314,368,9,85.3
2025-11-01,NT229,"NUFFIELD HEALTH, NEWCASTLE UPON TYNE HOSPITAL",NHS NORTH EAST AND NORTH CUMBRIA INTEGRATED CARE BOARD,Independent sector / other,562,294,562,8,52.3
2025-11-01,NT230,"NUFFIELD HEALTH, NORTH STAFFORDSHIRE HOSPITAL",NHS STAFFORDSHIRE AND STOKE-ON-TRENT INTEGRATED CARE BOARD,Independent sector / other,1108,852,1108,4,76.9
2025-11-01,NT233,"NUFFIELD HEALTH, PLYMOUTH HOSPITAL",NHS DEVON INTEGRATED CARE BOARD,Independent sector / other,981,641,981,16,65.3
2025-11-01,NT235,"NUFFIELD HEALTH, SHREWSBURY HOSPITAL","NHS SHROPSHIRE, TELFORD AND WREKIN INTEGRATED CARE BOARD",Independent sector / other,482,448,482,0,92.9
2025-11-01,NT238,"NUFFIELD HEALTH, TAUNTON HOSPITAL",NHS SOMERSET INTEGRATED CARE BOARD,Independent sector / other,337,225,337,3,66.8
2025-11-01,NT237,"NUFFIELD HEALTH, TEES HOSPITAL",NHS NORTH EAST AND NORTH CUMBRIA INTEGRATED CARE BOARD,Independent sector / other,1269,974,1269,0,76.8
2025-11-01,NT210,"NUFFIELD HEALTH, THE GROSVENOR HOSPITAL, CHESTER",NHS CHESHIRE AND MERSEYSIDE INTEGRATED CARE BOARD,Independent sector / other,537,350,537,0,65.2
2025-11-01,NT239,"NUFFIELD HEALTH, TUNBRIDGE WELLS HOSPITAL",NHS KENT AND MEDWAY INTEGRATED CARE BOARD,Independent sector / other,81,65,81,0,80.2
2025-11-01,NT224,"NUFFIELD HEALTH, WARWICKSHIRE HOSPITAL",NHS COVENTRY AND WARWICKSHIRE INTEGRATED CARE BOARD,Independent sector / other,452,318,452,15,70.4
2025-11-01,NT214,"NUFFIELD HEALTH, WESSEX HOSPITAL",NHS HAMPSHIRE AND ISLE OF WIGHT INTEGRATED CARE BOARD,Independent sector / other,621,403,621,2,64.9
2025-11-01,NT241,"NUFFIELD HEALTH, WOKING HOSPITAL",NHS SURREY HEARTLANDS INTEGRATED CARE BOARD,Independent sector / other,478,352,478,33,73.6
2025-11-01,NT242,"NUFFIELD HEALTH, WOLVERHAMPTON HOSPITAL",NHS BLACK COUNTRY INTEGRATED CARE BOARD,Independent sector / other,631,538,631,4,85.3
2025-11-01,NT245,"NUFFIELD HEALTH, YORK HOSPITAL",NHS HUMBER AND NORTH YORKSHIRE INTEGRATED CARE BOARD,Independent sector / other,1065,873,1065,1,82.0
2025-11-01,NT244,NUFFIELD HOSPITAL OXFORD (THE MANOR),"NHS BUCKINGHAMSHIRE, OXFORDSHIRE AND BERKSHIRE WEST INTEGRATED CARE BOARD",Independent sector / other,121,90,121,0,74.4
2025-11-01,NVC12,OAKLANDS HOSPITAL,NHS GREATER MANCHESTER INTEGRATED CARE BOARD,Independent sector / other,4105,3101,4105,0,75.5
2025-11-01,NVC13,OAKS HOSPITAL,NHS SUFFOLK AND NORTH EAST ESSEX INTEGRATED CARE BOARD,Independent sector / other,885,563,885,16,63.6
2025-11-01,DXV,OMNES HEALTHCARE LTD,NHS GREATER MANCHESTER INTEGRATED CARE BOARD,Independent sector / other,13004,9598,13004,122,73.8
2025-11-01,AVQ01,ONE ASHFORD HOSPITAL,NHS KENT AND MEDWAY INTEGRATED CARE BOARD,Independent sector / other,1076,882,1076,18,82.0
2025-11-01,AVQ03,ONE HATFIELD HOSPITAL,NHS HERTFORDSHIRE AND WEST ESSEX INTEGRATED CARE BOARD,Independent sector / other,387,290,387,6,74.9
2025-11-01,AWR,ONE STOP DOCTORS LIMITED,NHS HERTFORDSHIRE AND WEST ESSEX INTEGRATED CARE BOARD,Independent sector / other,263,258,263,0,98.1
2025-11-01,NNH,OPTEGRA UK,NHS SURREY HEARTLANDS INTEGRATED CARE BOARD,Independent sector / other,7491,7489,7491,0,100.0
2025-11-01,NQM01,ORTHOPAEDICS & SPINE SPECIALIST HOSPITAL SITE,NHS CAMBRIDGESHIRE AND PETERBOROUGH INTEGRATED CARE BOARD,Independent sector / other,156,140,156,0,89.7
2025-11-01,Q2Y5H,OVIVA UK LTD,NHS SOUTH EAST LONDON INTEGRATED CARE BOARD,Independent sector / other,11417,7281,11417,6,63.8
2025-11-01,RTH,OXFORD UNIVERSITY HOSPITALS NHS FOUNDATION TRUST,"NHS BUCKINGHAMSHIRE, OXFORDSHIRE AND BERKSHIRE WEST INTEGRATED CARE BOARD",NHS trust,84101,50781,84101,2263,60.4
2025-11-01,RPG,OXLEAS NHS FOUNDATION TRUST,NHS SOUTH EAST LONDON INTEGRATED CARE BOARD,NHS trust,1313,840,1313,32,64.0
2025-11-01,NVC14,PARK HILL HOSPITAL,NHS SOUTH YORKSHIRE INTEGRATED CARE BOARD,Independent sector / other,763,617,763,0,80.9
2025-11-01,NT427,PARK HOSPITAL,NHS NOTTINGHAM AND NOTTINGHAMSHIRE INTEGRATED CARE BOARD,Independent sector / other,1733,1326,1733,29,76.5
2025-11-01,V3J9W,PASTEL HEALTH,NHS NORTH EAST LONDON INTEGRATED CARE BOARD,Independent sector / other,30,30,30,0,100.0
2025-11-01,NEQ,PHOENIX HEALTH SOLUTIONS LIMITED HQ,NHS WEST YORKSHIRE INTEGRATED CARE BOARD,Independent sector / other,605,589,605,0,97.4
2025-11-01,DTT,PHOENIX PUBLIC HEALTH LTD,NHS CHESHIRE AND MERSEYSIDE INTEGRATED CARE BOARD,Independent sector / other,204,146,204,9,71.6
2025-11-01,NVC15,PINEHILL HOSPITAL,NHS HERTFORDSHIRE AND WEST ESSEX INTEGRATED CARE BOARD,Independent sector / other,1551,1215,1551,2,78.3
2025-11-01,NEY,PIONEER HEALTHCARE LIMITED,NHS SOUTH YORKSHIRE INTEGRATED CARE BOARD,Independent sector / other,789,190,789,255,24.1
2025-11-01,D3O0Z,PLYMOUTH NEWMEDICA LTD,NHS DEVON INTEGRATED CARE BOARD,Independent sector / other,434,404,434,1,93.1
2025-11-01,RHU,PORTSMOUTH HOSPITALS UNIVERSITY NHS TRUST,NHS HAMPSHIRE AND ISLE OF WIGHT INTEGRATED CARE BOARD,NHS trust,58220,34016,58220,2515,58.4
2025-11-01,NTP13,PRACTICE PLUS GROUP HOSPITAL - BARLBOROUGH,NHS DERBY AND DERBYSHIRE INTEGRATED CARE BOARD,Independent sector / other,1948,1403,1948,5,72.0
2025-11-01,NTPH2,PRACTICE PLUS GROUP HOSPITAL - EMERSONS GREEN,"NHS BRISTOL, NORTH SOMERSET AND SOUTH GLOUCESTERSHIRE INTEGRATED CARE BOARD",Independent sector / other,4393,3494,4393,0,79.5
2025-11-01,NTP15,PRACTICE PLUS GROUP HOSPITAL - ILFORD,NHS NORTH EAST LONDON INTEGRATED CARE BOARD,Independent sector / other,5660,3963,5660,1,70.0
2025-11-01,NTPH5,PRACTICE PLUS GROUP HOSPITAL - PLYMOUTH,NHS DEVON INTEGRATED CARE BOARD,Independent sector / other,1827,1220,1827,9,66.8
2025-11-01,NTPH1,PRACTICE PLUS GROUP HOSPITAL - SHEPTON MALLET,NHS SOMERSET INTEGRATED CARE BOARD,Independent sector / other,3011,2250,3011,11,74.7
2025-11-01,NTP11,PRACTICE PLUS GROUP HOSPITAL - SOUTHAMPTON,NHS HAMPSHIRE AND ISLE OF WIGHT INTEGRATED CARE BOARD,Independent sector / other,8154,5136,8154,11,63.0
2025-11-01,M2Y6D,PRACTICE PLUS GROUP HOSPITAL BIRMINGHAM,NHS BIRMINGHAM AND SOLIHULL INTEGRATED CARE BOARD,Independent sector / other,831,698,831,0,84.0
2025-11-01,NTPAE,PRACTICE PLUS GROUP OPHTHALMOLOGY - NORTH WEST,NHS GREATER MANCHESTER INTEGRATED CARE BOARD,Independent sector / other,2551,1423,2551,0,55.8
2025-11-01,NTPH3,PRACTICE PLUS GROUP SURGICAL CENTRE - DEVIZES,"NHS BATH AND NORTH EAST SOMERSET, SWINDON AND WILTSHIRE INTEGRATED CARE BOARD",Independent sector / other,2589,2008,2589,3,77.6
2025-11-01,NTP16,PRACTICE PLUS GROUP SURGICAL CENTRE - GILLINGHAM,NHS KENT AND MEDWAY INTEGRATED CARE BOARD,Independent sector / other,990,915,990,0,92.4
2025-11-01,NTPAD,PRACTICE PLUS GROUP SURGICAL CENTRE - ST MARYS PORTSMOUTH,NHS HAMPSHIRE AND ISLE OF WIGHT INTEGRATED CARE BOARD,Independent sector / other,2261,2118,2261,2,93.7
2025-11-01,NT428,PRINCESS MARGARET HOSPITAL,NHS FRIMLEY INTEGRATED CARE BOARD,Independent sector / other,75,69,75,0,92.0
2025-11-01,NT429,PRIORY HOSPITAL,NHS BIRMINGHAM AND SOLIHULL INTEGRATED CARE BOARD,Independent sector / other,423,364,423,0,86.1
2025-11-01,NAM01,PROBUS SURGICAL CENTRE,NHS CORNWALL AND THE ISLES OF SCILLY INTEGRATED CARE BOARD,Independent sector / other,1276,1134,1276,1,88.9
2025-11-01,NQX,PROVIDE ENTERPRISES,NHS SUFFOLK AND NORTH EAST ESSEX INTEGRATED CARE BOARD,Independent sector / other,107,107,107,0,100.0
2025-11-01,RPC,QUEEN VICTORIA HOSPITAL NHS FOUNDATION TRUST,NHS SUSSEX INTEGRATED CARE BOARD,NHS trust,20026,12494,20026,268,62.4
2025-11-01,GEC01,RAPID INVESTIGATION SERVICE,NHS HAMPSHIRE AND ISLE OF WIGHT INTEGRATED CARE BOARD,Independent sector / other,116,116,116,0,100.0
2025-11-01,NVC16,RENACRES HOSPITAL,NHS LANCASHIRE AND SOUTH CUMBRIA INTEGRATED CARE BOARD,Independent sector / other,4958,3516,4958,10,70.9
2025-11-01,NT430,RIDGEWAY HOSPITAL,"NHS BATH AND NORTH EAST SOMERSET, SWINDON AND WILTSHIRE INTEGRATED CARE BOARD",Independent sector / other,320,278,320,0,86.9
2025-11-01,NVC19,RIVERS HOSPITAL,NHS HERTFORDSHIRE AND WEST ESSEX INTEGRATED CARE BOARD,Independent sector / other,4246,2941,4246,43,69.3
2025-11-01,NVC17,ROWLEY HALL HOSPITAL,NHS STAFFORDSHIRE AND STOKE-ON-TRENT INTEGRATED CARE BOARD,Independent sector / other,2438,1768,2438,2,72.5
2025-11-01,RHW,ROYAL BERKSHIRE NHS FOUNDATION TRUST,"NHS BUCKINGHAMSHIRE, OXFORDSHIRE AND BERKSHIRE WEST INTEGRATED CARE BOARD",NHS trust,34174,27917,34174,31,81.7
2025-11-01,REF,ROYAL CORNWALL HOSPITALS NHS TRUST,NHS CORNWALL AND THE ISLES OF SCILLY INTEGRATED CARE BOARD,NHS trust,40995,29894,40995,298,72.9
2025-11-01,RH8,ROYAL DEVON UNIVERSITY HEALTHCARE NHS FOUNDATION TRUST,NHS DEVON INTEGRATED CARE BOARD,NHS trust,72715,44391,72715,1867,61.0
2025-11-01,RAL,ROYAL FREE LONDON NHS FOUNDATION TRUST,NHS NORTH CENTRAL LONDON INTEGRATED CARE BOARD,NHS trust,136986,80427,136986,2381,58.7
2025-11-01,RAN,ROYAL NATIONAL ORTHOPAEDIC HOSPITAL NHS TRUST,NHS NORTH WEST LONDON INTEGRATED CARE BOARD,NHS trust,9848,7188,9848,35,73.0
2025-11-01,RGM,ROYAL PAPWORTH HOSPITAL NHS FOUNDATION TRUST,NHS CAMBRIDGESHIRE AND PETERBOROUGH INTEGRATED CARE BOARD,NHS trust,5702,4239,5702,9,74.3
2025-11-01,RA2,ROYAL SURREY NHS FOUNDATION TRUST,NHS SURREY HEARTLANDS INTEGRATED CARE BOARD,NHS trust,29333,17891,29333,541,61.0
2025-11-01,RD1,ROYAL UNITED HOSPITALS BATH NHS FOUNDATION TRUST,"NHS BATH AND NORTH EAST SOMERSET, SWINDON AND WILTSHIRE INTEGRATED CARE BOARD",NHS trust,38611,24324,38611,545,63.0
2025-11-01,NT431,RUNNYMEDE HOSPITAL,NHS SURREY HEARTLANDS INTEGRATED CARE BOARD,Independent sector / other,153,113,153,13,73.9
2025-11-01,RNZ,SALISBURY NHS FOUNDATION TRUST,"NHS BATH AND NORTH EAST SOMERSET, SWINDON AND WILTSHIRE INTEGRATED CARE BOARD",NHS trust,29203,19908,29203,170,68.2
2025-11-01,RXK,SANDWELL AND WEST BIRMINGHAM HOSPITALS NHS TRUST,NHS BLACK COUNTRY INTEGRATED CARE BOARD,NHS trust,67619,39549,67619,661,58.5
2025-11-01,NT433,SARUM ROAD HOSPITAL,NHS HAMPSHIRE AND ISLE OF WIGHT INTEGRATED CARE BOARD,Independent sector / other,367,220,367,0,59.9
2025-11-01,NT434,SAXON CLINIC,"NHS BEDFORDSHIRE, LUTON AND MILTON KEYNES INTEGRATED CARE BOARD",Independent sector / other,642,368,642,6,57.3
2025-11-01,RCU,SHEFFIELD CHILDREN'S NHS FOUNDATION TRUST,NHS SOUTH YORKSHIRE INTEGRATED CARE BOARD,NHS trust,11376,7334,11376,230,64.5
2025-11-01,NT435,SHELBURNE HOSPITAL,"NHS BUCKINGHAMSHIRE, OXFORDSHIRE AND BERKSHIRE WEST INTEGRATED CARE BOARD",Independent sector / other,177,148,177,0,83.6
2025-11-01,RK5,SHERWOOD FOREST HOSPITALS NHS FOUNDATION TRUST,NHS NOTTINGHAM AND NOTTINGHAMSHIRE INTEGRATED CARE BOARD,NHS trust,36319,21899,36319,308,60.3
2025-11-01,NT436,SHIRLEY OAKS HOSPITAL,NHS SOUTH WEST LONDON INTEGRATED CARE BOARD,Independent sector / other,908,722,908,10,79.5
2025-11-01,R1D,SHROPSHIRE COMMUNITY HEALTH NHS TRUST,"NHS SHROPSHIRE, TELFORD AND WREKIN INTEGRATED CARE BOARD",NHS trust,7890,6383,7890,23,80.9
2025-11-01,NLX,SIRONA CARE & HEALTH,"NHS BRISTOL, NORTH SOMERSET AND SOUTH GLOUCESTERSHIRE INTEGRATED CARE BOARD",Independent sector / other,6911,4785,6911,0,69.2
2025-11-01,NT437,SLOANE HOSPITAL,NHS SOUTH EAST LONDON INTEGRATED CARE BOARD,Independent sector / other,827,679,827,18,82.1
2025-11-01,RH5,SOMERSET NHS FOUNDATION TRUST,NHS SOMERSET INTEGRATED CARE BOARD,NHS trust,56659,35319,56659,1313,62.3
2025-11-01,NFH,SOMERSET SURGICAL SERVICES HQ,"NHS BRISTOL, NORTH SOMERSET AND SOUTH GLOUCESTERSHIRE INTEGRATED CARE BOARD",Independent sector / other,1153,1068,1153,0,92.6
2025-11-01,RTR,SOUTH TEES HOSPITALS NHS FOUNDATION TRUST,NHS NORTH EAST AND NORTH CUMBRIA INTEGRATED CARE BOARD,NHS trust,56112,34673,56112,1255,61.8
2025-11-01,R0B,SOUTH TYNESIDE AND SUNDERLAND NHS FOUNDATION TRUST,NHS NORTH EAST AND NORTH CUMBRIA INTEGRATED CARE BOARD,NHS trust,57660,43805,57660,13,76.0
2025-11-01,RJC,SOUTH WARWICKSHIRE UNIVERSITY NHS FOUNDATION TRUST,NHS COVENTRY AND WARWICKSHIRE INTEGRATED CARE BOARD,NHS trust,31676,20622,31676,456,65.1
2025-11-01,RXG,SOUTH WEST YORKSHIRE PARTNERSHIP NHS FOUNDATION TRUST,NHS WEST YORKSHIRE INTEGRATED CARE BOARD,NHS trust,4616,4514,4616,0,97.8
2025-11-01,NT490,SOUTHEND PRIVATE HOSPITAL,NHS MID AND SOUTH ESSEX INTEGRATED CARE BOARD,Independent sector / other,1480,1043,1480,0,70.5
2025-11-01,NPG19,SPAMEDICA BEDFORD,"NHS BEDFORDSHIRE, LUTON AND MILTON KEYNES INTEGRATED CARE BOARD",Independent sector / other,209,202,209,0,96.7
2025-11-01,D5P5H,SPAMEDICA BEXHILL,NHS SUSSEX INTEGRATED CARE BOARD,Independent sector / other,272,268,272,0,98.5
2025-11-01,NPG11,SPAMEDICA BIRMINGHAM,NHS BIRMINGHAM AND SOLIHULL INTEGRATED CARE BOARD,Independent sector / other,555,539,555,0,97.1
2025-11-01,C3Y0A,SPAMEDICA BLACKPOOL,NHS LANCASHIRE AND SOUTH CUMBRIA INTEGRATED CARE BOARD,Independent sector / other,178,174,178,0,97.8
2025-11-01,NPG08,SPAMEDICA BOLTON,NHS GREATER MANCHESTER INTEGRATED CARE BOARD,Independent sector / other,475,466,475,0,98.1
2025-11-01,I2C7H,SPAMEDICA BRADFORD,NHS WEST YORKSHIRE INTEGRATED CARE BOARD,Independent sector / other,214,201,214,0,93.9
2025-11-01,I9A4A,SPAMEDICA BRIGHTON,NHS SUSSEX INTEGRATED CARE BOARD,Independent sector / other,224,196,224,0,87.5
2025-11-01,P1B7M,SPAMEDICA BRISTOL,"NHS BRISTOL, NORTH SOMERSET AND SOUTH GLOUCESTERSHIRE INTEGRATED CARE BOARD",Independent sector / other,120,116,120,0,96.7
2025-11-01,Y8L9S,SPAMEDICA BROMLEY,NHS SOUTH EAST LONDON INTEGRATED CARE BOARD,Independent sector / other,383,361,383,0,94.3
2025-11-01,O6X7Z,SPAMEDICA CAMBRIDGE,NHS CAMBRIDGESHIRE AND PETERBOROUGH INTEGRATED CARE BOARD,Independent sector / other,244,236,244,0,96.7
2025-11-01,E1U4T,SPAMEDICA CARLISLE,NHS NORTH EAST AND NORTH CUMBRIA INTEGRATED CARE BOARD,Independent sector / other,414,405,414,0,97.8
2025-11-01,NPG16,SPAMEDICA CHELMSFORD,NHS MID AND SOUTH ESSEX INTEGRATED CARE BOARD,Independent sector / other,499,473,499,0,94.8
2025-11-01,V4U1Y,SPAMEDICA CHESTER,NHS CHESHIRE AND MERSEYSIDE INTEGRATED CARE BOARD,Independent sector / other,153,141,153,0,92.2
2025-11-01,T4I8V,SPAMEDICA CHESTERFIELD,NHS DERBY AND DERBYSHIRE INTEGRATED CARE BOARD,Independent sector / other,89,85,89,0,95.5
2025-11-01,J2H6H,SPAMEDICA COLCHESTER,NHS SUFFOLK AND NORTH EAST ESSEX INTEGRATED CARE BOARD,Independent sector / other,105,101,105,0,96.2
2025-11-01,NPG21,SPAMEDICA COVENTRY,NHS COVENTRY AND WARWICKSHIRE INTEGRATED CARE BOARD,Independent sector / other,374,352,374,0,94.1
2025-11-01,N1N0Y,SPAMEDICA CROYDON,NHS SOUTH WEST LONDON INTEGRATED CARE BOARD,Independent sector / other,79,74,79,0,93.7
2025-11-01,V8N5R,SPAMEDICA DALSTON,NHS NORTH EAST LONDON INTEGRATED CARE BOARD,Independent sector / other,302,283,302,0,93.7
2025-11-01,NPG23,SPAMEDICA DERBY,NHS DERBY AND DERBYSHIRE INTEGRATED CARE BOARD,Independent sector / other,185,172,185,0,93.0
2025-11-01,T8V3L,SPAMEDICA DONCASTER,NHS SOUTH YORKSHIRE INTEGRATED CARE BOARD,Independent sector / other,144,139,144,1,96.5
2025-11-01,H4Y7F,SPAMEDICA DORCHESTER,NHS DORSET INTEGRATED CARE BOARD,Independent sector / other,176,174,176,0,98.9
2025-11-01,M7C9Q,SPAMEDICA EPSOM,NHS SURREY HEARTLANDS INTEGRATED CARE BOARD,Independent sector / other,168,155,168,0,92.3
2025-11-01,M5E1S,SPAMEDICA EXETER,NHS DEVON INTEGRATED CARE BOARD,Independent sector / other,265,247,265,1,93.2
2025-11-01,NPG07,SPAMEDICA EYE HOSPITAL (WAKEFIELD),NHS WEST YORKSHIRE INTEGRATED CARE BOARD,Independent sector / other,421,411,421,0,97.6
2025-11-01,Z9Z1G,SPAMEDICA GATESHEAD,NHS NORTH EAST AND NORTH CUMBRIA INTEGRATED CARE BOARD,Independent sector / other,315,311,315,0,98.7
2025-11-01,A0C5S,SPAMEDICA GLOUCESTER,NHS GLOUCESTERSHIRE INTEGRATED CARE BOARD,Independent sector / other,67,58,67,0,86.6
2025-11-01,Z5J5V,SPAMEDICA HAYDOCK,NHS CHESHIRE AND MERSEYSIDE INTEGRATED CARE BOARD,Independent sector / other,197,192,197,0,97.5
2025-11-01,J0M7P,SPAMEDICA HEREFORD DIAGNOSTIC AND TREATMENT CENTRE,NHS HEREFORDSHIRE AND WORCESTERSHIRE INTEGRATED CARE BOARD,Independent sector / other,33,32,33,0,97.0
2025-11-01,NPG18,SPAMEDICA HULL,NHS HUMBER AND NORTH YORKSHIRE INTEGRATED CARE BOARD,Independent sector / other,382,379,382,0,99.2
2025-11-01,Q8X0X,SPAMEDICA ISLE OF WIGHT COMMUNITY DIAGNOSTIC & TREATMENT CENTRE,NHS HAMPSHIRE AND ISLE OF WIGHT INTEGRATED CARE BOARD,Independent sector / other,30,27,30,0,90.0
2025-11-01,R1G7E,SPAMEDICA KENDAL,NHS LANCASHIRE AND SOUTH CUMBRIA INTEGRATED CARE BOARD,Independent sector / other,277,275,277,0,99.3
2025-11-01,P0C3F,SPAMEDICA LEEDS,NHS WEST YORKSHIRE INTEGRATED CARE BOARD,Independent sector / other,234,230,234,0,98.3
2025-11-01,L9D3Z,SPAMEDICA LEICESTER,"NHS LEICESTER, LEICESTERSHIRE AND RUTLAND INTEGRATED CARE BOARD",Independent sector / other,109,105,109,0,96.3
2025-11-01,NPG06,SPAMEDICA LIVERPOOL,NHS CHESHIRE AND MERSEYSIDE INTEGRATED CARE BOARD,Independent sector / other,388,367,388,0,94.6
2025-11-01,K9J3O,SPAMEDICA LUTON,"NHS BEDFORDSHIRE, LUTON AND MILTON KEYNES INTEGRATED CARE BOARD",Independent sector / other,174,161,174,0,92.5
2025-11-01,NPG01,SPAMEDICA MANCHESTER,NHS GREATER MANCHESTER INTEGRATED CARE BOARD,Independent sector / other,243,232,243,0,95.5
2025-11-01,G3O5P,SPAMEDICA NEWARK,NHS NOTTINGHAM AND NOTTINGHAMSHIRE INTEGRATED CARE BOARD,Independent sector / other,401,370,401,0,92.3
2025-11-01,NPG15,SPAMEDICA NEWCASTLE-UNDER-LYME,NHS STAFFORDSHIRE AND STOKE-ON-TRENT INTEGRATED CARE BOARD,Independent sector / other,124,122,124,0,98.4
2025-11-01,G5X2Q,SPAMEDICA NORTH TYNESIDE,NHS NORTH EAST AND NORTH CUMBRIA INTEGRATED CARE BOARD,Independent sector / other,278,272,278,0,97.8
2025-11-01,M3R0W,SPAMEDICA NORWICH,NHS NORFOLK AND WAVENEY INTEGRATED CARE BOARD,Independent sector / other,172,160,172,0,93.0
2025-11-01,O1P6X,SPAMEDICA OLDHAM,NHS GREATER MANCHESTER INTEGRATED CARE BOARD,Independent sector / other,361,347,361,0,96.1
2025-11-01,O5Y9D,SPAMEDICA OXFORD,"NHS BUCKINGHAMSHIRE, OXFORDSHIRE AND BERKSHIRE WEST INTEGRATED CARE BOARD",Independent sector / other,254,251,254,0,98.8
2025-11-01,B9J4U,SPAMEDICA PETERBOROUGH,NHS CAMBRIDGESHIRE AND PETERBOROUGH INTEGRATED CARE BOARD,Independent sector / other,159,154,159,0,96.9
2025-11-01,L6O7H,SPAMEDICA POOLE,NHS DORSET INTEGRATED CARE BOARD,Independent sector / other,542,530,542,0,97.8
2025-11-01,A1U4J,SPAMEDICA PORTSMOUTH,NHS HAMPSHIRE AND ISLE OF WIGHT INTEGRATED CARE BOARD,Independent sector / other,133,119,133,0,89.5
2025-11-01,NPG17,SPAMEDICA PRESTON,NHS LANCASHIRE AND SOUTH CUMBRIA INTEGRATED CARE BOARD,Independent sector / other,219,214,219,0,97.7
2025-11-01,B4N1U,SPAMEDICA ROMFORD,NHS NORTH EAST LONDON INTEGRATED CARE BOARD,Independent sector / other,332,290,332,0,87.3
2025-11-01,I1H7K,SPAMEDICA SALE,NHS GREATER MANCHESTER INTEGRATED CARE BOARD,Independent sector / other,129,126,129,0,97.7
2025-11-01,NPG10,SPAMEDICA SHEFFIELD,NHS SOUTH YORKSHIRE INTEGRATED CARE BOARD,Independent sector / other,308,306,308,0,99.4
2025-11-01,V8A3H,SPAMEDICA SHEFFIELD COMMUNITY DIAGNOSTIC & TREATMENT CENTRE,NHS SOUTH YORKSHIRE INTEGRATED CARE BOARD,Independent sector / other,1,1,1,0,100.0
2025-11-01,M0N7E,SPAMEDICA SITTINGBOURNE,NHS KENT AND MEDWAY INTEGRATED CARE BOARD,Independent sector / other,119,114,119,0,95.8
2025-11-01,NPG13,SPAMEDICA SKELMERSDALE,NHS LANCASHIRE AND SOUTH CUMBRIA INTEGRATED CARE BOARD,Independent sector / other,99,98,99,0,99.0
2025-11-01,J7V1N,SPAMEDICA SOLIHULL,NHS BIRMINGHAM AND SOLIHULL INTEGRATED CARE BOARD,Independent sector / other,261,240,261,0,92.0
2025-11-01,B9M3W,SPAMEDICA SOUTHAMPTON,NHS HAMPSHIRE AND ISLE OF WIGHT INTEGRATED CARE BOARD,Independent sector / other,420,190,420,6,45.2
2025-11-01,NPG22,SPAMEDICA STOCKTON-ON-TEES,NHS NORTH EAST AND NORTH CUMBRIA INTEGRATED CARE BOARD,Independent sector / other,315,307,315,0,97.5
2025-11-01,H1T2P,SPAMEDICA SWINDON,"NHS BATH AND NORTH EAST SOMERSET, SWINDON AND WILTSHIRE INTEGRATED CARE BOARD",Independent sector / other,40,36,40,0,90.0
2025-11-01,G6S7A,SPAMEDICA TAUNTON,NHS SOMERSET INTEGRATED CARE BOARD,Independent sector / other,418,403,418,0,96.4
2025-11-01,V5F1D,SPAMEDICA TELFORD,"NHS SHROPSHIRE, TELFORD AND WREKIN INTEGRATED CARE BOARD",Independent sector / other,384,365,384,0,95.1
2025-11-01,E3D4A,SPAMEDICA TRURO,NHS CORNWALL AND THE ISLES OF SCILLY INTEGRATED CARE BOARD,Independent sector / other,155,152,155,0,98.1
2025-11-01,Q1W6P,SPAMEDICA WATFORD,NHS HERTFORDSHIRE AND WEST ESSEX INTEGRATED CARE BOARD,Independent sector / other,213,201,213,0,94.4
2025-11-01,A1D1B,SPAMEDICA WEMBLEY,NHS NORTH WEST LONDON INTEGRATED CARE BOARD,Independent sector / other,229,220,229,0,96.1
2025-11-01,NPG14,SPAMEDICA WIDNES,NHS CHESHIRE AND MERSEYSIDE INTEGRATED CARE BOARD,Independent sector / other,188,186,188,0,98.9
2025-11-01,NPG02,SPAMEDICA WIRRAL,NHS CHESHIRE AND MERSEYSIDE INTEGRATED CARE BOARD,Independent sector / other,226,218,226,0,96.5
2025-11-01,T8R5I,SPAMEDICA WOKINGHAM,"NHS BUCKINGHAMSHIRE, OXFORDSHIRE AND BERKSHIRE WEST INTEGRATED CARE BOARD",Independent sector / other,210,191,210,0,91.0
2025-11-01,NPG20,SPAMEDICA WOLVERHAMPTON,NHS BLACK COUNTRY INTEGRATED CARE BOARD,Independent sector / other,482,459,482,0,95.2
2025-11-01,J3X4C,SPAMEDICA WORCESTER,NHS HEREFORDSHIRE AND WORCESTERSHIRE INTEGRATED CARE BOARD,Independent sector / other,375,354,375,0,94.4
2025-11-01,NN8,SPENCER PRIVATE HOSPITALS LTD,NHS KENT AND MEDWAY INTEGRATED CARE BOARD,Independent sector / other,3341,2040,3341,71,61.1
2025-11-01,NT312,SPIRE ALEXANDRA HOSPITAL,NHS KENT AND MEDWAY INTEGRATED CARE BOARD,Independent sector / other,1309,1033,1309,3,78.9
2025-11-01,NT302,SPIRE BRISTOL HOSPITAL,"NHS BRISTOL, NORTH SOMERSET AND SOUTH GLOUCESTERSHIRE INTEGRATED CARE BOARD",Independent sector / other,728,456,728,10,62.6
2025-11-01,NT315,SPIRE BUSHEY HOSPITAL,NHS HERTFORDSHIRE AND WEST ESSEX INTEGRATED CARE BOARD,Independent sector / other,1157,1137,1157,0,98.3
2025-11-01,NT317,SPIRE CAMBRIDGE LEA HOSPITAL,NHS CAMBRIDGESHIRE AND PETERBOROUGH INTEGRATED CARE BOARD,Independent sector / other,334,246,334,1,73.7
2025-11-01,NT324,SPIRE CHESHIRE HOSPITAL,NHS CHESHIRE AND MERSEYSIDE INTEGRATED CARE BOARD,Independent sector / other,1452,1229,1452,7,84.6
2025-11-01,NT345,SPIRE CLARE PARK HOSPITAL,NHS FRIMLEY INTEGRATED CARE BOARD,Independent sector / other,451,317,451,1,70.3
2025-11-01,NT344,SPIRE DUNEDIN HOSPITAL,"NHS BUCKINGHAMSHIRE, OXFORDSHIRE AND BERKSHIRE WEST INTEGRATED CARE BOARD",Independent sector / other,238,210,238,3,88.2
2025-11-01,NT348,SPIRE ELLAND HOSPITAL,NHS WEST YORKSHIRE INTEGRATED CARE BOARD,Independent sector / other,1521,1238,1521,3,81.4
2025-11-01,NT347,SPIRE FYLDE COAST HOSPITAL,NHS LANCASHIRE AND SOUTH CUMBRIA INTEGRATED CARE BOARD,Independent sector / other,4135,3602,4135,10,87.1
2025-11-01,NT308,SPIRE GATWICK PARK HOSPITAL,NHS SURREY HEARTLANDS INTEGRATED CARE BOARD,Independent sector / other,1114,809,1114,10,72.6
2025-11-01,NT316,SPIRE HARPENDEN HOSPITAL,NHS HERTFORDSHIRE AND WEST ESSEX INTEGRATED CARE BOARD,Independent sector / other,502,464,502,0,92.4
2025-11-01,NT319,SPIRE HARTSWOOD HOSPITAL,NHS MID AND SOUTH ESSEX INTEGRATED CARE BOARD,Independent sector / other,1186,862,1186,2,72.7
2025-11-01,NT351,SPIRE HULL AND EAST RIDING HOSPITAL,NHS HUMBER AND NORTH YORKSHIRE INTEGRATED CARE BOARD,Independent sector / other,2661,2017,2661,0,75.8
2025-11-01,NT332,SPIRE LEEDS HOSPITAL,NHS WEST YORKSHIRE INTEGRATED CARE BOARD,Independent sector / other,1138,987,1138,4,86.7
2025-11-01,NT322,SPIRE LEICESTER HOSPITAL,"NHS LEICESTER, LEICESTERSHIRE AND RUTLAND INTEGRATED CARE BOARD",Independent sector / other,1197,1035,1197,12,86.5
2025-11-01,NT321,SPIRE LITTLE ASTON HOSPITAL,NHS STAFFORDSHIRE AND STOKE-ON-TRENT INTEGRATED CARE BOARD,Independent sector / other,1212,1021,1212,1,84.2
2025-11-01,NT337,SPIRE LIVERPOOL HOSPITAL,NHS CHESHIRE AND MERSEYSIDE INTEGRATED CARE BOARD,Independent sector / other,3743,3198,3743,0,85.4
2025-11-01,NT314,SPIRE LONDON EAST,NHS NORTH EAST LONDON INTEGRATED CARE BOARD,Independent sector / other,2578,1519,2578,21,58.9
2025-11-01,NT327,SPIRE MANCHESTER HOSPITAL,NHS GREATER MANCHESTER INTEGRATED CARE BOARD,Independent sector / other,1399,792,1399,4,56.6
2025-11-01,NT350,SPIRE METHLEY PARK HOSPITAL,NHS WEST YORKSHIRE INTEGRATED CARE BOARD,Independent sector / other,982,808,982,0,82.3
2025-11-01,NT364,SPIRE MONTEFIORE HOSPITAL,NHS SUSSEX INTEGRATED CARE BOARD,Independent sector / other,802,377,802,33,47.0
2025-11-01,NT325,SPIRE MURRAYFIELD HOSPITAL,NHS CHESHIRE AND MERSEYSIDE INTEGRATED CARE BOARD,Independent sector / other,796,745,796,0,93.6
2025-11-01,NT318,SPIRE NORWICH HOSPITAL,NHS NORFOLK AND WAVENEY INTEGRATED CARE BOARD,Independent sector / other,499,460,499,1,92.2
2025-11-01,NT30A,SPIRE NOTTINGHAM HOSPITAL,NHS NOTTINGHAM AND NOTTINGHAMSHIRE INTEGRATED CARE BOARD,Independent sector / other,764,685,764,0,89.7
2025-11-01,NT320,SPIRE PARKWAY HOSPITAL,NHS BIRMINGHAM AND SOLIHULL INTEGRATED CARE BOARD,Independent sector / other,1554,1031,1554,3,66.3
2025-11-01,NT305,SPIRE PORTSMOUTH HOSPITAL,NHS HAMPSHIRE AND ISLE OF WIGHT INTEGRATED CARE BOARD,Independent sector / other,467,355,467,0,76.0
2025-11-01,NT339,SPIRE REGENCY HOSPITAL,NHS CHESHIRE AND MERSEYSIDE INTEGRATED CARE BOARD,Independent sector / other,1826,1823,1826,0,99.8
2025-11-01,NT301,SPIRE SOUTH BANK HOSPITAL,NHS HEREFORDSHIRE AND WORCESTERSHIRE INTEGRATED CARE BOARD,Independent sector / other,952,753,952,2,79.1
2025-11-01,NT304,SPIRE SOUTHAMPTON HOSPITAL,NHS HAMPSHIRE AND ISLE OF WIGHT INTEGRATED CARE BOARD,Independent sector / other,427,314,427,2,73.5
2025-11-01,NT3X3,SPIRE ST ANTHONY'S HOSPITAL,NHS SOUTH WEST LONDON INTEGRATED CARE BOARD,Independent sector / other,560,486,560,4,86.8
2025-11-01,NT343,SPIRE THAMES VALLEY HOSPITAL,"NHS BUCKINGHAMSHIRE, OXFORDSHIRE AND BERKSHIRE WEST INTEGRATED CARE BOARD",Independent sector / other,444,301,444,5,67.8
2025-11-01,NT333,SPIRE WASHINGTON HOSPITAL,NHS NORTH EAST AND NORTH CUMBRIA INTEGRATED CARE BOARD,Independent sector / other,1526,1255,1526,18,82.2
2025-11-01,NT313,SPIRE WELLESLEY HOSPITAL,NHS MID AND SOUTH ESSEX INTEGRATED CARE BOARD,Independent sector / other,1068,523,1068,25,49.0
2025-11-01,NVC18,SPRINGFIELD HOSPITAL,NHS MID AND SOUTH ESSEX INTEGRATED CARE BOARD,Independent sector / other,5115,3773,5115,157,73.8
2025-11-01,NT446,ST EDMUNDS HOSPITAL,NHS SUFFOLK AND NORTH EAST ESSEX INTEGRATED CARE BOARD,Independent sector / other,583,384,583,3,65.9
2025-11-01,RJ7,ST GEORGE'S UNIVERSITY HOSPITALS NHS FOUNDATION TRUST,NHS SOUTH WEST LONDON INTEGRATED CARE BOARD,NHS trust,68490,41337,68490,1275,60.4
2025-11-01,NTE02,ST HUGH'S HOSPITAL,NHS HUMBER AND NORTH YORKSHIRE INTEGRATED CARE BOARD,Independent sector / other,1929,1588,1929,11,82.3
2025-11-01,NQT5K,ST MARTINS HOSPITAL,"NHS BATH AND NORTH EAST SOMERSET, SWINDON AND WILTSHIRE INTEGRATED CARE BOARD",Independent sector / other,124,104,124,0,83.9
2025-11-01,AHP,ST MICHAEL'S CLINIC LIMITED,"NHS SHROPSHIRE, TELFORD AND WREKIN INTEGRATED CARE BOARD",Independent sector / other,1640,1087,1640,11,66.3
2025-11-01,NHW,STANDARD HEALTH LTD,NHS NORTH WEST LONDON INTEGRATED CARE BOARD,Independent sector / other,92,46,92,0,50.0
2025-11-01,RWJ,STOCKPORT NHS FOUNDATION TRUST,NHS GREATER MANCHESTER INTEGRATED CARE BOARD,NHS trust,34659,19791,34659,698,57.1
2025-11-01,NVC1H,STOURSIDE HOSPITAL,NHS BLACK COUNTRY INTEGRATED CARE BOARD,Independent sector / other,3489,2487,3489,22,71.3
2025-11-01,NDL01,SUFFOLK GP FEDERATION,NHS SUFFOLK AND NORTH EAST ESSEX INTEGRATED CARE BOARD,Independent sector / other,81,79,81,0,97.5
2025-11-01,G3Z1Q,SULIS HOSPITAL BATH (FOXCOTE AVENUE),"NHS BATH AND NORTH EAST SOMERSET, SWINDON AND WILTSHIRE INTEGRATED CARE BOARD",Independent sector / other,3411,2682,3411,15,78.6
2025-11-01,RTP,SURREY AND SUSSEX HEALTHCARE NHS TRUST,NHS SURREY HEARTLANDS INTEGRATED CARE BOARD,NHS trust,45667,27773,45667,731,60.8
2025-11-01,NYG,SUSSEX COMMUNITY DERMATOLOGY SERVICE,NHS SUSSEX INTEGRATED CARE BOARD,Independent sector / other,17025,13321,17025,0,78.2
2025-11-01,RDR,SUSSEX COMMUNITY NHS FOUNDATION TRUST,NHS SUSSEX INTEGRATED CARE BOARD,NHS trust,13799,9872,13799,7,71.5
2025-11-01,RMP,TAMESIDE AND GLOSSOP INTEGRATED CARE NHS FOUNDATION TRUST,NHS GREATER MANCHESTER INTEGRATED CARE BOARD,NHS trust,17013,12522,17013,0,73.6
2025-11-01,NVC0R,TEES VALLEY HOSPITAL,NHS NORTH EAST AND NORTH CUMBRIA INTEGRATED CARE BOARD,Independent sector / other,4560,3582,4560,6,78.6
2025-11-01,AAH,TETBURY HOSPITAL TRUST LTD,NHS GLOUCESTERSHIRE INTEGRATED CARE BOARD,Independent sector / other,309,276,309,2,89.3
2025-11-01,NVC02,THE BERKSHIRE INDEPENDENT HOSPITAL,"NHS BUCKINGHAMSHIRE, OXFORDSHIRE AND BERKSHIRE WEST INTEGRATED CARE BOARD",Independent sector / other,1069,722,1069,1,67.5
2025-11-01,NVC25,THE CHERWELL HOSPITAL,"NHS BUCKINGHAMSHIRE, OXFORDSHIRE AND BERKSHIRE WEST INTEGRATED CARE BOARD",Independent sector / other,2243,1440,2243,11,64.2
2025-11-01,RBV,THE CHRISTIE NHS FOUNDATION TRUST,NHS GREATER MANCHESTER INTEGRATED CARE BOARD,NHS trust,3602,3498,3602,0,97.1
2025-11-01,REN,THE CLATTERBRIDGE CANCER CENTRE NHS FOUNDATION TRUST,NHS CHESHIRE AND MERSEYSIDE INTEGRATED CARE BOARD,NHS trust,936,905,936,0,96.7
2025-11-01,RNA,THE DUDLEY GROUP NHS FOUNDATION TRUST,NHS BLACK COUNTRY INTEGRATED CARE BOARD,NHS trust,47195,30187,47195,26,64.0
2025-11-01,AJ8,THE GRANGE MEDICAL CENTRE HQ,NHS WEST YORKSHIRE INTEGRATED CARE BOARD,Independent sector / other,290,290,290,0,100.0
2025-11-01,S3H9L,THE HAMPTONS HOSPITAL LTD,NHS CAMBRIDGESHIRE AND PETERBOROUGH INTEGRATED CARE BOARD,Independent sector / other,1662,967,1662,12,58.2
2025-11-01,RAS,THE HILLINGDON HOSPITALS NHS FOUNDATION TRUST,NHS NORTH WEST LONDON INTEGRATED CARE BOARD,NHS trust,35062,20620,35062,552,58.8
2025-11-01,NXM01,THE HORDER CENTRE - ST JOHNS ROAD,NHS SUSSEX INTEGRATED CARE BOARD,Independent sector / other,1249,802,1249,2,64.2
2025-11-01,DX1,THE NEW FOSCOTE HOSPITAL LTD,NHS NORTH CENTRAL LONDON INTEGRATED CARE BOARD,Independent sector / other,336,326,336,0,97.0
2025-11-01,RTD,THE NEWCASTLE UPON TYNE HOSPITALS NHS FOUNDATION TRUST,NHS NORTH EAST AND NORTH CUMBRIA INTEGRATED CARE BOARD,NHS trust,86575,62410,86575,966,72.1
2025-11-01,NTX,THE ONE HEALTH GROUP PLC,NHS SOUTH YORKSHIRE INTEGRATED CARE BOARD,Independent sector / other,5214,4058,5214,51,77.8
2025-11-01,RQW,THE PRINCESS ALEXANDRA HOSPITAL NHS TRUST,NHS HERTFORDSHIRE AND WEST ESSEX INTEGRATED CARE BOARD,NHS trust,41155,23070,41155,1931,56.1
2025-11-01,RCX,"THE QUEEN ELIZABETH HOSPITAL, KING'S LYNN, NHS FOUNDATION TRUST",NHS NORFOLK AND WAVENEY INTEGRATED CARE BOARD,NHS trust,26307,14628,26307,363,55.6
2025-11-01,RL1,THE ROBERT JONES AND AGNES HUNT ORTHOPAEDIC HOSPITAL NHS FOUNDATION TRUST,"NHS SHROPSHIRE, TELFORD AND WREKIN INTEGRATED CARE BOARD",NHS trust,27100,13472,27100,3511,49.7
2025-11-01,RFR,THE ROTHERHAM NHS FOUNDATION TRUST,NHS SOUTH YORKSHIRE INTEGRATED CARE BOARD,NHS trust,31128,20196,31128,544,64.9
2025-11-01,DJH01,THE ROYAL BUCKINGHAMSHIRE HOSPITAL LTD,"NHS BUCKINGHAMSHIRE, OXFORDSHIRE AND BERKSHIRE WEST INTEGRATED CARE BOARD",Independent sector / other,17,17,17,0,100.0
2025-11-01,RPY,THE ROYAL MARSDEN NHS FOUNDATION TRUST,NHS NORTH WEST LONDON INTEGRATED CARE BOARD,NHS trust,2066,1967,2066,2,95.2
2025-11-01,RRJ,THE ROYAL ORTHOPAEDIC HOSPITAL NHS FOUNDATION TRUST,NHS BIRMINGHAM AND SOLIHULL INTEGRATED CARE BOARD,NHS trust,13264,8219,13264,227,62.0
2025-11-01,RL4,THE ROYAL WOLVERHAMPTON NHS TRUST,NHS BLACK COUNTRY INTEGRATED CARE BOARD,NHS trust,76803,42245,76803,2110,55.0
2025-11-01,RXW,THE SHREWSBURY AND TELFORD HOSPITAL NHS TRUST,"NHS SHROPSHIRE, TELFORD AND WREKIN INTEGRATED CARE BOARD",NHS trust,33621,22017,33621,68,65.5
2025-11-01,DPK,THE STONEYGATE EYE HOSPITAL,"NHS LEICESTER, LEICESTERSHIRE AND RUTLAND INTEGRATED CARE BOARD",Independent sector / other,486,468,486,0,96.3
2025-11-01,RET,THE WALTON CENTRE NHS FOUNDATION TRUST,NHS CHESHIRE AND MERSEYSIDE INTEGRATED CARE BOARD,NHS trust,17460,10751,17460,249,61.6
2025-11-01,NVC44,THE WESTBOURNE CENTRE,NHS BIRMINGHAM AND SOLIHULL INTEGRATED CARE BOARD,Independent sector / other,3420,2058,3420,18,60.2
2025-11-01,NVC20,THE YORKSHIRE CLINIC,NHS WEST YORKSHIRE INTEGRATED CARE BOARD,Independent sector / other,7167,5166,7167,91,72.1
2025-11-01,NT440,THORNBURY HOSPITAL,NHS SOUTH YORKSHIRE INTEGRATED CARE BOARD,Independent sector / other,571,419,571,1,73.4
2025-11-01,NT441,THREE SHIRES HOSPITAL,NHS NORTHAMPTONSHIRE INTEGRATED CARE BOARD,Independent sector / other,3573,2078,3573,86,58.2
2025-11-01,RA9,TORBAY AND SOUTH DEVON NHS FOUNDATION TRUST,NHS DEVON INTEGRATED CARE BOARD,NHS trust,31989,21990,31989,605,68.7
2025-11-01,NN4,TYNESIDE SURGICAL SERVICES LTD,NHS NORTH EAST AND NORTH CUMBRIA INTEGRATED CARE BOARD,Independent sector / other,1420,1157,1420,1,81.5
2025-11-01,RWD,UNITED LINCOLNSHIRE TEACHING HOSPITALS NHS TRUST,NHS LINCOLNSHIRE INTEGRATED CARE BOARD,NHS trust,67474,36202,67474,1487,53.7
2025-11-01,RRV,UNIVERSITY COLLEGE LONDON HOSPITALS NHS FOUNDATION TRUST,NHS NORTH CENTRAL LONDON INTEGRATED CARE BOARD,NHS trust,73049,43031,73049,1241,58.9
2025-11-01,RHM,UNIVERSITY HOSPITAL SOUTHAMPTON NHS FOUNDATION TRUST,NHS HAMPSHIRE AND ISLE OF WIGHT INTEGRATED CARE BOARD,NHS trust,63399,38491,63399,1780,60.7
2025-11-01,RRK,UNIVERSITY HOSPITALS BIRMINGHAM NHS FOUNDATION TRUST,NHS BIRMINGHAM AND SOLIHULL INTEGRATED CARE BOARD,NHS trust,95464,58664,95464,1553,61.5
2025-11-01,RA7,UNIVERSITY HOSPITALS BRISTOL AND WESTON NHS FOUNDATION TRUST,"NHS BRISTOL, NORTH SOMERSET AND SOUTH GLOUCESTERSHIRE INTEGRATED CARE BOARD",NHS trust,52434,35275,52434,675,67.3
2025-11-01,RKB,UNIVERSITY HOSPITALS COVENTRY AND WARWICKSHIRE NHS TRUST,NHS COVENTRY AND WARWICKSHIRE INTEGRATED CARE BOARD,NHS trust,71246,40120,71246,2106,56.3
2025-11-01,R0D,UNIVERSITY HOSPITALS DORSET NHS FOUNDATION TRUST,NHS DORSET INTEGRATED CARE BOARD,NHS trust,62984,40060,62984,1713,63.6
2025-11-01,RTG,UNIVERSITY HOSPITALS OF DERBY AND BURTON NHS FOUNDATION TRUST,NHS DERBY AND DERBYSHIRE INTEGRATED CARE BOARD,NHS trust,96487,56915,96487,1642,59.0
2025-11-01,RWE,UNIVERSITY HOSPITALS OF LEICESTER NHS TRUST,"NHS LEICESTER, LEICESTERSHIRE AND RUTLAND INTEGRATED CARE BOARD",NHS trust,109205,57551,109205,3214,52.7
2025-11-01,RTX,UNIVERSITY HOSPITALS OF MORECAMBE BAY NHS FOUNDATION TRUST,NHS LANCASHIRE AND SOUTH CUMBRIA INTEGRATED CARE BOARD,NHS trust,33887,23454,33887,530,69.2
2025-11-01,RJE,UNIVERSITY HOSPITALS OF NORTH MIDLANDS NHS TRUST,NHS STAFFORDSHIRE AND STOKE-ON-TRENT INTEGRATED CARE BOARD,NHS trust,64479,41228,64479,1183,63.9
2025-11-01,RK9,UNIVERSITY HOSPITALS PLYMOUTH NHS TRUST,NHS DEVON INTEGRATED CARE BOARD,NHS trust,49131,29884,49131,1513,60.8
2025-11-01,RYR,UNIVERSITY HOSPITALS SUSSEX NHS FOUNDATION TRUST,NHS SUSSEX INTEGRATED CARE BOARD,NHS trust,115993,60111,115993,4855,51.8
2025-11-01,NRF,UNIVERSITY OF SOUTHAMPTON AUDITORY IMPLANT SERVICE,NHS HAMPSHIRE AND ISLE OF WIGHT INTEGRATED CARE BOARD,Independent sector / other,187,116,187,8,62.0
2025-11-01,AQK,VERNOVA HEALTHCARE COMMUNITY INTEREST COMPANY,NHS CHESHIRE AND MERSEYSIDE INTEGRATED CARE BOARD,Independent sector / other,268,237,268,0,88.4
2025-11-01,RBK,WALSALL HEALTHCARE NHS TRUST,NHS BLACK COUNTRY INTEGRATED CARE BOARD,NHS trust,30411,21338,30411,11,70.2
2025-11-01,RWW,WARRINGTON AND HALTON TEACHING HOSPITALS NHS FOUNDATION TRUST,NHS CHESHIRE AND MERSEYSIDE INTEGRATED CARE BOARD,NHS trust,32613,19745,32613,1089,60.5
2025-11-01,RWG,WEST HERTFORDSHIRE TEACHING HOSPITALS NHS TRUST,NHS HERTFORDSHIRE AND WEST ESSEX INTEGRATED CARE BOARD,NHS trust,46585,29726,46585,1014,63.8
2025-11-01,NVC21,WEST MIDLANDS HOSPITAL,NHS BLACK COUNTRY INTEGRATED CARE BOARD,Independent sector / other,412,149,412,5,36.2
2025-11-01,RGR,WEST SUFFOLK NHS FOUNDATION TRUST,NHS SUFFOLK AND NORTH EAST ESSEX INTEGRATED CARE BOARD,NHS trust,32931,20459,32931,776,62.1
2025-11-01,RKE,WHITTINGTON HEALTH NHS TRUST,NHS NORTH CENTRAL LONDON INTEGRATED CARE BOARD,NHS trust,27941,16788,27941,520,60.1
2025-11-01,NVC22,WINFIELD HOSPITAL,NHS GLOUCESTERSHIRE INTEGRATED CARE BOARD,Independent sector / other,1356,892,1356,5,65.8
2025-11-01,NT443,WINTERBOURNE HOSPITAL,NHS DORSET INTEGRATED CARE BOARD,Independent sector / other,338,302,338,0,89.3
2025-11-01,RBL,WIRRAL UNIVERSITY TEACHING HOSPITAL NHS FOUNDATION TRUST,NHS CHESHIRE AND MERSEYSIDE INTEGRATED CARE BOARD,NHS trust,48270,28738,48270,1305,59.5
2025-11-01,NVC23,WOODLAND HOSPITAL,NHS NORTHAMPTONSHIRE INTEGRATED CARE BOARD,Independent sector / other,5111,3537,5111,29,69.2
2025-11-01,NT457,WOODLANDS HOSPITAL,NHS NORTH EAST AND NORTH CUMBRIA INTEGRATED CARE BOARD,Independent sector / other,2469,1947,2469,6,78.9
2025-11-01,NVC40,WOODTHORPE HOSPITAL,NHS NOTTINGHAM AND NOTTINGHAMSHIRE INTEGRATED CARE BOARD,Independent sector / other,4110,3028,4110,79,73.7
2025-11-01,RWP,WORCESTERSHIRE ACUTE HOSPITALS NHS TRUST,NHS HEREFORDSHIRE AND WORCESTERSHIRE INTEGRATED CARE BOARD,NHS trust,57583,33131,57583,769,57.5
2025-11-01,RRF,"WRIGHTINGTON, WIGAN AND LEIGH TEACHING HOSPITALS NHS FOUNDATION TRUST",NHS GREATER MANCHESTER INTEGRATED CARE BOARD,NHS trust,47437,27692,47437,1493,58.4
2025-11-01,RLQ,WYE VALLEY NHS TRUST,NHS HEREFORDSHIRE AND WORCESTERSHIRE INTEGRATED CARE BOARD,NHS trust,26366,16330,26366,852,61.9
2025-11-01,RCB,YORK AND SCARBOROUGH TEACHING HOSPITALS NHS FOUNDATION TRUST,NHS HUMBER AND NORTH YORKSHIRE INTEGRATED CARE BOARD,NHS trust,57771,32184,57771,1550,55.7
2025-12-01,NPR01,ABOUT HEALTH HQ,NHS SOMERSET INTEGRATED CARE BOARD,Independent sector / other,1349,1265,1349,0,93.8
2025-12-01,S0L9O,ACES BIRMINGHAM,NHS BIRMINGHAM AND SOLIHULL INTEGRATED CARE BOARD,Independent sector / other,1,0,1,0,0.0
2025-12-01,T1T4S,ACES BRISTOL,"NHS BRISTOL, NORTH SOMERSET AND SOUTH GLOUCESTERSHIRE INTEGRATED CARE BOARD",Independent sector / other,15,11,15,0,73.3
2025-12-01,H3W7Q,ACES CHELMSFORD,NHS MID AND SOUTH ESSEX INTEGRATED CARE BOARD,Independent sector / other,9,8,9,0,88.9
2025-12-01,U6A5N,ACES CHISWICK,NHS NORTH WEST LONDON INTEGRATED CARE BOARD,Independent sector / other,3,2,3,0,66.7
2025-12-01,Z4F8Y,ACES DARTFORD,NHS KENT AND MEDWAY INTEGRATED CARE BOARD,Independent sector / other,59,50,59,1,84.7
2025-12-01,N1M9Z,ACES EXETER,NHS DEVON INTEGRATED CARE BOARD,Independent sector / other,6,5,6,0,83.3
2025-12-01,X7M7U,ACES LAKESIDE,NHS MID AND SOUTH ESSEX INTEGRATED CARE BOARD,Independent sector / other,2,1,2,0,50.0
2025-12-01,D2L5T,ACES LIVERPOOL,NHS CHESHIRE AND MERSEYSIDE INTEGRATED CARE BOARD,Independent sector / other,18,18,18,0,100.0
2025-12-01,W7J4C,ACES MANCHESTER,NHS GREATER MANCHESTER INTEGRATED CARE BOARD,Independent sector / other,6,3,6,0,50.0
2025-12-01,U1P4Z,ACES MILTON KEYNES,"NHS BEDFORDSHIRE, LUTON AND MILTON KEYNES INTEGRATED CARE BOARD",Independent sector / other,20,18,20,0,90.0
2025-12-01,I7G8X,ACES NEWCASTLE,NHS NORTH EAST AND NORTH CUMBRIA INTEGRATED CARE BOARD,Independent sector / other,7,4,7,0,57.1
2025-12-01,A4Y8X,ACES NOTTINGHAM,NHS NOTTINGHAM AND NOTTINGHAMSHIRE INTEGRATED CARE BOARD,Independent sector / other,3,2,3,0,66.7
2025-12-01,Q4W9A,ACES SOUTHAMPTON,NHS HAMPSHIRE AND ISLE OF WIGHT INTEGRATED CARE BOARD,Independent sector / other,1,1,1,0,100.0
2025-12-01,Y7W8F,ACES SOUTHAMPTON - EAST ST,NHS HAMPSHIRE AND ISLE OF WIGHT INTEGRATED CARE BOARD,Independent sector / other,1,1,1,0,100.0
2025-12-01,A9P5F,ACES WHITE CITY,NHS NORTH WEST LONDON INTEGRATED CARE BOARD,Independent sector / other,11,10,11,0,90.9
2025-12-01,X7Y2H,ACES WILMSLOW,NHS CHESHIRE AND MERSEYSIDE INTEGRATED CARE BOARD,Independent sector / other,1,1,1,0,100.0
2025-12-01,RCF,AIREDALE NHS FOUNDATION TRUST,NHS WEST YORKSHIRE INTEGRATED CARE BOARD,NHS trust,14336,10103,14336,69,70.5
2025-12-01,RBS,ALDER HEY CHILDREN'S NHS FOUNDATION TRUST,NHS CHESHIRE AND MERSEYSIDE INTEGRATED CARE BOARD,NHS trust,17473,10955,17473,262,62.7
2025-12-01,NT401,ALEXANDRA HOSPITAL,NHS GREATER MANCHESTER INTEGRATED CARE BOARD,Independent sector / other,1037,732,1037,13,70.6
2025-12-01,F7B2B,ANGLIA COMMUNITY EYE SERVICE - BURY ST EDMUNDS,NHS SUFFOLK AND NORTH EAST ESSEX INTEGRATED CARE BOARD,Independent sector / other,2,2,2,0,100.0
2025-12-01,H7X1I,ANGLIA COMMUNITY EYE SERVICE - CAMBRIDGE,NHS CAMBRIDGESHIRE AND PETERBOROUGH INTEGRATED CARE BOARD,Independent sector / other,21,18,21,0,85.7
2025-12-01,K7J9E,ANGLIA COMMUNITY EYE SERVICE - NORWICH,NHS NORFOLK AND WAVENEY INTEGRATED CARE BOARD,Independent sector / other,1,1,1,0,100.0
2025-12-01,O9Q4E,ANGLIA COMMUNITY EYE SERVICE - PETERBOROUGH,NHS CAMBRIDGESHIRE AND PETERBOROUGH INTEGRATED CARE BOARD,Independent sector / other,54,47,54,1,87.0
2025-12-01,NX507,ANGLIA COMMUNITY EYE SERVICE - THETFORD HEALTHY LIVING CENTRE,NHS NORFOLK AND WAVENEY INTEGRATED CARE BOARD,Independent sector / other,20,16,20,0,80.0
2025-12-01,NX501,ANGLIA COMMUNITY EYE SERVICE LTD,NHS CAMBRIDGESHIRE AND PETERBOROUGH INTEGRATED CARE BOARD,Independent sector / other,2059,1939,2059,1,94.2
2025-12-01,NX504,ANGLIA COMMUNITY EYE SERVICES FAKENHAM,NHS NORFOLK AND WAVENEY INTEGRATED CARE BOARD,Independent sector / other,22,21,22,0,95.5
2025-12-01,RTK,ASHFORD AND ST PETER'S HOSPITALS NHS FOUNDATION TRUST,NHS SURREY HEARTLANDS INTEGRATED CARE BOARD,NHS trust,51310,30225,51310,621,58.9
2025-12-01,NVC01,ASHTEAD HOSPITAL,NHS SURREY HEARTLANDS INTEGRATED CARE BOARD,Independent sector / other,1084,826,1084,4,76.2
2025-12-01,RF4,"BARKING, HAVERING AND REDBRIDGE UNIVERSITY HOSPITALS NHS TRUST",NHS NORTH EAST LONDON INTEGRATED CARE BOARD,NHS trust,69078,46066,69078,723,66.7
2025-12-01,RFF,BARNSLEY HOSPITAL NHS FOUNDATION TRUST,NHS SOUTH YORKSHIRE INTEGRATED CARE BOARD,NHS trust,22960,14942,22960,167,65.1
2025-12-01,R1H,BARTS HEALTH NHS TRUST,NHS NORTH EAST LONDON INTEGRATED CARE BOARD,NHS trust,132509,74364,132509,3476,56.1
2025-12-01,NT402,BATH CLINIC,"NHS BATH AND NORTH EAST SOMERSET, SWINDON AND WILTSHIRE INTEGRATED CARE BOARD",Independent sector / other,784,585,784,0,74.6
2025-12-01,NRP,BEACON MEDICAL SERVICES GROUP LIMITED,NHS GREATER MANCHESTER INTEGRATED CARE BOARD,Independent sector / other,969,928,969,0,95.8
2025-12-01,NVC0I,BEACON PARK HOSPITAL,NHS STAFFORDSHIRE AND STOKE-ON-TRENT INTEGRATED CARE BOARD,Independent sector / other,1103,838,1103,0,76.0
2025-12-01,NT403,BEARDWOOD HOSPITAL,NHS LANCASHIRE AND SOUTH CUMBRIA INTEGRATED CARE BOARD,Independent sector / other,2257,1790,2257,0,79.3
2025-12-01,NT404,BEAUMONT HOSPITAL,NHS GREATER MANCHESTER INTEGRATED CARE BOARD,Independent sector / other,2938,2260,2938,8,76.9
2025-12-01,RC9,BEDFORDSHIRE HOSPITALS NHS FOUNDATION TRUST,"NHS BEDFORDSHIRE, LUTON AND MILTON KEYNES INTEGRATED CARE BOARD",NHS trust,85676,51316,85676,998,59.9
2025-12-01,NWF01,BENENDEN HOSPITAL,NHS KENT AND MEDWAY INTEGRATED CARE BOARD,Independent sector / other,1491,1142,1491,2,76.6
2025-12-01,RWX,BERKSHIRE HEALTHCARE NHS FOUNDATION TRUST,NHS FRIMLEY INTEGRATED CARE BOARD,NHS trust,107,107,107,0,100.0
2025-12-01,NP9,BESPOKE HEALTHCARE LTD,NHS LANCASHIRE AND SOUTH CUMBRIA INTEGRATED CARE BOARD,Independent sector / other,422,224,422,1,53.1
2025-12-01,RYW,BIRMINGHAM COMMUNITY HEALTHCARE NHS FOUNDATION TRUST,NHS BIRMINGHAM AND SOLIHULL INTEGRATED CARE BOARD,NHS trust,14916,10539,14916,10,70.7
2025-12-01,RQ3,BIRMINGHAM WOMEN'S AND CHILDREN'S NHS FOUNDATION TRUST,NHS BIRMINGHAM AND SOLIHULL INTEGRATED CARE BOARD,NHS trust,22384,13177,22384,148,58.9
2025-12-01,NT405,BISHOPS WOOD HOSPITAL,NHS NORTH WEST LONDON INTEGRATED CARE BOARD,Independent sector / other,627,529,627,1,84.4
2025-12-01,NT406,BLACKHEATH HOSPITAL,NHS SOUTH EAST LONDON INTEGRATED CARE BOARD,Independent sector / other,1575,1139,1575,28,72.3
2025-12-01,RXL,BLACKPOOL TEACHING HOSPITALS NHS FOUNDATION TRUST,NHS LANCASHIRE AND SOUTH CUMBRIA INTEGRATED CARE BOARD,NHS trust,42521,23928,42521,1020,56.3
2025-12-01,NVC31,BLAKELANDS HOSPITAL,"NHS BEDFORDSHIRE, LUTON AND MILTON KEYNES INTEGRATED CARE BOARD",Independent sector / other,2392,1758,2392,3,73.5
2025-12-01,RMC,BOLTON NHS FOUNDATION TRUST,NHS GREATER MANCHESTER INTEGRATED CARE BOARD,NHS trust,37532,21552,37532,910,57.4
2025-12-01,R5J3Z,BORDER HEALTH ALLIANCE LIMITED,NHS HEREFORDSHIRE AND WORCESTERSHIRE INTEGRATED CARE BOARD,Independent sector / other,467,332,467,0,71.1
2025-12-01,NVC27,BOSTON WEST HOSPITAL,NHS LINCOLNSHIRE INTEGRATED CARE BOARD,Independent sector / other,2341,1576,2341,5,67.3
2025-12-01,TAD,BRADFORD DISTRICT CARE NHS FOUNDATION TRUST,NHS WEST YORKSHIRE INTEGRATED CARE BOARD,NHS trust,654,441,654,12,67.4
2025-12-01,RAE,BRADFORD TEACHING HOSPITALS NHS FOUNDATION TRUST,NHS WEST YORKSHIRE INTEGRATED CARE BOARD,NHS trust,31932,20700,31932,80,64.8
2025-12-01,RXQ,BUCKINGHAMSHIRE HEALTHCARE NHS TRUST,"NHS BUCKINGHAMSHIRE, OXFORDSHIRE AND BERKSHIRE WEST INTEGRATED CARE BOARD",NHS trust,47429,28009,47429,1119,59.1
2025-12-01,A4M8P,BUCKSHAW HOSPITAL,NHS LANCASHIRE AND SOUTH CUMBRIA INTEGRATED CARE BOARD,Independent sector / other,3028,2179,3028,17,72.0
2025-12-01,RWY,CALDERDALE AND HUDDERSFIELD NHS FOUNDATION TRUST,NHS WEST YORKSHIRE INTEGRATED CARE BOARD,NHS trust,35389,26321,35389,23,74.4
2025-12-01,RGT,CAMBRIDGE UNIVERSITY HOSPITALS NHS FOUNDATION TRUST,NHS CAMBRIDGESHIRE AND PETERBOROUGH INTEGRATED CARE BOARD,NHS trust,64282,38238,64282,1947,59.5
2025-12-01,RT1,CAMBRIDGESHIRE AND PETERBOROUGH NHS FOUNDATION TRUST,NHS CAMBRIDGESHIRE AND PETERBOROUGH INTEGRATED CARE BOARD,NHS trust,301,131,301,5,43.5
2025-12-01,NL3,CARE PLUS GROUP,NHS HUMBER AND NORTH YORKSHIRE INTEGRATED CARE BOARD,Independent sector / other,187,173,187,0,92.5
2025-12-01,NT451,CAVELL HOSPITAL,NHS NORTH CENTRAL LONDON INTEGRATED CARE BOARD,Independent sector / other,1284,929,1284,1,72.4
2025-12-01,U0K8N,CES MEDICAL,NHS KENT AND MEDWAY INTEGRATED CARE BOARD,Independent sector / other,98,98,98,0,100.0
2025-12-01,NT408,CHAUCER HOSPITAL,NHS KENT AND MEDWAY INTEGRATED CARE BOARD,Independent sector / other,915,751,915,0,82.1
2025-12-01,RQM,CHELSEA AND WESTMINSTER HOSPITAL NHS FOUNDATION TRUST,NHS NORTH WEST LONDON INTEGRATED CARE BOARD,NHS trust,73399,44926,73399,1321,61.2
2025-12-01,NT409,CHELSFIELD PARK HOSPITAL,NHS SOUTH EAST LONDON INTEGRATED CARE BOARD,Independent sector / other,874,711,874,5,81.4
2025-12-01,RFS,CHESTERFIELD ROYAL HOSPITAL NHS FOUNDATION TRUST,NHS DERBY AND DERBYSHIRE INTEGRATED CARE BOARD,NHS trust,28841,15491,28841,1297,53.7
2025-12-01,NT410,CHILTERN HOSPITAL,"NHS BUCKINGHAMSHIRE, OXFORDSHIRE AND BERKSHIRE WEST INTEGRATED CARE BOARD",Independent sector / other,498,394,498,1,79.1
2025-12-01,F9Z4V,CIRCLE READING HOSPITAL,"NHS BUCKINGHAMSHIRE, OXFORDSHIRE AND BERKSHIRE WEST INTEGRATED CARE BOARD",Independent sector / other,1742,1273,1742,2,73.1
2025-12-01,B3M1X,CLAREMONT PRIVATE HOSPITAL,NHS SOUTH YORKSHIRE INTEGRATED CARE BOARD,Independent sector / other,2138,1659,2138,1,77.6
2025-12-01,NT411,CLEMENTINE CHURCHILL HOSPITAL,NHS NORTH WEST LONDON INTEGRATED CARE BOARD,Independent sector / other,1842,1837,1842,0,99.7
2025-12-01,NVC28,CLIFTON PARK HOSPITAL,NHS HUMBER AND NORTH YORKSHIRE INTEGRATED CARE BOARD,Independent sector / other,1778,1111,1778,17,62.5
2025-12-01,NVC29,COBALT HOSPITAL,NHS NORTH EAST AND NORTH CUMBRIA INTEGRATED CARE BOARD,Independent sector / other,1652,1201,1652,7,72.7
2025-12-01,NLG,COMMUNITAS CLINICS,NHS SOUTH WEST LONDON INTEGRATED CARE BOARD,Independent sector / other,3292,2014,3292,97,61.2
2025-12-01,AAV,COMMUNITY HEALTH AND EYECARE LIMITED,NHS LANCASHIRE AND SOUTH CUMBRIA INTEGRATED CARE BOARD,Independent sector / other,4898,4620,4898,0,94.3
2025-12-01,NMG,CORA HEALTH MSK (FORMERLY CONNECT HEALTH LTD),NHS NORTH EAST AND NORTH CUMBRIA INTEGRATED CARE BOARD,Independent sector / other,18609,17512,18609,0,94.1
2025-12-01,RJ8,CORNWALL PARTNERSHIP NHS FOUNDATION TRUST,NHS CORNWALL AND THE ISLES OF SCILLY INTEGRATED CARE BOARD,NHS trust,663,662,663,0,99.8
2025-12-01,DFY01,COTSWOLDS SURGICAL PARTNERS,"NHS BATH AND NORTH EAST SOMERSET, SWINDON AND WILTSHIRE INTEGRATED CARE BOARD",Independent sector / other,233,225,233,0,96.6
2025-12-01,RJR,COUNTESS OF CHESTER HOSPITAL NHS FOUNDATION TRUST,NHS CHESHIRE AND MERSEYSIDE INTEGRATED CARE BOARD,NHS trust,33921,18236,33921,1468,53.8
2025-12-01,RXP,COUNTY DURHAM AND DARLINGTON NHS FOUNDATION TRUST,NHS NORTH EAST AND NORTH CUMBRIA INTEGRATED CARE BOARD,NHS trust,41453,27988,41453,627,67.5
2025-12-01,RJ6,CROYDON HEALTH SERVICES NHS TRUST,NHS SOUTH WEST LONDON INTEGRATED CARE BOARD,NHS trust,36015,23509,36015,491,65.3
2025-12-01,RX4,"CUMBRIA, NORTHUMBERLAND, TYNE AND WEAR NHS FOUNDATION TRUST",NHS NORTH EAST AND NORTH CUMBRIA INTEGRATED CARE BOARD,NHS trust,174,174,174,0,100.0
2025-12-01,RN7,DARTFORD AND GRAVESHAM NHS TRUST,NHS KENT AND MEDWAY INTEGRATED CARE BOARD,NHS trust,31775,19098,31775,908,60.1
2025-12-01,NCN,DMC HEALTHCARE,NHS SOUTH EAST LONDON INTEGRATED CARE BOARD,Independent sector / other,1634,1559,1634,0,95.4
2025-12-01,RP5,DONCASTER AND BASSETLAW TEACHING HOSPITALS NHS FOUNDATION TRUST,NHS SOUTH YORKSHIRE INTEGRATED CARE BOARD,NHS trust,53269,32021,53269,1049,60.1
2025-12-01,NNE,DORKING HEALTHCARE LIMITED (DHC),NHS SURREY HEARTLANDS INTEGRATED CARE BOARD,Independent sector / other,6336,5101,6336,0,80.5
2025-12-01,RBD,DORSET COUNTY HOSPITAL NHS FOUNDATION TRUST,NHS DORSET INTEGRATED CARE BOARD,NHS trust,20838,12691,20838,270,60.9
2025-12-01,NT412,DROITWICH SPA HOSPITAL,NHS HEREFORDSHIRE AND WORCESTERSHIRE INTEGRATED CARE BOARD,Independent sector / other,1862,1342,1862,2,72.1
2025-12-01,NT447,DUCHY HOSPITAL,NHS HUMBER AND NORTH YORKSHIRE INTEGRATED CARE BOARD,Independent sector / other,295,234,295,0,79.3
2025-12-01,NVC04,DUCHY HOSPITAL,NHS CORNWALL AND THE ISLES OF SCILLY INTEGRATED CARE BOARD,Independent sector / other,2126,982,2126,25,46.2
2025-12-01,RWH,EAST AND NORTH HERTFORDSHIRE TEACHING NHS TRUST,NHS HERTFORDSHIRE AND WEST ESSEX INTEGRATED CARE BOARD,NHS trust,53652,36079,53652,612,67.2
2025-12-01,RJN,EAST CHESHIRE NHS TRUST,NHS CHESHIRE AND MERSEYSIDE INTEGRATED CARE BOARD,NHS trust,19167,8834,19167,675,46.1
2025-12-01,RVV,EAST KENT HOSPITALS UNIVERSITY NHS FOUNDATION TRUST,NHS KENT AND MEDWAY INTEGRATED CARE BOARD,NHS trust,75959,39330,75959,1977,51.8
2025-12-01,RXR,EAST LANCASHIRE HOSPITALS NHS TRUST,NHS LANCASHIRE AND SOUTH CUMBRIA INTEGRATED CARE BOARD,NHS trust,52680,32873,52680,822,62.4
2025-12-01,RDE,EAST SUFFOLK AND NORTH ESSEX NHS FOUNDATION TRUST,NHS SUFFOLK AND NORTH EAST ESSEX INTEGRATED CARE BOARD,NHS trust,92748,50094,92748,2338,54.0
2025-12-01,RXC,EAST SUSSEX HEALTHCARE NHS TRUST,NHS SUSSEX INTEGRATED CARE BOARD,NHS trust,61443,40064,61443,729,65.2
2025-12-01,NT445,EDGBASTON HOSPITAL,NHS BIRMINGHAM AND SOLIHULL INTEGRATED CARE BOARD,Independent sector / other,1,1,1,0,100.0
2025-12-01,M9U8M,ENDOCARE DIAGNOSTICS LTD,NHS GREATER MANCHESTER INTEGRATED CARE BOARD,Independent sector / other,158,158,158,0,100.0
2025-12-01,RVR,EPSOM AND ST HELIER UNIVERSITY HOSPITALS NHS TRUST,NHS SOUTH WEST LONDON INTEGRATED CARE BOARD,NHS trust,58752,35308,58752,888,60.1
2025-12-01,NVM,EPSOMEDICAL GROUP,NHS SURREY HEARTLANDS INTEGRATED CARE BOARD,Independent sector / other,3183,2510,3183,62,78.9
2025-12-01,NVC05,EUXTON HALL HOSPITAL,NHS LANCASHIRE AND SOUTH CUMBRIA INTEGRATED CARE BOARD,Independent sector / other,3071,2399,3071,12,78.1
2025-12-01,NVC0Y,EXETER MEDICAL,NHS DEVON INTEGRATED CARE BOARD,Independent sector / other,221,175,221,0,79.2
2025-12-01,ACM,EYE CARE MEDICAL LTD,NHS CHESHIRE AND MERSEYSIDE INTEGRATED CARE BOARD,Independent sector / other,1,1,1,0,100.0
2025-12-01,Y9S1N,FAIRFIELD INDEPENDENT HOSPITAL,NHS CHESHIRE AND MERSEYSIDE INTEGRATED CARE BOARD,Independent sector / other,2287,1466,2287,2,64.1
2025-12-01,NDJ,FIRST COMMUNITY HEALTH AND CARE CIC,NHS SURREY HEARTLANDS INTEGRATED CARE BOARD,Independent sector / other,587,573,587,0,97.6
2025-12-01,NVC06,FITZWILLIAM HOSPITAL,NHS CAMBRIDGESHIRE AND PETERBOROUGH INTEGRATED CARE BOARD,Independent sector / other,6240,3375,6240,63,54.1
2025-12-01,RDU,FRIMLEY HEALTH NHS FOUNDATION TRUST,NHS FRIMLEY INTEGRATED CARE BOARD,NHS trust,67355,37533,67355,1506,55.7
2025-12-01,NVC07,FULWOOD HALL HOSPITAL,NHS LANCASHIRE AND SOUTH CUMBRIA INTEGRATED CARE BOARD,Independent sector / other,4333,3201,4333,13,73.9
2025-12-01,RR7,GATESHEAD HEALTH NHS FOUNDATION TRUST,NHS NORTH EAST AND NORTH CUMBRIA INTEGRATED CARE BOARD,NHS trust,12521,8777,12521,25,70.1
2025-12-01,RLT,GEORGE ELIOT HOSPITAL NHS TRUST,NHS COVENTRY AND WARWICKSHIRE INTEGRATED CARE BOARD,NHS trust,19697,12633,19697,155,64.1
2025-12-01,K8I4X,GLENDON WOOD HOSPITAL,NHS NORTHAMPTONSHIRE INTEGRATED CARE BOARD,Independent sector / other,1432,1127,1432,2,78.7
2025-12-01,RTE,GLOUCESTERSHIRE HOSPITALS NHS FOUNDATION TRUST,NHS GLOUCESTERSHIRE INTEGRATED CARE BOARD,NHS trust,62716,43413,62716,30,69.2
2025-12-01,NT417,GORING HALL HOSPITAL,NHS SUSSEX INTEGRATED CARE BOARD,Independent sector / other,946,568,946,23,60.0
2025-12-01,NWV01,GP CARE UK,"NHS BRISTOL, NORTH SOMERSET AND SOUTH GLOUCESTERSHIRE INTEGRATED CARE BOARD",Independent sector / other,689,688,689,0,99.9
2025-12-01,RP4,GREAT ORMOND STREET HOSPITAL FOR CHILDREN NHS FOUNDATION TRUST,NHS NORTH CENTRAL LONDON INTEGRATED CARE BOARD,NHS trust,8053,5635,8053,193,70.0
2025-12-01,RN3,GREAT WESTERN HOSPITALS NHS FOUNDATION TRUST,"NHS BATH AND NORTH EAST SOMERSET, SWINDON AND WILTSHIRE INTEGRATED CARE BOARD",NHS trust,42844,25261,42844,658,59.0
2025-12-01,RJ1,GUY'S AND ST THOMAS' NHS FOUNDATION TRUST,NHS SOUTH EAST LONDON INTEGRATED CARE BOARD,NHS trust,108495,71916,108495,1075,66.3
2025-12-01,RW1,HAMPSHIRE AND ISLE OF WIGHT HEALTHCARE NHS FOUNDATION TRUST,NHS HAMPSHIRE AND ISLE OF WIGHT INTEGRATED CARE BOARD,NHS trust,4167,3834,4167,0,92.0
2025-12-01,NT418,HAMPSHIRE CLINIC,NHS HAMPSHIRE AND ISLE OF WIGHT INTEGRATED CARE BOARD,Independent sector / other,342,236,342,2,69.0
2025-12-01,RN5,HAMPSHIRE HOSPITALS NHS FOUNDATION TRUST,NHS HAMPSHIRE AND ISLE OF WIGHT INTEGRATED CARE BOARD,NHS trust,50492,29562,50492,1600,58.5
2025-12-01,NT419,HARBOUR HOSPITAL,NHS DORSET INTEGRATED CARE BOARD,Independent sector / other,155,133,155,0,85.8
2025-12-01,RCD,HARROGATE AND DISTRICT NHS FOUNDATION TRUST,NHS HUMBER AND NORTH YORKSHIRE INTEGRATED CARE BOARD,NHS trust,18927,13727,18927,4,72.5
2025-12-01,S5E5Y,HCRG CARE DERMATOLOGY THE IRONSTONE CENTRE,NHS HUMBER AND NORTH YORKSHIRE INTEGRATED CARE BOARD,Independent sector / other,949,910,949,1,95.9
2025-12-01,NYR,HEALTHSHARE DIAGNOSTICS,NHS KENT AND MEDWAY INTEGRATED CARE BOARD,Independent sector / other,2479,1439,2479,6,58.0
2025-12-01,NRL,HEART NETWORKS,NHS GREATER MANCHESTER INTEGRATED CARE BOARD,Independent sector / other,859,840,859,0,97.8
2025-12-01,NT416,HENDON HOSPITAL,NHS NORTH CENTRAL LONDON INTEGRATED CARE BOARD,Independent sector / other,1163,801,1163,2,68.9
2025-12-01,R1A,HEREFORDSHIRE AND WORCESTERSHIRE HEALTH AND CARE NHS TRUST,NHS HEREFORDSHIRE AND WORCESTERSHIRE INTEGRATED CARE BOARD,NHS trust,71,59,71,0,83.1
2025-12-01,NT420,HIGHFIELD HOSPITAL,NHS GREATER MANCHESTER INTEGRATED CARE BOARD,Independent sector / other,944,713,944,3,75.5
2025-12-01,RQX,HOMERTON HEALTHCARE NHS FOUNDATION TRUST,NHS NORTH EAST LONDON INTEGRATED CARE BOARD,NHS trust,24914,17403,24914,230,69.9
2025-12-01,NT448,HUDDERSFIELD PRIVATE HOSPITAL,NHS WEST YORKSHIRE INTEGRATED CARE BOARD,Independent sector / other,772,678,772,6,87.8
2025-12-01,RWA,HULL UNIVERSITY TEACHING HOSPITALS NHS TRUST,NHS HUMBER AND NORTH YORKSHIRE INTEGRATED CARE BOARD,NHS trust,81643,45375,81643,3072,55.6
2025-12-01,RYJ,IMPERIAL COLLEGE HEALTHCARE NHS TRUST,NHS NORTH WEST LONDON INTEGRATED CARE BOARD,NHS trust,89789,57683,89789,620,64.2
2025-12-01,NXP,INDEPENDENT HEALTH GROUP,"NHS BATH AND NORTH EAST SOMERSET, SWINDON AND WILTSHIRE INTEGRATED CARE BOARD",Independent sector / other,931,867,931,0,93.1
2025-12-01,NV1,INHEALTH LIMITED,"NHS BUCKINGHAMSHIRE, OXFORDSHIRE AND BERKSHIRE WEST INTEGRATED CARE BOARD",Independent sector / other,739,649,739,0,87.8
2025-12-01,NCR,ISIGHT,NHS CHESHIRE AND MERSEYSIDE INTEGRATED CARE BOARD,Independent sector / other,1366,1211,1366,0,88.7
2025-12-01,R1F,ISLE OF WIGHT NHS TRUST,NHS HAMPSHIRE AND ISLE OF WIGHT INTEGRATED CARE BOARD,NHS trust,14136,8642,14136,69,61.1
2025-12-01,RGP,JAMES PAGET UNIVERSITY HOSPITALS NHS FOUNDATION TRUST,NHS NORFOLK AND WAVENEY INTEGRATED CARE BOARD,NHS trust,33930,17907,33930,1788,52.8
2025-12-01,RYY,KENT COMMUNITY HEALTH NHS FOUNDATION TRUST,NHS KENT AND MEDWAY INTEGRATED CARE BOARD,NHS trust,4001,3996,4001,0,99.9
2025-12-01,RNQ,KETTERING GENERAL HOSPITAL NHS FOUNDATION TRUST,NHS NORTHAMPTONSHIRE INTEGRATED CARE BOARD,NHS trust,25747,16154,25747,267,62.7
2025-12-01,ADP02,KIMS HOSPITAL (NEWNHAM COURT),NHS KENT AND MEDWAY INTEGRATED CARE BOARD,Independent sector / other,1520,1367,1520,15,89.9
2025-12-01,RJZ,KING'S COLLEGE HOSPITAL NHS FOUNDATION TRUST,NHS SOUTH EAST LONDON INTEGRATED CARE BOARD,NHS trust,88038,56293,88038,1628,63.9
2025-12-01,NT421,KINGS OAK HOSPITAL,NHS NORTH CENTRAL LONDON INTEGRATED CARE BOARD,Independent sector / other,1163,883,1163,2,75.9
2025-12-01,RAX,KINGSTON AND RICHMOND NHS FOUNDATION TRUST,NHS SOUTH WEST LONDON INTEGRATED CARE BOARD,NHS trust,45482,27433,45482,369,60.3
2025-12-01,RW5,LANCASHIRE & SOUTH CUMBRIA NHS FOUNDATION TRUST,NHS LANCASHIRE AND SOUTH CUMBRIA INTEGRATED CARE BOARD,NHS trust,3450,3308,3450,0,95.9
2025-12-01,RXN,LANCASHIRE TEACHING HOSPITALS NHS FOUNDATION TRUST,NHS LANCASHIRE AND SOUTH CUMBRIA INTEGRATED CARE BOARD,NHS trust,64049,34027,64049,1977,53.1
2025-12-01,NLE01,LANCASTER HOUSE CONSULTING DIAGNOSTICS SURGICAL LTD HQ,NHS GREATER MANCHESTER INTEGRATED CARE BOARD,Independent sector / other,1148,1053,1148,0,91.7
2025-12-01,NT449,LANCASTER PRIVATE HOSPITAL,NHS LANCASHIRE AND SOUTH CUMBRIA INTEGRATED CARE BOARD,Independent sector / other,302,209,302,4,69.2
2025-12-01,RR8,LEEDS TEACHING HOSPITALS NHS TRUST,NHS WEST YORKSHIRE INTEGRATED CARE BOARD,NHS trust,85979,56549,85979,1321,65.8
2025-12-01,RJ2,LEWISHAM AND GREENWICH NHS TRUST,NHS SOUTH EAST LONDON INTEGRATED CARE BOARD,NHS trust,55943,34896,55943,1105,62.4
2025-12-01,NT450,LINCOLN PRIVATE HOSPITAL,NHS LINCOLNSHIRE INTEGRATED CARE BOARD,Independent sector / other,1263,859,1263,0,68.0
2025-12-01,RP7,LINCOLNSHIRE PARTNERSHIP NHS FOUNDATION TRUST,NHS LINCOLNSHIRE INTEGRATED CARE BOARD,NHS trust,36,32,36,2,88.9
2025-12-01,RBQ,LIVERPOOL HEART AND CHEST HOSPITAL NHS FOUNDATION TRUST,NHS CHESHIRE AND MERSEYSIDE INTEGRATED CARE BOARD,NHS trust,5593,4417,5593,38,79.0
2025-12-01,REM,LIVERPOOL UNIVERSITY HOSPITALS NHS FOUNDATION TRUST,NHS CHESHIRE AND MERSEYSIDE INTEGRATED CARE BOARD,NHS trust,63991,35366,63991,1059,55.3
2025-12-01,REP,LIVERPOOL WOMEN'S NHS FOUNDATION TRUST,NHS CHESHIRE AND MERSEYSIDE INTEGRATED CARE BOARD,NHS trust,14378,7178,14378,1055,49.9
2025-12-01,NR5,LIVEWELL SOUTHWEST,NHS DEVON INTEGRATED CARE BOARD,Independent sector / other,64,61,64,0,95.3
2025-12-01,NL8,LOCALA COMMUNITY PARTNERSHIPS CIC,NHS WEST YORKSHIRE INTEGRATED CARE BOARD,Independent sector / other,1141,1076,1141,0,94.3
2025-12-01,NT422,LONDON INDEPENDENT HOSPITAL,NHS NORTH EAST LONDON INTEGRATED CARE BOARD,Independent sector / other,3988,3301,3988,22,82.8
2025-12-01,R1K,LONDON NORTH WEST UNIVERSITY HEALTHCARE NHS TRUST,NHS NORTH WEST LONDON INTEGRATED CARE BOARD,NHS trust,82752,49040,82752,1309,59.3
2025-12-01,RWF,MAIDSTONE AND TUNBRIDGE WELLS NHS TRUST,NHS KENT AND MEDWAY INTEGRATED CARE BOARD,NHS trust,49447,34412,49447,13,69.6
2025-12-01,NN5,MANCHESTER SURGICAL SERVICES LTD,NHS GREATER MANCHESTER INTEGRATED CARE BOARD,Independent sector / other,329,297,329,0,90.3
2025-12-01,R0A,MANCHESTER UNIVERSITY NHS FOUNDATION TRUST,NHS GREATER MANCHESTER INTEGRATED CARE BOARD,NHS trust,178876,100287,178876,3567,56.1
2025-12-01,NT423,MANOR HOSPITAL,"NHS BEDFORDSHIRE, LUTON AND MILTON KEYNES INTEGRATED CARE BOARD",Independent sector / other,675,341,675,10,50.5
2025-12-01,AY1,MEDEFER,NHS NORTH CENTRAL LONDON INTEGRATED CARE BOARD,Independent sector / other,243,188,243,0,77.4
2025-12-01,RPA,MEDWAY NHS FOUNDATION TRUST,NHS KENT AND MEDWAY INTEGRATED CARE BOARD,NHS trust,36921,21066,36921,533,57.1
2025-12-01,NT424,MERIDEN HOSPITAL,NHS COVENTRY AND WARWICKSHIRE INTEGRATED CARE BOARD,Independent sector / other,1691,1430,1691,0,84.6
2025-12-01,RBN,MERSEY AND WEST LANCASHIRE TEACHING HOSPITALS NHS TRUST,NHS CHESHIRE AND MERSEYSIDE INTEGRATED CARE BOARD,NHS trust,74661,46754,74661,1527,62.6
2025-12-01,RW4,MERSEY CARE NHS FOUNDATION TRUST,NHS CHESHIRE AND MERSEYSIDE INTEGRATED CARE BOARD,NHS trust,40,38,40,0,95.0
2025-12-01,RAJ,MID AND SOUTH ESSEX NHS FOUNDATION TRUST,NHS MID AND SOUTH ESSEX INTEGRATED CARE BOARD,NHS trust,179094,86245,179094,13541,48.2
2025-12-01,RBT,MID CHESHIRE HOSPITALS NHS FOUNDATION TRUST,NHS CHESHIRE AND MERSEYSIDE INTEGRATED CARE BOARD,NHS trust,39594,21326,39594,862,53.9
2025-12-01,RXF,MID YORKSHIRE TEACHING NHS TRUST,NHS WEST YORKSHIRE INTEGRATED CARE BOARD,NHS trust,55669,34307,55669,197,61.6
2025-12-01,S4E3I,MIDLAND EYE (EYE-DOCS LTD),NHS BIRMINGHAM AND SOLIHULL INTEGRATED CARE BOARD,Independent sector / other,553,538,553,0,97.3
2025-12-01,RRE,MIDLANDS PARTNERSHIP UNIVERSITY NHS FOUNDATION TRUST,NHS STAFFORDSHIRE AND STOKE-ON-TRENT INTEGRATED CARE BOARD,NHS trust,7977,7629,7977,1,95.6
2025-12-01,RD8,MILTON KEYNES UNIVERSITY HOSPITAL NHS FOUNDATION TRUST,"NHS BEDFORDSHIRE, LUTON AND MILTON KEYNES INTEGRATED CARE BOARD",NHS trust,35023,19158,35023,1397,54.7
2025-12-01,RP6,MOORFIELDS EYE HOSPITAL NHS FOUNDATION TRUST,NHS NORTH CENTRAL LONDON INTEGRATED CARE BOARD,NHS trust,34905,29489,34905,13,84.5
2025-12-01,NT455,MOUNT ALVERNIA HOSPITAL,NHS SURREY HEARTLANDS INTEGRATED CARE BOARD,Independent sector / other,261,179,261,1,68.6
2025-12-01,NVC08,MOUNT STUART HOSPITAL,NHS DEVON INTEGRATED CARE BOARD,Independent sector / other,2218,1421,2218,26,64.1
2025-12-01,NVC09,NEW HALL HOSPITAL,"NHS BATH AND NORTH EAST SOMERSET, SWINDON AND WILTSHIRE INTEGRATED CARE BOARD",Independent sector / other,3315,2317,3315,19,69.9
2025-12-01,R7W2O,NEWCASTLE NEWMEDICA LTD,NHS NORTH EAST AND NORTH CUMBRIA INTEGRATED CARE BOARD,Independent sector / other,944,924,944,0,97.9
2025-12-01,N8R1N,NEWMEDICA - BERKSHIRE,NHS FRIMLEY INTEGRATED CARE BOARD,Independent sector / other,1479,1197,1479,1,80.9
2025-12-01,C5Y9L,NEWMEDICA - BERKSHIRE - BRACKNELL,NHS FRIMLEY INTEGRATED CARE BOARD,Independent sector / other,81,56,81,0,69.1
2025-12-01,S1Z4X,NEWMEDICA - BIRMINGHAM,NHS BIRMINGHAM AND SOLIHULL INTEGRATED CARE BOARD,Independent sector / other,849,806,849,0,94.9
2025-12-01,C9A7J,NEWMEDICA - BRADFORD & HUDDERSFIELD,NHS WEST YORKSHIRE INTEGRATED CARE BOARD,Independent sector / other,520,483,520,0,92.9
2025-12-01,ACG22,NEWMEDICA - BRIGG - RIVERSIDE SURGERY,NHS HUMBER AND NORTH YORKSHIRE INTEGRATED CARE BOARD,Independent sector / other,984,724,984,0,73.6
2025-12-01,ACG20,NEWMEDICA - BRISTOL - LITFIELD HOUSE,"NHS BRISTOL, NORTH SOMERSET AND SOUTH GLOUCESTERSHIRE INTEGRATED CARE BOARD",Independent sector / other,459,415,459,0,90.4
2025-12-01,H2K1G,NEWMEDICA - BROMSGROVE,NHS HEREFORDSHIRE AND WORCESTERSHIRE INTEGRATED CARE BOARD,Independent sector / other,319,289,319,0,90.6
2025-12-01,F1Y1H,NEWMEDICA - CHESHIRE OAKS,NHS CHESHIRE AND MERSEYSIDE INTEGRATED CARE BOARD,Independent sector / other,533,480,533,0,90.1
2025-12-01,F0R0W,NEWMEDICA - DARLINGTON,NHS NORTH EAST AND NORTH CUMBRIA INTEGRATED CARE BOARD,Independent sector / other,63,60,63,0,95.2
2025-12-01,ACG36,NEWMEDICA - EXETER - GLEN HOUSE,NHS DEVON INTEGRATED CARE BOARD,Independent sector / other,424,401,424,0,94.6
2025-12-01,ACG13,NEWMEDICA - GLOUCESTER (ASPEN MEDICAL CENTRE),NHS GLOUCESTERSHIRE INTEGRATED CARE BOARD,Independent sector / other,458,360,458,1,78.6
2025-12-01,L0D9W,NEWMEDICA - GLOUCESTER (BRIGHOUSE COURT),NHS GLOUCESTERSHIRE INTEGRATED CARE BOARD,Independent sector / other,1257,1108,1257,2,88.1
2025-12-01,L4R3R,NEWMEDICA - HAMPSHIRE,NHS HAMPSHIRE AND ISLE OF WIGHT INTEGRATED CARE BOARD,Independent sector / other,2266,1624,2266,11,71.7
2025-12-01,Z1E5F,NEWMEDICA - HARROGATE,NHS HUMBER AND NORTH YORKSHIRE INTEGRATED CARE BOARD,Independent sector / other,247,231,247,0,93.5
2025-12-01,F7F6D,NEWMEDICA - HERTFORSHIRE - WELWYN GARDEN CITY,NHS HERTFORDSHIRE AND WEST ESSEX INTEGRATED CARE BOARD,Independent sector / other,925,755,925,0,81.6
2025-12-01,ACG37,NEWMEDICA - IPSWICH,NHS SUFFOLK AND NORTH EAST ESSEX INTEGRATED CARE BOARD,Independent sector / other,975,953,975,0,97.7
2025-12-01,ACG38,NEWMEDICA - LANGFORD,"NHS BRISTOL, NORTH SOMERSET AND SOUTH GLOUCESTERSHIRE INTEGRATED CARE BOARD",Independent sector / other,479,409,479,0,85.4
2025-12-01,N6Z0R,NEWMEDICA - LINCOLN,NHS LINCOLNSHIRE INTEGRATED CARE BOARD,Independent sector / other,41,31,41,0,75.6
2025-12-01,Z2L9B,NEWMEDICA - MANCHESTER WEST,NHS GREATER MANCHESTER INTEGRATED CARE BOARD,Independent sector / other,377,315,377,0,83.6
2025-12-01,ACG26,NEWMEDICA - NORTH DERBYSHIRE - MIDLAND COURT,NHS DERBY AND DERBYSHIRE INTEGRATED CARE BOARD,Independent sector / other,1239,1158,1239,0,93.5
2025-12-01,M4C5R,NEWMEDICA - NORTHAMPTON,NHS NORTHAMPTONSHIRE INTEGRATED CARE BOARD,Independent sector / other,943,878,943,0,93.1
2025-12-01,B5M7B,NEWMEDICA - NORWICH,NHS NORFOLK AND WAVENEY INTEGRATED CARE BOARD,Independent sector / other,1596,1406,1596,0,88.1
2025-12-01,B1A5K,NEWMEDICA - NOTTINGHAM,NHS NOTTINGHAM AND NOTTINGHAMSHIRE INTEGRATED CARE BOARD,Independent sector / other,574,535,574,0,93.2
2025-12-01,M6L9D,NEWMEDICA - NOTTINGHAM - KEYWORTH,NHS NOTTINGHAM AND NOTTINGHAMSHIRE INTEGRATED CARE BOARD,Independent sector / other,19,19,19,0,100.0
2025-12-01,J3J8Z,NEWMEDICA - OXFORDSHIRE,"NHS BUCKINGHAMSHIRE, OXFORDSHIRE AND BERKSHIRE WEST INTEGRATED CARE BOARD",Independent sector / other,654,628,654,0,96.0
2025-12-01,P5Y6K,NEWMEDICA - SHREWSBURY,"NHS SHROPSHIRE, TELFORD AND WREKIN INTEGRATED CARE BOARD",Independent sector / other,578,545,578,0,94.3
2025-12-01,ACG39,NEWMEDICA - SWINDON,"NHS BATH AND NORTH EAST SOMERSET, SWINDON AND WILTSHIRE INTEGRATED CARE BOARD",Independent sector / other,20,6,20,0,30.0
2025-12-01,D0V5X,NEWMEDICA - SWINDON MURDOCK ROAD,"NHS BATH AND NORTH EAST SOMERSET, SWINDON AND WILTSHIRE INTEGRATED CARE BOARD",Independent sector / other,128,109,128,0,85.2
2025-12-01,ACG24,NEWMEDICA - TEESSIDE - NORTH ORMESBY,NHS NORTH EAST AND NORTH CUMBRIA INTEGRATED CARE BOARD,Independent sector / other,1352,1312,1352,0,97.0
2025-12-01,ACG40,NEWMEDICA - WAKEFIELD,NHS WEST YORKSHIRE INTEGRATED CARE BOARD,Independent sector / other,667,561,667,0,84.1
2025-12-01,ACG31,NEWMEDICA - WORCESTER,NHS HEREFORDSHIRE AND WORCESTERSHIRE INTEGRATED CARE BOARD,Independent sector / other,708,655,708,0,92.5
2025-12-01,ACG30,NEWMEDICA - WORKSOP - DUKERIES,NHS NOTTINGHAM AND NOTTINGHAMSHIRE INTEGRATED CARE BOARD,Independent sector / other,164,149,164,0,90.9
2025-12-01,H4J9P,NEWMEDICA AZTEC WEST,"NHS BRISTOL, NORTH SOMERSET AND SOUTH GLOUCESTERSHIRE INTEGRATED CARE BOARD",Independent sector / other,945,799,945,0,84.6
2025-12-01,ACG19,NEWMEDICA COMMUNITY OPHTHALMOLOGY - LEEDS,NHS WEST YORKSHIRE INTEGRATED CARE BOARD,Independent sector / other,738,655,738,0,88.8
2025-12-01,ACG12,NEWMEDICA COMMUNITY OPHTHALMOLOGY - NORTH EAST LINCOLNSHIRE - GRIMSBY,NHS HUMBER AND NORTH YORKSHIRE INTEGRATED CARE BOARD,Independent sector / other,1311,934,1311,1,71.2
2025-12-01,A4Q9X,NEWMEDICA LEICESTER,"NHS LEICESTER, LEICESTERSHIRE AND RUTLAND INTEGRATED CARE BOARD",Independent sector / other,781,660,781,0,84.5
2025-12-01,ACG08,NEWMEDICA OPHTHALMOLOGY - NUNEATON - CAMP HILL - GP LED HEALTH CENTRE,NHS COVENTRY AND WARWICKSHIRE INTEGRATED CARE BOARD,Independent sector / other,3,3,3,0,100.0
2025-12-01,G4H0I,NEWMEDICA SUFFOLK - BURY ST EDMUNDS - CLARITY HOUSE,NHS SUFFOLK AND NORTH EAST ESSEX INTEGRATED CARE BOARD,Independent sector / other,680,663,680,0,97.5
2025-12-01,RM1,NORFOLK AND NORWICH UNIVERSITY HOSPITALS NHS FOUNDATION TRUST,NHS NORFOLK AND WAVENEY INTEGRATED CARE BOARD,NHS trust,76309,42058,76309,3266,55.1
2025-12-01,RVJ,NORTH BRISTOL NHS TRUST,"NHS BRISTOL, NORTH SOMERSET AND SOUTH GLOUCESTERSHIRE INTEGRATED CARE BOARD",NHS trust,43126,28694,43126,91,66.5
2025-12-01,RNN,NORTH CUMBRIA INTEGRATED CARE NHS FOUNDATION TRUST,NHS NORTH EAST AND NORTH CUMBRIA INTEGRATED CARE BOARD,NHS trust,39101,21820,39101,1143,55.8
2025-12-01,NVC11,NORTH DOWNS HOSPITAL,NHS SURREY HEARTLANDS INTEGRATED CARE BOARD,Independent sector / other,1569,1032,1569,8,65.8
2025-12-01,RVW,NORTH TEES AND HARTLEPOOL NHS FOUNDATION TRUST,NHS NORTH EAST AND NORTH CUMBRIA INTEGRATED CARE BOARD,NHS trust,22059,15734,22059,220,71.3
2025-12-01,RGN,NORTH WEST ANGLIA NHS FOUNDATION TRUST,NHS CAMBRIDGESHIRE AND PETERBOROUGH INTEGRATED CARE BOARD,NHS trust,78869,45705,78869,799,58.0
2025-12-01,RNS,NORTHAMPTON GENERAL HOSPITAL NHS TRUST,NHS NORTHAMPTONSHIRE INTEGRATED CARE BOARD,NHS trust,43340,26055,43340,559,60.1
2025-12-01,RM3,NORTHERN CARE ALLIANCE NHS FOUNDATION TRUST,NHS GREATER MANCHESTER INTEGRATED CARE BOARD,NHS trust,135559,71745,135559,4159,52.9
2025-12-01,RJL,NORTHERN LINCOLNSHIRE AND GOOLE NHS FOUNDATION TRUST,NHS HUMBER AND NORTH YORKSHIRE INTEGRATED CARE BOARD,NHS trust,39295,23260,39295,915,59.2
2025-12-01,RTF,NORTHUMBRIA HEALTHCARE NHS FOUNDATION TRUST,NHS NORTH EAST AND NORTH CUMBRIA INTEGRATED CARE BOARD,NHS trust,35315,28613,35315,6,81.0
2025-12-01,DFQ,NORWICH & NORFOLK SURGICAL LTD (N2S),NHS NORFOLK AND WAVENEY INTEGRATED CARE BOARD,Independent sector / other,1141,1021,1141,0,89.5
2025-12-01,RX1,NOTTINGHAM UNIVERSITY HOSPITALS NHS TRUST,NHS NOTTINGHAM AND NOTTINGHAMSHIRE INTEGRATED CARE BOARD,NHS trust,95029,54347,95029,2507,57.2
2025-12-01,NQH,NOVUS HEALTH LTD,NHS WEST YORKSHIRE INTEGRATED CARE BOARD,Independent sector / other,1100,1024,1100,0,93.1
2025-12-01,G3Q3Z,NUFFIELD HEALTH HIGHGATE HOSPITAL,NHS NORTH CENTRAL LONDON INTEGRATED CARE BOARD,Independent sector / other,762,591,762,9,77.6
2025-12-01,R0F4N,NUFFIELD HEALTH PARKSIDE HOSPITAL,NHS SOUTH WEST LONDON INTEGRATED CARE BOARD,Independent sector / other,503,181,503,164,36.0
2025-12-01,H4I8B,NUFFIELD HEALTH THE HOLLY HOSPITAL,NHS HERTFORDSHIRE AND WEST ESSEX INTEGRATED CARE BOARD,Independent sector / other,3237,2710,3237,21,83.7
2025-12-01,NT202,"NUFFIELD HEALTH, BOURNEMOUTH HOSPITAL",NHS DORSET INTEGRATED CARE BOARD,Independent sector / other,396,305,396,1,77.0
2025-12-01,NT204,"NUFFIELD HEALTH, BRENTWOOD HOSPITAL",NHS MID AND SOUTH ESSEX INTEGRATED CARE BOARD,Independent sector / other,4,3,4,0,75.0
2025-12-01,NT205,"NUFFIELD HEALTH, BRIGHTON HOSPITAL",NHS SUSSEX INTEGRATED CARE BOARD,Independent sector / other,762,330,762,65,43.3
2025-12-01,NT206,"NUFFIELD HEALTH, BRISTOL HOSPITAL (CHESTERFIELD)","NHS BRISTOL, NORTH SOMERSET AND SOUTH GLOUCESTERSHIRE INTEGRATED CARE BOARD",Independent sector / other,834,526,834,2,63.1
2025-12-01,NT209,"NUFFIELD HEALTH, CAMBRIDGE HOSPITAL",NHS CAMBRIDGESHIRE AND PETERBOROUGH INTEGRATED CARE BOARD,Independent sector / other,280,176,280,1,62.9
2025-12-01,NT211,"NUFFIELD HEALTH, CHELTENHAM HOSPITAL",NHS GLOUCESTERSHIRE INTEGRATED CARE BOARD,Independent sector / other,64,8,64,10,12.5
2025-12-01,NT212,"NUFFIELD HEALTH, CHICHESTER HOSPITAL",NHS SUSSEX INTEGRATED CARE BOARD,Independent sector / other,624,480,624,3,76.9
2025-12-01,NT213,"NUFFIELD HEALTH, DERBY HOSPITAL",NHS DERBY AND DERBYSHIRE INTEGRATED CARE BOARD,Independent sector / other,1047,605,1047,37,57.8
2025-12-01,NT215,"NUFFIELD HEALTH, EXETER HOSPITAL",NHS DEVON INTEGRATED CARE BOARD,Independent sector / other,466,188,466,99,40.3
2025-12-01,NT216,"NUFFIELD HEALTH, GUILDFORD HOSPITAL",NHS SURREY HEARTLANDS INTEGRATED CARE BOARD,Independent sector / other,164,106,164,17,64.6
2025-12-01,NT218,"NUFFIELD HEALTH, HAYWARDS HEATH HOSPITAL",NHS SUSSEX INTEGRATED CARE BOARD,Independent sector / other,432,194,432,5,44.9
2025-12-01,NT219,"NUFFIELD HEALTH, HEREFORD HOSPITAL",NHS HEREFORDSHIRE AND WORCESTERSHIRE INTEGRATED CARE BOARD,Independent sector / other,401,346,401,0,86.3
2025-12-01,NT226,"NUFFIELD HEALTH, LEICESTER HOSPITAL","NHS LEICESTER, LEICESTERSHIRE AND RUTLAND INTEGRATED CARE BOARD",Independent sector / other,374,323,374,11,86.4
2025-12-01,NT229,"NUFFIELD HEALTH, NEWCASTLE UPON TYNE HOSPITAL",NHS NORTH EAST AND NORTH CUMBRIA INTEGRATED CARE BOARD,Independent sector / other,580,293,580,8,50.5
2025-12-01,NT230,"NUFFIELD HEALTH, NORTH STAFFORDSHIRE HOSPITAL",NHS STAFFORDSHIRE AND STOKE-ON-TRENT INTEGRATED CARE BOARD,Independent sector / other,1097,803,1097,4,73.2
2025-12-01,NT233,"NUFFIELD HEALTH, PLYMOUTH HOSPITAL",NHS DEVON INTEGRATED CARE BOARD,Independent sector / other,1060,688,1060,16,64.9
2025-12-01,NT235,"NUFFIELD HEALTH, SHREWSBURY HOSPITAL","NHS SHROPSHIRE, TELFORD AND WREKIN INTEGRATED CARE BOARD",Independent sector / other,597,537,597,0,89.9
2025-12-01,NT238,"NUFFIELD HEALTH, TAUNTON HOSPITAL",NHS SOMERSET INTEGRATED CARE BOARD,Independent sector / other,464,267,464,25,57.5
2025-12-01,NT237,"NUFFIELD HEALTH, TEES HOSPITAL",NHS NORTH EAST AND NORTH CUMBRIA INTEGRATED CARE BOARD,Independent sector / other,1368,1069,1368,1,78.1
2025-12-01,NT210,"NUFFIELD HEALTH, THE GROSVENOR HOSPITAL, CHESTER",NHS CHESHIRE AND MERSEYSIDE INTEGRATED CARE BOARD,Independent sector / other,580,373,580,0,64.3
2025-12-01,NT239,"NUFFIELD HEALTH, TUNBRIDGE WELLS HOSPITAL",NHS KENT AND MEDWAY INTEGRATED CARE BOARD,Independent sector / other,135,84,135,35,62.2
2025-12-01,NT224,"NUFFIELD HEALTH, WARWICKSHIRE HOSPITAL",NHS COVENTRY AND WARWICKSHIRE INTEGRATED CARE BOARD,Independent sector / other,472,329,472,20,69.7
2025-12-01,NT214,"NUFFIELD HEALTH, WESSEX HOSPITAL",NHS HAMPSHIRE AND ISLE OF WIGHT INTEGRATED CARE BOARD,Independent sector / other,587,340,587,0,57.9
2025-12-01,NT241,"NUFFIELD HEALTH, WOKING HOSPITAL",NHS SURREY HEARTLANDS INTEGRATED CARE BOARD,Independent sector / other,287,240,287,20,83.6
2025-12-01,NT242,"NUFFIELD HEALTH, WOLVERHAMPTON HOSPITAL",NHS BLACK COUNTRY INTEGRATED CARE BOARD,Independent sector / other,665,554,665,2,83.3
2025-12-01,NT245,"NUFFIELD HEALTH, YORK HOSPITAL",NHS HUMBER AND NORTH YORKSHIRE INTEGRATED CARE BOARD,Independent sector / other,1079,864,1079,1,80.1
2025-12-01,NT244,NUFFIELD HOSPITAL OXFORD (THE MANOR),"NHS BUCKINGHAMSHIRE, OXFORDSHIRE AND BERKSHIRE WEST INTEGRATED CARE BOARD",Independent sector / other,102,92,102,0,90.2
2025-12-01,NVC12,OAKLANDS HOSPITAL,NHS GREATER MANCHESTER INTEGRATED CARE BOARD,Independent sector / other,4258,2964,4258,0,69.6
2025-12-01,NVC13,OAKS HOSPITAL,NHS SUFFOLK AND NORTH EAST ESSEX INTEGRATED CARE BOARD,Independent sector / other,913,583,913,12,63.9
2025-12-01,DXV,OMNES HEALTHCARE LTD,NHS GREATER MANCHESTER INTEGRATED CARE BOARD,Independent sector / other,13997,9578,13997,209,68.4
2025-12-01,AVQ01,ONE ASHFORD HOSPITAL,NHS KENT AND MEDWAY INTEGRATED CARE BOARD,Independent sector / other,1079,842,1079,23,78.0
2025-12-01,AVQ03,ONE HATFIELD HOSPITAL,NHS HERTFORDSHIRE AND WEST ESSEX INTEGRATED CARE BOARD,Independent sector / other,352,309,352,5,87.8
2025-12-01,AWR,ONE STOP DOCTORS LIMITED,NHS HERTFORDSHIRE AND WEST ESSEX INTEGRATED CARE BOARD,Independent sector / other,327,318,327,0,97.2
2025-12-01,NNH,OPTEGRA UK,NHS SURREY HEARTLANDS INTEGRATED CARE BOARD,Independent sector / other,7704,7703,7704,0,100.0
2025-12-01,NQM01,ORTHOPAEDICS & SPINE SPECIALIST HOSPITAL SITE,NHS CAMBRIDGESHIRE AND PETERBOROUGH INTEGRATED CARE BOARD,Independent sector / other,157,135,157,0,86.0
2025-12-01,Q2Y5H,OVIVA UK LTD,NHS SOUTH EAST LONDON INTEGRATED CARE BOARD,Independent sector / other,9849,5424,9849,9,55.1
2025-12-01,RTH,OXFORD UNIVERSITY HOSPITALS NHS FOUNDATION TRUST,"NHS BUCKINGHAMSHIRE, OXFORDSHIRE AND BERKSHIRE WEST INTEGRATED CARE BOARD",NHS trust,83723,50126,83723,2095,59.9
2025-12-01,RPG,OXLEAS NHS FOUNDATION TRUST,NHS SOUTH EAST LONDON INTEGRATED CARE BOARD,NHS trust,2010,1285,2010,155,63.9
2025-12-01,NVC14,PARK HILL HOSPITAL,NHS SOUTH YORKSHIRE INTEGRATED CARE BOARD,Independent sector / other,738,612,738,0,82.9
2025-12-01,NT427,PARK HOSPITAL,NHS NOTTINGHAM AND NOTTINGHAMSHIRE INTEGRATED CARE BOARD,Independent sector / other,1758,1333,1758,19,75.8
2025-12-01,V3J9W,PASTEL HEALTH,NHS NORTH EAST LONDON INTEGRATED CARE BOARD,Independent sector / other,51,51,51,0,100.0
2025-12-01,NEQ,PHOENIX HEALTH SOLUTIONS LIMITED HQ,NHS WEST YORKSHIRE INTEGRATED CARE BOARD,Independent sector / other,614,549,614,0,89.4
2025-12-01,DTT,PHOENIX PUBLIC HEALTH LTD,NHS CHESHIRE AND MERSEYSIDE INTEGRATED CARE BOARD,Independent sector / other,177,125,177,4,70.6
2025-12-01,NVC15,PINEHILL HOSPITAL,NHS HERTFORDSHIRE AND WEST ESSEX INTEGRATED CARE BOARD,Independent sector / other,1599,1184,1599,6,74.0
2025-12-01,NEY,PIONEER HEALTHCARE LIMITED,NHS SOUTH YORKSHIRE INTEGRATED CARE BOARD,Independent sector / other,743,131,743,313,17.6
2025-12-01,D3O0Z,PLYMOUTH NEWMEDICA LTD,NHS DEVON INTEGRATED CARE BOARD,Independent sector / other,446,412,446,1,92.4
2025-12-01,RHU,PORTSMOUTH HOSPITALS UNIVERSITY NHS TRUST,NHS HAMPSHIRE AND ISLE OF WIGHT INTEGRATED CARE BOARD,NHS trust,57514,33062,57514,2048,57.5
2025-12-01,NTP13,PRACTICE PLUS GROUP HOSPITAL - BARLBOROUGH,NHS DERBY AND DERBYSHIRE INTEGRATED CARE BOARD,Independent sector / other,1978,1439,1978,3,72.8
2025-12-01,NTPH2,PRACTICE PLUS GROUP HOSPITAL - EMERSONS GREEN,"NHS BRISTOL, NORTH SOMERSET AND SOUTH GLOUCESTERSHIRE INTEGRATED CARE BOARD",Independent sector / other,4523,3606,4523,0,79.7
2025-12-01,NTP15,PRACTICE PLUS GROUP HOSPITAL - ILFORD,NHS NORTH EAST LONDON INTEGRATED CARE BOARD,Independent sector / other,5471,3739,5471,13,68.3
2025-12-01,NTPH5,PRACTICE PLUS GROUP HOSPITAL - PLYMOUTH,NHS DEVON INTEGRATED CARE BOARD,Independent sector / other,1846,1192,1846,5,64.6
2025-12-01,NTPH1,PRACTICE PLUS GROUP HOSPITAL - SHEPTON MALLET,NHS SOMERSET INTEGRATED CARE BOARD,Independent sector / other,3039,2202,3039,14,72.5
2025-12-01,NTP11,PRACTICE PLUS GROUP HOSPITAL - SOUTHAMPTON,NHS HAMPSHIRE AND ISLE OF WIGHT INTEGRATED CARE BOARD,Independent sector / other,8095,4903,8095,7,60.6
2025-12-01,M2Y6D,PRACTICE PLUS GROUP HOSPITAL BIRMINGHAM,NHS BIRMINGHAM AND SOLIHULL INTEGRATED CARE BOARD,Independent sector / other,914,746,914,0,81.6
2025-12-01,NTPAE,PRACTICE PLUS GROUP OPHTHALMOLOGY - NORTH WEST,NHS GREATER MANCHESTER INTEGRATED CARE BOARD,Independent sector / other,2323,1321,2323,0,56.9
2025-12-01,NTPH3,PRACTICE PLUS GROUP SURGICAL CENTRE - DEVIZES,"NHS BATH AND NORTH EAST SOMERSET, SWINDON AND WILTSHIRE INTEGRATED CARE BOARD",Independent sector / other,2584,1980,2584,4,76.6
2025-12-01,NTP16,PRACTICE PLUS GROUP SURGICAL CENTRE - GILLINGHAM,NHS KENT AND MEDWAY INTEGRATED CARE BOARD,Independent sector / other,1059,974,1059,9,92.0
2025-12-01,NTPAD,PRACTICE PLUS GROUP SURGICAL CENTRE - ST MARYS PORTSMOUTH,NHS HAMPSHIRE AND ISLE OF WIGHT INTEGRATED CARE BOARD,Independent sector / other,2055,1926,2055,0,93.7
2025-12-01,NT428,PRINCESS MARGARET HOSPITAL,NHS FRIMLEY INTEGRATED CARE BOARD,Independent sector / other,73,65,73,0,89.0
2025-12-01,NT429,PRIORY HOSPITAL,NHS BIRMINGHAM AND SOLIHULL INTEGRATED CARE BOARD,Independent sector / other,364,305,364,0,83.8
2025-12-01,NAM01,PROBUS SURGICAL CENTRE,NHS CORNWALL AND THE ISLES OF SCILLY INTEGRATED CARE BOARD,Independent sector / other,1108,987,1108,0,89.1
2025-12-01,NQX,PROVIDE ENTERPRISES,NHS SUFFOLK AND NORTH EAST ESSEX INTEGRATED CARE BOARD,Independent sector / other,79,79,79,0,100.0
2025-12-01,RPC,QUEEN VICTORIA HOSPITAL NHS FOUNDATION TRUST,NHS SUSSEX INTEGRATED CARE BOARD,NHS trust,20186,12283,20186,266,60.8
2025-12-01,GEC01,RAPID INVESTIGATION SERVICE,NHS HAMPSHIRE AND ISLE OF WIGHT INTEGRATED CARE BOARD,Independent sector / other,100,100,100,0,100.0
2025-12-01,NVC16,RENACRES HOSPITAL,NHS LANCASHIRE AND SOUTH CUMBRIA INTEGRATED CARE BOARD,Independent sector / other,4912,3301,4912,6,67.2
2025-12-01,NT430,RIDGEWAY HOSPITAL,"NHS BATH AND NORTH EAST SOMERSET, SWINDON AND WILTSHIRE INTEGRATED CARE BOARD",Independent sector / other,339,285,339,1,84.1
2025-12-01,NVC19,RIVERS HOSPITAL,NHS HERTFORDSHIRE AND WEST ESSEX INTEGRATED CARE BOARD,Independent sector / other,4396,3036,4396,25,69.1
2025-12-01,NVC17,ROWLEY HALL HOSPITAL,NHS STAFFORDSHIRE AND STOKE-ON-TRENT INTEGRATED CARE BOARD,Independent sector / other,2580,1755,2580,4,68.0
2025-12-01,RHW,ROYAL BERKSHIRE NHS FOUNDATION TRUST,"NHS BUCKINGHAMSHIRE, OXFORDSHIRE AND BERKSHIRE WEST INTEGRATED CARE BOARD",NHS trust,34236,28125,34236,42,82.2
2025-12-01,REF,ROYAL CORNWALL HOSPITALS NHS TRUST,NHS CORNWALL AND THE ISLES OF SCILLY INTEGRATED CARE BOARD,NHS trust,41199,30137,41199,255,73.1
2025-12-01,RH8,ROYAL DEVON UNIVERSITY HEALTHCARE NHS FOUNDATION TRUST,NHS DEVON INTEGRATED CARE BOARD,NHS trust,72368,44221,72368,1758,61.1
2025-12-01,RAL,ROYAL FREE LONDON NHS FOUNDATION TRUST,NHS NORTH CENTRAL LONDON INTEGRATED CARE BOARD,NHS trust,138721,82049,138721,2269,59.1
2025-12-01,RAN,ROYAL NATIONAL ORTHOPAEDIC HOSPITAL NHS TRUST,NHS NORTH WEST LONDON INTEGRATED CARE BOARD,NHS trust,9707,6882,9707,30,70.9
2025-12-01,RGM,ROYAL PAPWORTH HOSPITAL NHS FOUNDATION TRUST,NHS CAMBRIDGESHIRE AND PETERBOROUGH INTEGRATED CARE BOARD,NHS trust,5523,4103,5523,16,74.3
2025-12-01,RA2,ROYAL SURREY NHS FOUNDATION TRUST,NHS SURREY HEARTLANDS INTEGRATED CARE BOARD,NHS trust,29558,17906,29558,507,60.6
2025-12-01,RD1,ROYAL UNITED HOSPITALS BATH NHS FOUNDATION TRUST,"NHS BATH AND NORTH EAST SOMERSET, SWINDON AND WILTSHIRE INTEGRATED CARE BOARD",NHS trust,40135,25142,40135,465,62.6
2025-12-01,NT431,RUNNYMEDE HOSPITAL,NHS SURREY HEARTLANDS INTEGRATED CARE BOARD,Independent sector / other,154,121,154,8,78.6
2025-12-01,RNZ,SALISBURY NHS FOUNDATION TRUST,"NHS BATH AND NORTH EAST SOMERSET, SWINDON AND WILTSHIRE INTEGRATED CARE BOARD",NHS trust,28957,19810,28957,175,68.4
2025-12-01,RXK,SANDWELL AND WEST BIRMINGHAM HOSPITALS NHS TRUST,NHS BLACK COUNTRY INTEGRATED CARE BOARD,NHS trust,65725,39041,65725,466,59.4
2025-12-01,NT433,SARUM ROAD HOSPITAL,NHS HAMPSHIRE AND ISLE OF WIGHT INTEGRATED CARE BOARD,Independent sector / other,375,214,375,1,57.1
2025-12-01,NT434,SAXON CLINIC,"NHS BEDFORDSHIRE, LUTON AND MILTON KEYNES INTEGRATED CARE BOARD",Independent sector / other,690,410,690,1,59.4
2025-12-01,RCU,SHEFFIELD CHILDREN'S NHS FOUNDATION TRUST,NHS SOUTH YORKSHIRE INTEGRATED CARE BOARD,NHS trust,11646,7741,11646,195,66.5
2025-12-01,NT435,SHELBURNE HOSPITAL,"NHS BUCKINGHAMSHIRE, OXFORDSHIRE AND BERKSHIRE WEST INTEGRATED CARE BOARD",Independent sector / other,181,148,181,0,81.8
2025-12-01,RK5,SHERWOOD FOREST HOSPITALS NHS FOUNDATION TRUST,NHS NOTTINGHAM AND NOTTINGHAMSHIRE INTEGRATED CARE BOARD,NHS trust,35981,21323,35981,342,59.3
2025-12-01,NT436,SHIRLEY OAKS HOSPITAL,NHS SOUTH WEST LONDON INTEGRATED CARE BOARD,Independent sector / other,919,723,919,22,78.7
2025-12-01,R1D,SHROPSHIRE COMMUNITY HEALTH NHS TRUST,"NHS SHROPSHIRE, TELFORD AND WREKIN INTEGRATED CARE BOARD",NHS trust,7659,6189,7659,24,80.8
2025-12-01,NLX,SIRONA CARE & HEALTH,"NHS BRISTOL, NORTH SOMERSET AND SOUTH GLOUCESTERSHIRE INTEGRATED CARE BOARD",Independent sector / other,6452,4477,6452,0,69.4
2025-12-01,NT437,SLOANE HOSPITAL,NHS SOUTH EAST LONDON INTEGRATED CARE BOARD,Independent sector / other,878,724,878,19,82.5
2025-12-01,RH5,SOMERSET NHS FOUNDATION TRUST,NHS SOMERSET INTEGRATED CARE BOARD,NHS trust,53781,33541,53781,1290,62.4
2025-12-01,NFH,SOMERSET SURGICAL SERVICES HQ,"NHS BRISTOL, NORTH SOMERSET AND SOUTH GLOUCESTERSHIRE INTEGRATED CARE BOARD",Independent sector / other,1225,1089,1225,2,88.9
2025-12-01,RTR,SOUTH TEES HOSPITALS NHS FOUNDATION TRUST,NHS NORTH EAST AND NORTH CUMBRIA INTEGRATED CARE BOARD,NHS trust,55597,34391,55597,1037,61.9
2025-12-01,R0B,SOUTH TYNESIDE AND SUNDERLAND NHS FOUNDATION TRUST,NHS NORTH EAST AND NORTH CUMBRIA INTEGRATED CARE BOARD,NHS trust,57555,43526,57555,4,75.6
2025-12-01,RJC,SOUTH WARWICKSHIRE UNIVERSITY NHS FOUNDATION TRUST,NHS COVENTRY AND WARWICKSHIRE INTEGRATED CARE BOARD,NHS trust,30888,20201,30888,380,65.4
2025-12-01,RXG,SOUTH WEST YORKSHIRE PARTNERSHIP NHS FOUNDATION TRUST,NHS WEST YORKSHIRE INTEGRATED CARE BOARD,NHS trust,4396,4287,4396,0,97.5
2025-12-01,NT490,SOUTHEND PRIVATE HOSPITAL,NHS MID AND SOUTH ESSEX INTEGRATED CARE BOARD,Independent sector / other,1476,1012,1476,1,68.6
2025-12-01,NPG19,SPAMEDICA BEDFORD,"NHS BEDFORDSHIRE, LUTON AND MILTON KEYNES INTEGRATED CARE BOARD",Independent sector / other,245,235,245,0,95.9
2025-12-01,D5P5H,SPAMEDICA BEXHILL,NHS SUSSEX INTEGRATED CARE BOARD,Independent sector / other,342,335,342,0,98.0
2025-12-01,NPG11,SPAMEDICA BIRMINGHAM,NHS BIRMINGHAM AND SOLIHULL INTEGRATED CARE BOARD,Independent sector / other,603,577,603,0,95.7
2025-12-01,C3Y0A,SPAMEDICA BLACKPOOL,NHS LANCASHIRE AND SOUTH CUMBRIA INTEGRATED CARE BOARD,Independent sector / other,247,236,247,0,95.5
2025-12-01,NPG08,SPAMEDICA BOLTON,NHS GREATER MANCHESTER INTEGRATED CARE BOARD,Independent sector / other,613,600,613,0,97.9
2025-12-01,I2C7H,SPAMEDICA BRADFORD,NHS WEST YORKSHIRE INTEGRATED CARE BOARD,Independent sector / other,247,225,247,0,91.1
2025-12-01,I9A4A,SPAMEDICA BRIGHTON,NHS SUSSEX INTEGRATED CARE BOARD,Independent sector / other,286,255,286,1,89.2
2025-12-01,P1B7M,SPAMEDICA BRISTOL,"NHS BRISTOL, NORTH SOMERSET AND SOUTH GLOUCESTERSHIRE INTEGRATED CARE BOARD",Independent sector / other,109,100,109,0,91.7
2025-12-01,Y8L9S,SPAMEDICA BROMLEY,NHS SOUTH EAST LONDON INTEGRATED CARE BOARD,Independent sector / other,419,394,419,0,94.0
2025-12-01,O6X7Z,SPAMEDICA CAMBRIDGE,NHS CAMBRIDGESHIRE AND PETERBOROUGH INTEGRATED CARE BOARD,Independent sector / other,298,281,298,0,94.3
2025-12-01,E1U4T,SPAMEDICA CARLISLE,NHS NORTH EAST AND NORTH CUMBRIA INTEGRATED CARE BOARD,Independent sector / other,469,455,469,0,97.0
2025-12-01,NPG16,SPAMEDICA CHELMSFORD,NHS MID AND SOUTH ESSEX INTEGRATED CARE BOARD,Independent sector / other,562,525,562,0,93.4
2025-12-01,V4U1Y,SPAMEDICA CHESTER,NHS CHESHIRE AND MERSEYSIDE INTEGRATED CARE BOARD,Independent sector / other,193,174,193,0,90.2
2025-12-01,T4I8V,SPAMEDICA CHESTERFIELD,NHS DERBY AND DERBYSHIRE INTEGRATED CARE BOARD,Independent sector / other,128,121,128,0,94.5
2025-12-01,J2H6H,SPAMEDICA COLCHESTER,NHS SUFFOLK AND NORTH EAST ESSEX INTEGRATED CARE BOARD,Independent sector / other,138,131,138,0,94.9
2025-12-01,NPG21,SPAMEDICA COVENTRY,NHS COVENTRY AND WARWICKSHIRE INTEGRATED CARE BOARD,Independent sector / other,440,407,440,0,92.5
2025-12-01,N1N0Y,SPAMEDICA CROYDON,NHS SOUTH WEST LONDON INTEGRATED CARE BOARD,Independent sector / other,102,95,102,0,93.1
2025-12-01,V8N5R,SPAMEDICA DALSTON,NHS NORTH EAST LONDON INTEGRATED CARE BOARD,Independent sector / other,390,363,390,0,93.1
2025-12-01,NPG23,SPAMEDICA DERBY,NHS DERBY AND DERBYSHIRE INTEGRATED CARE BOARD,Independent sector / other,213,191,213,0,89.7
2025-12-01,T8V3L,SPAMEDICA DONCASTER,NHS SOUTH YORKSHIRE INTEGRATED CARE BOARD,Independent sector / other,204,192,204,1,94.1
2025-12-01,H4Y7F,SPAMEDICA DORCHESTER,NHS DORSET INTEGRATED CARE BOARD,Independent sector / other,205,203,205,0,99.0
2025-12-01,M7C9Q,SPAMEDICA EPSOM,NHS SURREY HEARTLANDS INTEGRATED CARE BOARD,Independent sector / other,215,211,215,0,98.1
2025-12-01,M5E1S,SPAMEDICA EXETER,NHS DEVON INTEGRATED CARE BOARD,Independent sector / other,279,253,279,0,90.7
2025-12-01,NPG07,SPAMEDICA EYE HOSPITAL (WAKEFIELD),NHS WEST YORKSHIRE INTEGRATED CARE BOARD,Independent sector / other,514,496,514,1,96.5
2025-12-01,Z9Z1G,SPAMEDICA GATESHEAD,NHS NORTH EAST AND NORTH CUMBRIA INTEGRATED CARE BOARD,Independent sector / other,331,324,331,1,97.9
2025-12-01,A0C5S,SPAMEDICA GLOUCESTER,NHS GLOUCESTERSHIRE INTEGRATED CARE BOARD,Independent sector / other,83,72,83,0,86.7
2025-12-01,F4B0R,SPAMEDICA GUILDFORD,NHS SURREY HEARTLANDS INTEGRATED CARE BOARD,Independent sector / other,1,1,1,0,100.0
2025-12-01,Z5J5V,SPAMEDICA HAYDOCK,NHS CHESHIRE AND MERSEYSIDE INTEGRATED CARE BOARD,Independent sector / other,275,260,275,0,94.5
2025-12-01,J0M7P,SPAMEDICA HEREFORD DIAGNOSTIC AND TREATMENT CENTRE,NHS HEREFORDSHIRE AND WORCESTERSHIRE INTEGRATED CARE BOARD,Independent sector / other,39,37,39,0,94.9
2025-12-01,NPG18,SPAMEDICA HULL,NHS HUMBER AND NORTH YORKSHIRE INTEGRATED CARE BOARD,Independent sector / other,465,457,465,0,98.3
2025-12-01,Q8X0X,SPAMEDICA ISLE OF WIGHT COMMUNITY DIAGNOSTIC & TREATMENT CENTRE,NHS HAMPSHIRE AND ISLE OF WIGHT INTEGRATED CARE BOARD,Independent sector / other,17,16,17,0,94.1
2025-12-01,R1G7E,SPAMEDICA KENDAL,NHS LANCASHIRE AND SOUTH CUMBRIA INTEGRATED CARE BOARD,Independent sector / other,358,355,358,0,99.2
2025-12-01,P0C3F,SPAMEDICA LEEDS,NHS WEST YORKSHIRE INTEGRATED CARE BOARD,Independent sector / other,255,250,255,0,98.0
2025-12-01,L9D3Z,SPAMEDICA LEICESTER,"NHS LEICESTER, LEICESTERSHIRE AND RUTLAND INTEGRATED CARE BOARD",Independent sector / other,146,142,146,0,97.3
2025-12-01,NPG06,SPAMEDICA LIVERPOOL,NHS CHESHIRE AND MERSEYSIDE INTEGRATED CARE BOARD,Independent sector / other,407,371,407,0,91.2
2025-12-01,K9J3O,SPAMEDICA LUTON,"NHS BEDFORDSHIRE, LUTON AND MILTON KEYNES INTEGRATED CARE BOARD",Independent sector / other,267,251,267,0,94.0
2025-12-01,R6X7C,SPAMEDICA MACCLESFIELD COMMUNITY DIAGNOSTIC & TREATMENT CENTRE,NHS CHESHIRE AND MERSEYSIDE INTEGRATED CARE BOARD,Independent sector / other,1,1,1,0,100.0
2025-12-01,NPG01,SPAMEDICA MANCHESTER,NHS GREATER MANCHESTER INTEGRATED CARE BOARD,Independent sector / other,294,277,294,0,94.2
2025-12-01,G3O5P,SPAMEDICA NEWARK,NHS NOTTINGHAM AND NOTTINGHAMSHIRE INTEGRATED CARE BOARD,Independent sector / other,467,428,467,0,91.6
2025-12-01,NPG15,SPAMEDICA NEWCASTLE-UNDER-LYME,NHS STAFFORDSHIRE AND STOKE-ON-TRENT INTEGRATED CARE BOARD,Independent sector / other,188,179,188,0,95.2
2025-12-01,G5X2Q,SPAMEDICA NORTH TYNESIDE,NHS NORTH EAST AND NORTH CUMBRIA INTEGRATED CARE BOARD,Independent sector / other,292,275,292,0,94.2
2025-12-01,M3R0W,SPAMEDICA NORWICH,NHS NORFOLK AND WAVENEY INTEGRATED CARE BOARD,Independent sector / other,220,211,220,0,95.9
2025-12-01,O1P6X,SPAMEDICA OLDHAM,NHS GREATER MANCHESTER INTEGRATED CARE BOARD,Independent sector / other,483,464,483,0,96.1
2025-12-01,O5Y9D,SPAMEDICA OXFORD,"NHS BUCKINGHAMSHIRE, OXFORDSHIRE AND BERKSHIRE WEST INTEGRATED CARE BOARD",Independent sector / other,270,259,270,0,95.9
2025-12-01,B9J4U,SPAMEDICA PETERBOROUGH,NHS CAMBRIDGESHIRE AND PETERBOROUGH INTEGRATED CARE BOARD,Independent sector / other,191,182,191,0,95.3
2025-12-01,L6O7H,SPAMEDICA POOLE,NHS DORSET INTEGRATED CARE BOARD,Independent sector / other,588,559,588,0,95.1
2025-12-01,A1U4J,SPAMEDICA PORTSMOUTH,NHS HAMPSHIRE AND ISLE OF WIGHT INTEGRATED CARE BOARD,Independent sector / other,131,119,131,0,90.8
2025-12-01,NPG17,SPAMEDICA PRESTON,NHS LANCASHIRE AND SOUTH CUMBRIA INTEGRATED CARE BOARD,Independent sector / other,227,216,227,0,95.2
2025-12-01,B4N1U,SPAMEDICA ROMFORD,NHS NORTH EAST LONDON INTEGRATED CARE BOARD,Independent sector / other,442,390,442,0,88.2
2025-12-01,I1H7K,SPAMEDICA SALE,NHS GREATER MANCHESTER INTEGRATED CARE BOARD,Independent sector / other,169,162,169,0,95.9
2025-12-01,NPG10,SPAMEDICA SHEFFIELD,NHS SOUTH YORKSHIRE INTEGRATED CARE BOARD,Independent sector / other,393,376,393,0,95.7
2025-12-01,V8A3H,SPAMEDICA SHEFFIELD COMMUNITY DIAGNOSTIC & TREATMENT CENTRE,NHS SOUTH YORKSHIRE INTEGRATED CARE BOARD,Independent sector / other,1,1,1,0,100.0
2025-12-01,M0N7E,SPAMEDICA SITTINGBOURNE,NHS KENT AND MEDWAY INTEGRATED CARE BOARD,Independent sector / other,180,174,180,0,96.7
2025-12-01,NPG13,SPAMEDICA SKELMERSDALE,NHS LANCASHIRE AND SOUTH CUMBRIA INTEGRATED CARE BOARD,Independent sector / other,85,79,85,0,92.9
2025-12-01,J7V1N,SPAMEDICA SOLIHULL,NHS BIRMINGHAM AND SOLIHULL INTEGRATED CARE BOARD,Independent sector / other,329,296,329,0,90.0
2025-12-01,B9M3W,SPAMEDICA SOUTHAMPTON,NHS HAMPSHIRE AND ISLE OF WIGHT INTEGRATED CARE BOARD,Independent sector / other,446,238,446,3,53.4
2025-12-01,K3V9U,SPAMEDICA STEVENAGE COMMUNITY DIAGNOSTIC & TREATMENT CENTRE,NHS HERTFORDSHIRE AND WEST ESSEX INTEGRATED CARE BOARD,Independent sector / other,3,3,3,0,100.0
2025-12-01,NPG22,SPAMEDICA STOCKTON-ON-TEES,NHS NORTH EAST AND NORTH CUMBRIA INTEGRATED CARE BOARD,Independent sector / other,394,379,394,0,96.2
2025-12-01,H1T2P,SPAMEDICA SWINDON,"NHS BATH AND NORTH EAST SOMERSET, SWINDON AND WILTSHIRE INTEGRATED CARE BOARD",Independent sector / other,76,71,76,0,93.4
2025-12-01,G6S7A,SPAMEDICA TAUNTON,NHS SOMERSET INTEGRATED CARE BOARD,Independent sector / other,527,505,527,1,95.8
2025-12-01,V5F1D,SPAMEDICA TELFORD,"NHS SHROPSHIRE, TELFORD AND WREKIN INTEGRATED CARE BOARD",Independent sector / other,393,358,393,0,91.1
2025-12-01,E3D4A,SPAMEDICA TRURO,NHS CORNWALL AND THE ISLES OF SCILLY INTEGRATED CARE BOARD,Independent sector / other,274,271,274,0,98.9
2025-12-01,Q1W6P,SPAMEDICA WATFORD,NHS HERTFORDSHIRE AND WEST ESSEX INTEGRATED CARE BOARD,Independent sector / other,288,271,288,0,94.1
2025-12-01,A1D1B,SPAMEDICA WEMBLEY,NHS NORTH WEST LONDON INTEGRATED CARE BOARD,Independent sector / other,278,268,278,0,96.4
2025-12-01,NPG14,SPAMEDICA WIDNES,NHS CHESHIRE AND MERSEYSIDE INTEGRATED CARE BOARD,Independent sector / other,251,239,251,0,95.2
2025-12-01,NPG02,SPAMEDICA WIRRAL,NHS CHESHIRE AND MERSEYSIDE INTEGRATED CARE BOARD,Independent sector / other,296,288,296,0,97.3
2025-12-01,T8R5I,SPAMEDICA WOKINGHAM,"NHS BUCKINGHAMSHIRE, OXFORDSHIRE AND BERKSHIRE WEST INTEGRATED CARE BOARD",Independent sector / other,219,200,219,0,91.3
2025-12-01,NPG20,SPAMEDICA WOLVERHAMPTON,NHS BLACK COUNTRY INTEGRATED CARE BOARD,Independent sector / other,602,574,602,0,95.3
2025-12-01,J3X4C,SPAMEDICA WORCESTER,NHS HEREFORDSHIRE AND WORCESTERSHIRE INTEGRATED CARE BOARD,Independent sector / other,380,346,380,0,91.1
2025-12-01,NN8,SPENCER PRIVATE HOSPITALS LTD,NHS KENT AND MEDWAY INTEGRATED CARE BOARD,Independent sector / other,3467,2057,3467,45,59.3
2025-12-01,NT312,SPIRE ALEXANDRA HOSPITAL,NHS KENT AND MEDWAY INTEGRATED CARE BOARD,Independent sector / other,1404,1088,1404,1,77.5
2025-12-01,NT302,SPIRE BRISTOL HOSPITAL,"NHS BRISTOL, NORTH SOMERSET AND SOUTH GLOUCESTERSHIRE INTEGRATED CARE BOARD",Independent sector / other,798,483,798,8,60.5
2025-12-01,NT315,SPIRE BUSHEY HOSPITAL,NHS HERTFORDSHIRE AND WEST ESSEX INTEGRATED CARE BOARD,Independent sector / other,1131,1108,1131,0,98.0
2025-12-01,NT317,SPIRE CAMBRIDGE LEA HOSPITAL,NHS CAMBRIDGESHIRE AND PETERBOROUGH INTEGRATED CARE BOARD,Independent sector / other,275,199,275,1,72.4
2025-12-01,NT324,SPIRE CHESHIRE HOSPITAL,NHS CHESHIRE AND MERSEYSIDE INTEGRATED CARE BOARD,Independent sector / other,1492,1292,1492,4,86.6
2025-12-01,NT345,SPIRE CLARE PARK HOSPITAL,NHS FRIMLEY INTEGRATED CARE BOARD,Independent sector / other,396,238,396,2,60.1
2025-12-01,NT344,SPIRE DUNEDIN HOSPITAL,"NHS BUCKINGHAMSHIRE, OXFORDSHIRE AND BERKSHIRE WEST INTEGRATED CARE BOARD",Independent sector / other,293,259,293,4,88.4
2025-12-01,NT348,SPIRE ELLAND HOSPITAL,NHS WEST YORKSHIRE INTEGRATED CARE BOARD,Independent sector / other,1584,1292,1584,2,81.6
2025-12-01,NT347,SPIRE FYLDE COAST HOSPITAL,NHS LANCASHIRE AND SOUTH CUMBRIA INTEGRATED CARE BOARD,Independent sector / other,4262,3451,4262,14,81.0
2025-12-01,NT308,SPIRE GATWICK PARK HOSPITAL,NHS SURREY HEARTLANDS INTEGRATED CARE BOARD,Independent sector / other,1209,891,1209,9,73.7
2025-12-01,NT316,SPIRE HARPENDEN HOSPITAL,NHS HERTFORDSHIRE AND WEST ESSEX INTEGRATED CARE BOARD,Independent sector / other,462,413,462,0,89.4
2025-12-01,NT319,SPIRE HARTSWOOD HOSPITAL,NHS MID AND SOUTH ESSEX INTEGRATED CARE BOARD,Independent sector / other,1094,783,1094,2,71.6
2025-12-01,NT351,SPIRE HULL AND EAST RIDING HOSPITAL,NHS HUMBER AND NORTH YORKSHIRE INTEGRATED CARE BOARD,Independent sector / other,2554,1910,2554,0,74.8
2025-12-01,NT332,SPIRE LEEDS HOSPITAL,NHS WEST YORKSHIRE INTEGRATED CARE BOARD,Independent sector / other,1091,919,1091,3,84.2
2025-12-01,NT322,SPIRE LEICESTER HOSPITAL,"NHS LEICESTER, LEICESTERSHIRE AND RUTLAND INTEGRATED CARE BOARD",Independent sector / other,1177,1005,1177,18,85.4
2025-12-01,NT321,SPIRE LITTLE ASTON HOSPITAL,NHS STAFFORDSHIRE AND STOKE-ON-TRENT INTEGRATED CARE BOARD,Independent sector / other,1215,1055,1215,4,86.8
2025-12-01,NT337,SPIRE LIVERPOOL HOSPITAL,NHS CHESHIRE AND MERSEYSIDE INTEGRATED CARE BOARD,Independent sector / other,3455,2979,3455,0,86.2
2025-12-01,NT314,SPIRE LONDON EAST,NHS NORTH EAST LONDON INTEGRATED CARE BOARD,Independent sector / other,3019,1954,3019,18,64.7
2025-12-01,NT327,SPIRE MANCHESTER HOSPITAL,NHS GREATER MANCHESTER INTEGRATED CARE BOARD,Independent sector / other,1174,650,1174,3,55.4
2025-12-01,NT350,SPIRE METHLEY PARK HOSPITAL,NHS WEST YORKSHIRE INTEGRATED CARE BOARD,Independent sector / other,953,821,953,1,86.1
2025-12-01,NT364,SPIRE MONTEFIORE HOSPITAL,NHS SUSSEX INTEGRATED CARE BOARD,Independent sector / other,808,393,808,34,48.6
2025-12-01,NT325,SPIRE MURRAYFIELD HOSPITAL,NHS CHESHIRE AND MERSEYSIDE INTEGRATED CARE BOARD,Independent sector / other,771,712,771,0,92.3
2025-12-01,NT318,SPIRE NORWICH HOSPITAL,NHS NORFOLK AND WAVENEY INTEGRATED CARE BOARD,Independent sector / other,441,441,441,0,100.0
2025-12-01,NT30A,SPIRE NOTTINGHAM HOSPITAL,NHS NOTTINGHAM AND NOTTINGHAMSHIRE INTEGRATED CARE BOARD,Independent sector / other,780,700,780,0,89.7
2025-12-01,NT320,SPIRE PARKWAY HOSPITAL,NHS BIRMINGHAM AND SOLIHULL INTEGRATED CARE BOARD,Independent sector / other,1383,902,1383,1,65.2
2025-12-01,NT305,SPIRE PORTSMOUTH HOSPITAL,NHS HAMPSHIRE AND ISLE OF WIGHT INTEGRATED CARE BOARD,Independent sector / other,447,304,447,0,68.0
2025-12-01,NT339,SPIRE REGENCY HOSPITAL,NHS CHESHIRE AND MERSEYSIDE INTEGRATED CARE BOARD,Independent sector / other,1830,1815,1830,0,99.2
2025-12-01,NT301,SPIRE SOUTH BANK HOSPITAL,NHS HEREFORDSHIRE AND WORCESTERSHIRE INTEGRATED CARE BOARD,Independent sector / other,961,760,961,4,79.1
2025-12-01,NT304,SPIRE SOUTHAMPTON HOSPITAL,NHS HAMPSHIRE AND ISLE OF WIGHT INTEGRATED CARE BOARD,Independent sector / other,379,245,379,3,64.6
2025-12-01,NT3X3,SPIRE ST ANTHONY'S HOSPITAL,NHS SOUTH WEST LONDON INTEGRATED CARE BOARD,Independent sector / other,730,615,730,6,84.2
2025-12-01,NT343,SPIRE THAMES VALLEY HOSPITAL,"NHS BUCKINGHAMSHIRE, OXFORDSHIRE AND BERKSHIRE WEST INTEGRATED CARE BOARD",Independent sector / other,415,259,415,6,62.4
2025-12-01,NT333,SPIRE WASHINGTON HOSPITAL,NHS NORTH EAST AND NORTH CUMBRIA INTEGRATED CARE BOARD,Independent sector / other,1506,1197,1506,24,79.5
2025-12-01,NT313,SPIRE WELLESLEY HOSPITAL,NHS MID AND SOUTH ESSEX INTEGRATED CARE BOARD,Independent sector / other,1011,487,1011,15,48.2
2025-12-01,NVC18,SPRINGFIELD HOSPITAL,NHS MID AND SOUTH ESSEX INTEGRATED CARE BOARD,Independent sector / other,5196,3882,5196,146,74.7
2025-12-01,NT446,ST EDMUNDS HOSPITAL,NHS SUFFOLK AND NORTH EAST ESSEX INTEGRATED CARE BOARD,Independent sector / other,599,414,599,2,69.1
2025-12-01,RJ7,ST GEORGE'S UNIVERSITY HOSPITALS NHS FOUNDATION TRUST,NHS SOUTH WEST LONDON INTEGRATED CARE BOARD,NHS trust,68668,41336,68668,1038,60.2
2025-12-01,NTE02,ST HUGH'S HOSPITAL,NHS HUMBER AND NORTH YORKSHIRE INTEGRATED CARE BOARD,Independent sector / other,2026,1637,2026,5,80.8
2025-12-01,NQT5K,ST MARTINS HOSPITAL,"NHS BATH AND NORTH EAST SOMERSET, SWINDON AND WILTSHIRE INTEGRATED CARE BOARD",Independent sector / other,135,113,135,0,83.7
2025-12-01,AHP,ST MICHAEL'S CLINIC LIMITED,"NHS SHROPSHIRE, TELFORD AND WREKIN INTEGRATED CARE BOARD",Independent sector / other,1791,1134,1791,9,63.3
2025-12-01,NHW,STANDARD HEALTH LTD,NHS NORTH WEST LONDON INTEGRATED CARE BOARD,Independent sector / other,82,46,82,0,56.1
2025-12-01,RWJ,STOCKPORT NHS FOUNDATION TRUST,NHS GREATER MANCHESTER INTEGRATED CARE BOARD,NHS trust,34567,20173,34567,599,58.4
2025-12-01,NVC1H,STOURSIDE HOSPITAL,NHS BLACK COUNTRY INTEGRATED CARE BOARD,Independent sector / other,3445,2312,3445,16,67.1
2025-12-01,NDL01,SUFFOLK GP FEDERATION,NHS SUFFOLK AND NORTH EAST ESSEX INTEGRATED CARE BOARD,Independent sector / other,93,92,93,0,98.9
2025-12-01,G3Z1Q,SULIS HOSPITAL BATH (FOXCOTE AVENUE),"NHS BATH AND NORTH EAST SOMERSET, SWINDON AND WILTSHIRE INTEGRATED CARE BOARD",Independent sector / other,3445,2626,3445,6,76.2
2025-12-01,RTP,SURREY AND SUSSEX HEALTHCARE NHS TRUST,NHS SURREY HEARTLANDS INTEGRATED CARE BOARD,NHS trust,46873,29071,46873,690,62.0
2025-12-01,NYG,SUSSEX COMMUNITY DERMATOLOGY SERVICE,NHS SUSSEX INTEGRATED CARE BOARD,Independent sector / other,16123,12230,16123,3,75.9
2025-12-01,RDR,SUSSEX COMMUNITY NHS FOUNDATION TRUST,NHS SUSSEX INTEGRATED CARE BOARD,NHS trust,13993,9551,13993,63,68.3
2025-12-01,RMP,TAMESIDE AND GLOSSOP INTEGRATED CARE NHS FOUNDATION TRUST,NHS GREATER MANCHESTER INTEGRATED CARE BOARD,NHS trust,16813,12240,16813,0,72.8
2025-12-01,NVC0R,TEES VALLEY HOSPITAL,NHS NORTH EAST AND NORTH CUMBRIA INTEGRATED CARE BOARD,Independent sector / other,4726,3594,4726,22,76.0
2025-12-01,AAH,TETBURY HOSPITAL TRUST LTD,NHS GLOUCESTERSHIRE INTEGRATED CARE BOARD,Independent sector / other,289,231,289,0,79.9
2025-12-01,NVC02,THE BERKSHIRE INDEPENDENT HOSPITAL,"NHS BUCKINGHAMSHIRE, OXFORDSHIRE AND BERKSHIRE WEST INTEGRATED CARE BOARD",Independent sector / other,1133,772,1133,0,68.1
2025-12-01,NVC25,THE CHERWELL HOSPITAL,"NHS BUCKINGHAMSHIRE, OXFORDSHIRE AND BERKSHIRE WEST INTEGRATED CARE BOARD",Independent sector / other,2190,1374,2190,7,62.7
2025-12-01,RBV,THE CHRISTIE NHS FOUNDATION TRUST,NHS GREATER MANCHESTER INTEGRATED CARE BOARD,NHS trust,3340,3244,3340,0,97.1
2025-12-01,REN,THE CLATTERBRIDGE CANCER CENTRE NHS FOUNDATION TRUST,NHS CHESHIRE AND MERSEYSIDE INTEGRATED CARE BOARD,NHS trust,863,819,863,0,94.9
2025-12-01,RNA,THE DUDLEY GROUP NHS FOUNDATION TRUST,NHS BLACK COUNTRY INTEGRATED CARE BOARD,NHS trust,46895,29261,46895,22,62.4
2025-12-01,AJ8,THE GRANGE MEDICAL CENTRE HQ,NHS WEST YORKSHIRE INTEGRATED CARE BOARD,Independent sector / other,336,336,336,0,100.0
2025-12-01,S3H9L,THE HAMPTONS HOSPITAL LTD,NHS CAMBRIDGESHIRE AND PETERBOROUGH INTEGRATED CARE BOARD,Independent sector / other,1733,910,1733,27,52.5
2025-12-01,RAS,THE HILLINGDON HOSPITALS NHS FOUNDATION TRUST,NHS NORTH WEST LONDON INTEGRATED CARE BOARD,NHS trust,34348,20320,34348,413,59.2
2025-12-01,NXM01,THE HORDER CENTRE - ST JOHNS ROAD,NHS SUSSEX INTEGRATED CARE BOARD,Independent sector / other,1342,845,1342,5,63.0
2025-12-01,DX1,THE NEW FOSCOTE HOSPITAL LTD,NHS NORTH CENTRAL LONDON INTEGRATED CARE BOARD,Independent sector / other,319,306,319,0,95.9
2025-12-01,RTD,THE NEWCASTLE UPON TYNE HOSPITALS NHS FOUNDATION TRUST,NHS NORTH EAST AND NORTH CUMBRIA INTEGRATED CARE BOARD,NHS trust,85552,61102,85552,893,71.4
2025-12-01,NTX,THE ONE HEALTH GROUP PLC,NHS SOUTH YORKSHIRE INTEGRATED CARE BOARD,Independent sector / other,5373,4103,5373,31,76.4
2025-12-01,RQW,THE PRINCESS ALEXANDRA HOSPITAL NHS TRUST,NHS HERTFORDSHIRE AND WEST ESSEX INTEGRATED CARE BOARD,NHS trust,40006,22537,40006,1650,56.3
2025-12-01,RCX,"THE QUEEN ELIZABETH HOSPITAL, KING'S LYNN, NHS FOUNDATION TRUST",NHS NORFOLK AND WAVENEY INTEGRATED CARE BOARD,NHS trust,26281,14214,26281,362,54.1
2025-12-01,RL1,THE ROBERT JONES AND AGNES HUNT ORTHOPAEDIC HOSPITAL NHS FOUNDATION TRUST,"NHS SHROPSHIRE, TELFORD AND WREKIN INTEGRATED CARE BOARD",NHS trust,26641,12900,26641,3402,48.4
2025-12-01,RFR,THE ROTHERHAM NHS FOUNDATION TRUST,NHS SOUTH YORKSHIRE INTEGRATED CARE BOARD,NHS trust,30285,19748,30285,476,65.2
2025-12-01,DJH01,THE ROYAL BUCKINGHAMSHIRE HOSPITAL LTD,"NHS BUCKINGHAMSHIRE, OXFORDSHIRE AND BERKSHIRE WEST INTEGRATED CARE BOARD",Independent sector / other,29,29,29,0,100.0
2025-12-01,RPY,THE ROYAL MARSDEN NHS FOUNDATION TRUST,NHS NORTH WEST LONDON INTEGRATED CARE BOARD,NHS trust,1869,1765,1869,3,94.4
2025-12-01,RRJ,THE ROYAL ORTHOPAEDIC HOSPITAL NHS FOUNDATION TRUST,NHS BIRMINGHAM AND SOLIHULL INTEGRATED CARE BOARD,NHS trust,13248,8227,13248,198,62.1
2025-12-01,RL4,THE ROYAL WOLVERHAMPTON NHS TRUST,NHS BLACK COUNTRY INTEGRATED CARE BOARD,NHS trust,75763,40956,75763,2341,54.1
2025-12-01,RXW,THE SHREWSBURY AND TELFORD HOSPITAL NHS TRUST,"NHS SHROPSHIRE, TELFORD AND WREKIN INTEGRATED CARE BOARD",NHS trust,32790,21026,32790,20,64.1
2025-12-01,DPK,THE STONEYGATE EYE HOSPITAL,"NHS LEICESTER, LEICESTERSHIRE AND RUTLAND INTEGRATED CARE BOARD",Independent sector / other,526,502,526,0,95.4
2025-12-01,RET,THE WALTON CENTRE NHS FOUNDATION TRUST,NHS CHESHIRE AND MERSEYSIDE INTEGRATED CARE BOARD,NHS trust,17331,10799,17331,252,62.3
2025-12-01,NVC44,THE WESTBOURNE CENTRE,NHS BIRMINGHAM AND SOLIHULL INTEGRATED CARE BOARD,Independent sector / other,3444,1936,3444,13,56.2
2025-12-01,NVC20,THE YORKSHIRE CLINIC,NHS WEST YORKSHIRE INTEGRATED CARE BOARD,Independent sector / other,6988,5048,6988,60,72.2
2025-12-01,NT440,THORNBURY HOSPITAL,NHS SOUTH YORKSHIRE INTEGRATED CARE BOARD,Independent sector / other,583,417,583,1,71.5
2025-12-01,NT441,THREE SHIRES HOSPITAL,NHS NORTHAMPTONSHIRE INTEGRATED CARE BOARD,Independent sector / other,3612,2057,3612,95,56.9
2025-12-01,RA9,TORBAY AND SOUTH DEVON NHS FOUNDATION TRUST,NHS DEVON INTEGRATED CARE BOARD,NHS trust,32824,22148,32824,654,67.5
2025-12-01,NN4,TYNESIDE SURGICAL SERVICES LTD,NHS NORTH EAST AND NORTH CUMBRIA INTEGRATED CARE BOARD,Independent sector / other,1433,1123,1433,1,78.4
2025-12-01,RWD,UNITED LINCOLNSHIRE TEACHING HOSPITALS NHS TRUST,NHS LINCOLNSHIRE INTEGRATED CARE BOARD,NHS trust,66866,36193,66866,678,54.1
2025-12-01,RRV,UNIVERSITY COLLEGE LONDON HOSPITALS NHS FOUNDATION TRUST,NHS NORTH CENTRAL LONDON INTEGRATED CARE BOARD,NHS trust,74726,44267,74726,1132,59.2
2025-12-01,RHM,UNIVERSITY HOSPITAL SOUTHAMPTON NHS FOUNDATION TRUST,NHS HAMPSHIRE AND ISLE OF WIGHT INTEGRATED CARE BOARD,NHS trust,63514,38612,63514,1551,60.8
2025-12-01,RRK,UNIVERSITY HOSPITALS BIRMINGHAM NHS FOUNDATION TRUST,NHS BIRMINGHAM AND SOLIHULL INTEGRATED CARE BOARD,NHS trust,95159,58527,95159,944,61.5
2025-12-01,RA7,UNIVERSITY HOSPITALS BRISTOL AND WESTON NHS FOUNDATION TRUST,"NHS BRISTOL, NORTH SOMERSET AND SOUTH GLOUCESTERSHIRE INTEGRATED CARE BOARD",NHS trust,50729,33913,50729,638,66.9
2025-12-01,RKB,UNIVERSITY HOSPITALS COVENTRY AND WARWICKSHIRE NHS TRUST,NHS COVENTRY AND WARWICKSHIRE INTEGRATED CARE BOARD,NHS trust,69828,38899,69828,1816,55.7
2025-12-01,R0D,UNIVERSITY HOSPITALS DORSET NHS FOUNDATION TRUST,NHS DORSET INTEGRATED CARE BOARD,NHS trust,63335,39189,63335,1674,61.9
2025-12-01,RTG,UNIVERSITY HOSPITALS OF DERBY AND BURTON NHS FOUNDATION TRUST,NHS DERBY AND DERBYSHIRE INTEGRATED CARE BOARD,NHS trust,96824,56288,96824,1621,58.1
2025-12-01,RWE,UNIVERSITY HOSPITALS OF LEICESTER NHS TRUST,"NHS LEICESTER, LEICESTERSHIRE AND RUTLAND INTEGRATED CARE BOARD",NHS trust,107775,56059,107775,2812,52.0
2025-12-01,RTX,UNIVERSITY HOSPITALS OF MORECAMBE BAY NHS FOUNDATION TRUST,NHS LANCASHIRE AND SOUTH CUMBRIA INTEGRATED CARE BOARD,NHS trust,35368,24152,35368,473,68.3
2025-12-01,RJE,UNIVERSITY HOSPITALS OF NORTH MIDLANDS NHS TRUST,NHS STAFFORDSHIRE AND STOKE-ON-TRENT INTEGRATED CARE BOARD,NHS trust,64716,40507,64716,1192,62.6
2025-12-01,RK9,UNIVERSITY HOSPITALS PLYMOUTH NHS TRUST,NHS DEVON INTEGRATED CARE BOARD,NHS trust,48113,29004,48113,1288,60.3
2025-12-01,RYR,UNIVERSITY HOSPITALS SUSSEX NHS FOUNDATION TRUST,NHS SUSSEX INTEGRATED CARE BOARD,NHS trust,116319,59488,116319,4730,51.1
2025-12-01,NRF,UNIVERSITY OF SOUTHAMPTON AUDITORY IMPLANT SERVICE,NHS HAMPSHIRE AND ISLE OF WIGHT INTEGRATED CARE BOARD,Independent sector / other,193,126,193,9,65.3
2025-12-01,AQK,VERNOVA HEALTHCARE COMMUNITY INTEREST COMPANY,NHS CHESHIRE AND MERSEYSIDE INTEGRATED CARE BOARD,Independent sector / other,271,228,271,0,84.1
2025-12-01,RBK,WALSALL HEALTHCARE NHS TRUST,NHS BLACK COUNTRY INTEGRATED CARE BOARD,NHS trust,30299,21105,30299,17,69.7
2025-12-01,RWW,WARRINGTON AND HALTON TEACHING HOSPITALS NHS FOUNDATION TRUST,NHS CHESHIRE AND MERSEYSIDE INTEGRATED CARE BOARD,NHS trust,33189,20277,33189,929,61.1
2025-12-01,RWG,WEST HERTFORDSHIRE TEACHING HOSPITALS NHS TRUST,NHS HERTFORDSHIRE AND WEST ESSEX INTEGRATED CARE BOARD,NHS trust,45780,29100,45780,1000,63.6
2025-12-01,NVC21,WEST MIDLANDS HOSPITAL,NHS BLACK COUNTRY INTEGRATED CARE BOARD,Independent sector / other,512,260,512,6,50.8
2025-12-01,RGR,WEST SUFFOLK NHS FOUNDATION TRUST,NHS SUFFOLK AND NORTH EAST ESSEX INTEGRATED CARE BOARD,NHS trust,32542,20464,32542,761,62.9
2025-12-01,RKE,WHITTINGTON HEALTH NHS TRUST,NHS NORTH CENTRAL LONDON INTEGRATED CARE BOARD,NHS trust,28783,17016,28783,658,59.1
2025-12-01,NVC22,WINFIELD HOSPITAL,NHS GLOUCESTERSHIRE INTEGRATED CARE BOARD,Independent sector / other,1245,838,1245,4,67.3
2025-12-01,NT443,WINTERBOURNE HOSPITAL,NHS DORSET INTEGRATED CARE BOARD,Independent sector / other,358,313,358,0,87.4
2025-12-01,RBL,WIRRAL UNIVERSITY TEACHING HOSPITAL NHS FOUNDATION TRUST,NHS CHESHIRE AND MERSEYSIDE INTEGRATED CARE BOARD,NHS trust,47320,28059,47320,1062,59.3
2025-12-01,NVC23,WOODLAND HOSPITAL,NHS NORTHAMPTONSHIRE INTEGRATED CARE BOARD,Independent sector / other,5097,3414,5097,29,67.0
2025-12-01,NT457,WOODLANDS HOSPITAL,NHS NORTH EAST AND NORTH CUMBRIA INTEGRATED CARE BOARD,Independent sector / other,2376,1867,2376,0,78.6
2025-12-01,NVC40,WOODTHORPE HOSPITAL,NHS NOTTINGHAM AND NOTTINGHAMSHIRE INTEGRATED CARE BOARD,Independent sector / other,3961,2965,3961,30,74.9
2025-12-01,RWP,WORCESTERSHIRE ACUTE HOSPITALS NHS TRUST,NHS HEREFORDSHIRE AND WORCESTERSHIRE INTEGRATED CARE BOARD,NHS trust,57484,33255,57484,712,57.9
2025-12-01,RRF,"WRIGHTINGTON, WIGAN AND LEIGH TEACHING HOSPITALS NHS FOUNDATION TRUST",NHS GREATER MANCHESTER INTEGRATED CARE BOARD,NHS trust,46483,26708,46483,1282,57.5
2025-12-01,RLQ,WYE VALLEY NHS TRUST,NHS HEREFORDSHIRE AND WORCESTERSHIRE INTEGRATED CARE BOARD,NHS trust,26168,16223,26168,832,62.0
2025-12-01,RCB,YORK AND SCARBOROUGH TEACHING HOSPITALS NHS FOUNDATION TRUST,NHS HUMBER AND NORTH YORKSHIRE INTEGRATED CARE BOARD,NHS trust,57971,31854,57971,1321,54.9
2026-01-01,NPR01,ABOUT HEALTH HQ,NHS SOMERSET INTEGRATED CARE BOARD,Independent sector / other,1522,1398,1522,0,91.9
2026-01-01,S0L9O,ACES BIRMINGHAM,NHS BIRMINGHAM AND SOLIHULL INTEGRATED CARE BOARD,Independent sector / other,16,13,16,0,81.3
2026-01-01,D1V5N,ACES BOLTON,NHS GREATER MANCHESTER INTEGRATED CARE BOARD,Independent sector / other,1,0,1,0,0.0
2026-01-01,E6F9I,ACES BRADFORD,NHS WEST YORKSHIRE INTEGRATED CARE BOARD,Independent sector / other,1,1,1,0,100.0
2026-01-01,T1T4S,ACES BRISTOL,"NHS BRISTOL, NORTH SOMERSET AND SOUTH GLOUCESTERSHIRE INTEGRATED CARE BOARD",Independent sector / other,61,51,61,0,83.6
2026-01-01,H3W7Q,ACES CHELMSFORD,NHS MID AND SOUTH ESSEX INTEGRATED CARE BOARD,Independent sector / other,74,66,74,0,89.2
2026-01-01,U6A5N,ACES CHISWICK,NHS NORTH WEST LONDON INTEGRATED CARE BOARD,Independent sector / other,9,6,9,0,66.7
2026-01-01,Z4F8Y,ACES DARTFORD,NHS KENT AND MEDWAY INTEGRATED CARE BOARD,Independent sector / other,293,260,293,1,88.7
2026-01-01,N1M9Z,ACES EXETER,NHS DEVON INTEGRATED CARE BOARD,Independent sector / other,49,43,49,0,87.8
2026-01-01,F2C9F,ACES HARLEY STREET,NHS NORTH WEST LONDON INTEGRATED CARE BOARD,Independent sector / other,3,0,3,0,0.0
2026-01-01,X7M7U,ACES LAKESIDE,NHS MID AND SOUTH ESSEX INTEGRATED CARE BOARD,Independent sector / other,7,4,7,0,57.1
2026-01-01,X0R3Y,ACES LEEDS KING STREET,NHS WEST YORKSHIRE INTEGRATED CARE BOARD,Independent sector / other,22,17,22,0,77.3
2026-01-01,P1G3N,ACES LEEDS WHITE ROSE,NHS WEST YORKSHIRE INTEGRATED CARE BOARD,Independent sector / other,4,2,4,0,50.0
2026-01-01,T1I9W,ACES LINCOLN,NHS LINCOLNSHIRE INTEGRATED CARE BOARD,Independent sector / other,3,3,3,0,100.0
2026-01-01,D2L5T,ACES LIVERPOOL,NHS CHESHIRE AND MERSEYSIDE INTEGRATED CARE BOARD,Independent sector / other,62,53,62,0,85.5
2026-01-01,X1M4L,ACES MAIDSTONE,NHS KENT AND MEDWAY INTEGRATED CARE BOARD,Independent sector / other,3,2,3,0,66.7
2026-01-01,W7J4C,ACES MANCHESTER,NHS GREATER MANCHESTER INTEGRATED CARE BOARD,Independent sector / other,109,90,109,0,82.6
2026-01-01,N1L8R,ACES MANCHESTER ST JOHNS STREET,NHS GREATER MANCHESTER INTEGRATED CARE BOARD,Independent sector / other,8,7,8,0,87.5
2026-01-01,S8O6A,ACES MANCHESTER TRAFFORD,NHS GREATER MANCHESTER INTEGRATED CARE BOARD,Independent sector / other,4,3,4,0,75.0
2026-01-01,U1P4Z,ACES MILTON KEYNES,"NHS BEDFORDSHIRE, LUTON AND MILTON KEYNES INTEGRATED CARE BOARD",Independent sector / other,130,112,130,0,86.2
2026-01-01,I7G8X,ACES NEWCASTLE,NHS NORTH EAST AND NORTH CUMBRIA INTEGRATED CARE BOARD,Independent sector / other,24,21,24,0,87.5
2026-01-01,A4Y8X,ACES NOTTINGHAM,NHS NOTTINGHAM AND NOTTINGHAMSHIRE INTEGRATED CARE BOARD,Independent sector / other,33,31,33,0,93.9
2026-01-01,O1B1P,ACES PLYMOUTH,NHS DEVON INTEGRATED CARE BOARD,Independent sector / other,1,1,1,0,100.0
2026-01-01,Q4W9A,ACES SOUTHAMPTON,NHS HAMPSHIRE AND ISLE OF WIGHT INTEGRATED CARE BOARD,Independent sector / other,21,16,21,0,76.2
2026-01-01,Y7W8F,ACES SOUTHAMPTON - EAST ST,NHS HAMPSHIRE AND ISLE OF WIGHT INTEGRATED CARE BOARD,Independent sector / other,7,5,7,0,71.4
2026-01-01,N8Z8E,ACES TORQUAY,NHS DEVON INTEGRATED CARE BOARD,Independent sector / other,5,3,5,0,60.0
2026-01-01,A9P5F,ACES WHITE CITY,NHS NORTH WEST LONDON INTEGRATED CARE BOARD,Independent sector / other,109,94,109,0,86.2
2026-01-01,X7Y2H,ACES WILMSLOW,NHS CHESHIRE AND MERSEYSIDE INTEGRATED CARE BOARD,Independent sector / other,12,5,12,0,41.7
2026-01-01,RCF,AIREDALE NHS FOUNDATION TRUST,NHS WEST YORKSHIRE INTEGRATED CARE BOARD,NHS trust,14438,10256,14438,66,71.0
2026-01-01,RBS,ALDER HEY CHILDREN'S NHS FOUNDATION TRUST,NHS CHESHIRE AND MERSEYSIDE INTEGRATED CARE BOARD,NHS trust,17272,10730,17272,246,62.1
2026-01-01,NT401,ALEXANDRA HOSPITAL,NHS GREATER MANCHESTER INTEGRATED CARE BOARD,Independent sector / other,1004,647,1004,2,64.4
2026-01-01,F7B2B,ANGLIA COMMUNITY EYE SERVICE - BURY ST EDMUNDS,NHS SUFFOLK AND NORTH EAST ESSEX INTEGRATED CARE BOARD,Independent sector / other,12,8,12,0,66.7
2026-01-01,H7X1I,ANGLIA COMMUNITY EYE SERVICE - CAMBRIDGE,NHS CAMBRIDGESHIRE AND PETERBOROUGH INTEGRATED CARE BOARD,Independent sector / other,229,200,229,0,87.3
2026-01-01,K7J9E,ANGLIA COMMUNITY EYE SERVICE - NORWICH,NHS NORFOLK AND WAVENEY INTEGRATED CARE BOARD,Independent sector / other,14,12,14,0,85.7
2026-01-01,O9Q4E,ANGLIA COMMUNITY EYE SERVICE - PETERBOROUGH,NHS CAMBRIDGESHIRE AND PETERBOROUGH INTEGRATED CARE BOARD,Independent sector / other,416,338,416,2,81.3
2026-01-01,NX507,ANGLIA COMMUNITY EYE SERVICE - THETFORD HEALTHY LIVING CENTRE,NHS NORFOLK AND WAVENEY INTEGRATED CARE BOARD,Independent sector / other,144,132,144,0,91.7
2026-01-01,NX501,ANGLIA COMMUNITY EYE SERVICE LTD,NHS CAMBRIDGESHIRE AND PETERBOROUGH INTEGRATED CARE BOARD,Independent sector / other,479,441,479,0,92.1
2026-01-01,NX504,ANGLIA COMMUNITY EYE SERVICES FAKENHAM,NHS NORFOLK AND WAVENEY INTEGRATED CARE BOARD,Independent sector / other,169,157,169,0,92.9
2026-01-01,RTK,ASHFORD AND ST PETER'S HOSPITALS NHS FOUNDATION TRUST,NHS SURREY HEARTLANDS INTEGRATED CARE BOARD,NHS trust,50621,29749,50621,710,58.8
2026-01-01,NVC01,ASHTEAD HOSPITAL,NHS SURREY HEARTLANDS INTEGRATED CARE BOARD,Independent sector / other,938,726,938,1,77.4
2026-01-01,RF4,"BARKING, HAVERING AND REDBRIDGE UNIVERSITY HOSPITALS NHS TRUST",NHS NORTH EAST LONDON INTEGRATED CARE BOARD,NHS trust,69334,45010,69334,757,64.9
2026-01-01,RFF,BARNSLEY HOSPITAL NHS FOUNDATION TRUST,NHS SOUTH YORKSHIRE INTEGRATED CARE BOARD,NHS trust,22144,14889,22144,139,67.2
2026-01-01,R1H,BARTS HEALTH NHS TRUST,NHS NORTH EAST LONDON INTEGRATED CARE BOARD,NHS trust,132112,74970,132112,2718,56.7
2026-01-01,NT402,BATH CLINIC,"NHS BATH AND NORTH EAST SOMERSET, SWINDON AND WILTSHIRE INTEGRATED CARE BOARD",Independent sector / other,761,524,761,0,68.9
2026-01-01,NRP,BEACON MEDICAL SERVICES GROUP LIMITED,NHS GREATER MANCHESTER INTEGRATED CARE BOARD,Independent sector / other,2999,2942,2999,0,98.1
2026-01-01,NVC0I,BEACON PARK HOSPITAL,NHS STAFFORDSHIRE AND STOKE-ON-TRENT INTEGRATED CARE BOARD,Independent sector / other,1132,823,1132,0,72.7
2026-01-01,NT403,BEARDWOOD HOSPITAL,NHS LANCASHIRE AND SOUTH CUMBRIA INTEGRATED CARE BOARD,Independent sector / other,2415,1893,2415,0,78.4
2026-01-01,NT404,BEAUMONT HOSPITAL,NHS GREATER MANCHESTER INTEGRATED CARE BOARD,Independent sector / other,2944,2123,2944,9,72.1
2026-01-01,RC9,BEDFORDSHIRE HOSPITALS NHS FOUNDATION TRUST,"NHS BEDFORDSHIRE, LUTON AND MILTON KEYNES INTEGRATED CARE BOARD",NHS trust,86465,52459,86465,1126,60.7
2026-01-01,NWF01,BENENDEN HOSPITAL,NHS KENT AND MEDWAY INTEGRATED CARE BOARD,Independent sector / other,1507,1137,1507,4,75.4
2026-01-01,RWX,BERKSHIRE HEALTHCARE NHS FOUNDATION TRUST,NHS FRIMLEY INTEGRATED CARE BOARD,NHS trust,102,102,102,0,100.0
2026-01-01,NP9,BESPOKE HEALTHCARE LTD,NHS LANCASHIRE AND SOUTH CUMBRIA INTEGRATED CARE BOARD,Independent sector / other,315,244,315,2,77.5
2026-01-01,RYW,BIRMINGHAM COMMUNITY HEALTHCARE NHS FOUNDATION TRUST,NHS BIRMINGHAM AND SOLIHULL INTEGRATED CARE BOARD,NHS trust,15359,10877,15359,13,70.8
2026-01-01,RQ3,BIRMINGHAM WOMEN'S AND CHILDREN'S NHS FOUNDATION TRUST,NHS BIRMINGHAM AND SOLIHULL INTEGRATED CARE BOARD,NHS trust,21483,12582,21483,187,58.6
2026-01-01,NT405,BISHOPS WOOD HOSPITAL,NHS NORTH WEST LONDON INTEGRATED CARE BOARD,Independent sector / other,621,499,621,0,80.4
2026-01-01,NT406,BLACKHEATH HOSPITAL,NHS SOUTH EAST LONDON INTEGRATED CARE BOARD,Independent sector / other,1572,1076,1572,34,68.4
2026-01-01,RXL,BLACKPOOL TEACHING HOSPITALS NHS FOUNDATION TRUST,NHS LANCASHIRE AND SOUTH CUMBRIA INTEGRATED CARE BOARD,NHS trust,42259,24154,42259,1011,57.2
2026-01-01,NVC31,BLAKELANDS HOSPITAL,"NHS BEDFORDSHIRE, LUTON AND MILTON KEYNES INTEGRATED CARE BOARD",Independent sector / other,2286,1696,2286,5,74.2
2026-01-01,RMC,BOLTON NHS FOUNDATION TRUST,NHS GREATER MANCHESTER INTEGRATED CARE BOARD,NHS trust,38836,22334,38836,696,57.5
2026-01-01,R5J3Z,BORDER HEALTH ALLIANCE LIMITED,NHS HEREFORDSHIRE AND WORCESTERSHIRE INTEGRATED CARE BOARD,Independent sector / other,494,366,494,0,74.1
2026-01-01,NVC27,BOSTON WEST HOSPITAL,NHS LINCOLNSHIRE INTEGRATED CARE BOARD,Independent sector / other,2421,1561,2421,11,64.5
2026-01-01,TAD,BRADFORD DISTRICT CARE NHS FOUNDATION TRUST,NHS WEST YORKSHIRE INTEGRATED CARE BOARD,NHS trust,666,454,666,15,68.2
2026-01-01,RAE,BRADFORD TEACHING HOSPITALS NHS FOUNDATION TRUST,NHS WEST YORKSHIRE INTEGRATED CARE BOARD,NHS trust,31610,20265,31610,70,64.1
2026-01-01,RXQ,BUCKINGHAMSHIRE HEALTHCARE NHS TRUST,"NHS BUCKINGHAMSHIRE, OXFORDSHIRE AND BERKSHIRE WEST INTEGRATED CARE BOARD",NHS trust,47017,28738,47017,904,61.1
2026-01-01,A4M8P,BUCKSHAW HOSPITAL,NHS LANCASHIRE AND SOUTH CUMBRIA INTEGRATED CARE BOARD,Independent sector / other,3030,2094,3030,16,69.1
2026-01-01,RWY,CALDERDALE AND HUDDERSFIELD NHS FOUNDATION TRUST,NHS WEST YORKSHIRE INTEGRATED CARE BOARD,NHS trust,35564,26516,35564,21,74.6
2026-01-01,RGT,CAMBRIDGE UNIVERSITY HOSPITALS NHS FOUNDATION TRUST,NHS CAMBRIDGESHIRE AND PETERBOROUGH INTEGRATED CARE BOARD,NHS trust,62482,37431,62482,1665,59.9
2026-01-01,RT1,CAMBRIDGESHIRE AND PETERBOROUGH NHS FOUNDATION TRUST,NHS CAMBRIDGESHIRE AND PETERBOROUGH INTEGRATED CARE BOARD,NHS trust,320,120,320,17,37.5
2026-01-01,NL3,CARE PLUS GROUP,NHS HUMBER AND NORTH YORKSHIRE INTEGRATED CARE BOARD,Independent sector / other,197,175,197,1,88.8
2026-01-01,NT451,CAVELL HOSPITAL,NHS NORTH CENTRAL LONDON INTEGRATED CARE BOARD,Independent sector / other,1220,920,1220,3,75.4
2026-01-01,U0K8N,CES MEDICAL,NHS KENT AND MEDWAY INTEGRATED CARE BOARD,Independent sector / other,88,88,88,0,100.0
2026-01-01,NT408,CHAUCER HOSPITAL,NHS KENT AND MEDWAY INTEGRATED CARE BOARD,Independent sector / other,933,773,933,0,82.9
2026-01-01,RQM,CHELSEA AND WESTMINSTER HOSPITAL NHS FOUNDATION TRUST,NHS NORTH WEST LONDON INTEGRATED CARE BOARD,NHS trust,74145,45805,74145,1264,61.8
2026-01-01,NT409,CHELSFIELD PARK HOSPITAL,NHS SOUTH EAST LONDON INTEGRATED CARE BOARD,Independent sector / other,800,644,800,3,80.5
2026-01-01,RFS,CHESTERFIELD ROYAL HOSPITAL NHS FOUNDATION TRUST,NHS DERBY AND DERBYSHIRE INTEGRATED CARE BOARD,NHS trust,28293,15249,28293,1277,53.9
2026-01-01,NT410,CHILTERN HOSPITAL,"NHS BUCKINGHAMSHIRE, OXFORDSHIRE AND BERKSHIRE WEST INTEGRATED CARE BOARD",Independent sector / other,455,362,455,0,79.6
2026-01-01,F9Z4V,CIRCLE READING HOSPITAL,"NHS BUCKINGHAMSHIRE, OXFORDSHIRE AND BERKSHIRE WEST INTEGRATED CARE BOARD",Independent sector / other,1772,1271,1772,3,71.7
2026-01-01,B3M1X,CLAREMONT PRIVATE HOSPITAL,NHS SOUTH YORKSHIRE INTEGRATED CARE BOARD,Independent sector / other,2373,1726,2373,2,72.7
2026-01-01,NT411,CLEMENTINE CHURCHILL HOSPITAL,NHS NORTH WEST LONDON INTEGRATED CARE BOARD,Independent sector / other,1908,1898,1908,0,99.5
2026-01-01,NVC28,CLIFTON PARK HOSPITAL,NHS HUMBER AND NORTH YORKSHIRE INTEGRATED CARE BOARD,Independent sector / other,1598,1062,1598,20,66.5
2026-01-01,NVC29,COBALT HOSPITAL,NHS NORTH EAST AND NORTH CUMBRIA INTEGRATED CARE BOARD,Independent sector / other,1721,1185,1721,6,68.9
2026-01-01,NLG,COMMUNITAS CLINICS,NHS SOUTH WEST LONDON INTEGRATED CARE BOARD,Independent sector / other,3467,2251,3467,104,64.9
2026-01-01,AAV,COMMUNITY HEALTH AND EYECARE LIMITED,NHS LANCASHIRE AND SOUTH CUMBRIA INTEGRATED CARE BOARD,Independent sector / other,5017,4672,5017,0,93.1
2026-01-01,NMG,CORA HEALTH MSK (FORMERLY CONNECT HEALTH LTD),NHS NORTH EAST AND NORTH CUMBRIA INTEGRATED CARE BOARD,Independent sector / other,16393,14768,16393,2,90.1
2026-01-01,RJ8,CORNWALL PARTNERSHIP NHS FOUNDATION TRUST,NHS CORNWALL AND THE ISLES OF SCILLY INTEGRATED CARE BOARD,NHS trust,664,661,664,0,99.5
2026-01-01,DFY01,COTSWOLDS SURGICAL PARTNERS,"NHS BATH AND NORTH EAST SOMERSET, SWINDON AND WILTSHIRE INTEGRATED CARE BOARD",Independent sector / other,217,216,217,0,99.5
2026-01-01,RJR,COUNTESS OF CHESTER HOSPITAL NHS FOUNDATION TRUST,NHS CHESHIRE AND MERSEYSIDE INTEGRATED CARE BOARD,NHS trust,32997,18227,32997,1182,55.2
2026-01-01,RXP,COUNTY DURHAM AND DARLINGTON NHS FOUNDATION TRUST,NHS NORTH EAST AND NORTH CUMBRIA INTEGRATED CARE BOARD,NHS trust,42140,27874,42140,779,66.1
2026-01-01,RJ6,CROYDON HEALTH SERVICES NHS TRUST,NHS SOUTH WEST LONDON INTEGRATED CARE BOARD,NHS trust,36248,23910,36248,585,66.0
2026-01-01,RX4,"CUMBRIA, NORTHUMBERLAND, TYNE AND WEAR NHS FOUNDATION TRUST",NHS NORTH EAST AND NORTH CUMBRIA INTEGRATED CARE BOARD,NHS trust,176,175,176,0,99.4
2026-01-01,RN7,DARTFORD AND GRAVESHAM NHS TRUST,NHS KENT AND MEDWAY INTEGRATED CARE BOARD,NHS trust,30886,18217,30886,913,59.0
2026-01-01,NCN,DMC HEALTHCARE,NHS SOUTH EAST LONDON INTEGRATED CARE BOARD,Independent sector / other,1328,1302,1328,0,98.0
2026-01-01,RP5,DONCASTER AND BASSETLAW TEACHING HOSPITALS NHS FOUNDATION TRUST,NHS SOUTH YORKSHIRE INTEGRATED CARE BOARD,NHS trust,51971,30902,51971,1032,59.5
2026-01-01,NNE,DORKING HEALTHCARE LIMITED (DHC),NHS SURREY HEARTLANDS INTEGRATED CARE BOARD,Independent sector / other,6501,5053,6501,1,77.7
2026-01-01,RBD,DORSET COUNTY HOSPITAL NHS FOUNDATION TRUST,NHS DORSET INTEGRATED CARE BOARD,NHS trust,21209,13130,21209,317,61.9
2026-01-01,NT412,DROITWICH SPA HOSPITAL,NHS HEREFORDSHIRE AND WORCESTERSHIRE INTEGRATED CARE BOARD,Independent sector / other,1997,1482,1997,2,74.2
2026-01-01,NT447,DUCHY HOSPITAL,NHS HUMBER AND NORTH YORKSHIRE INTEGRATED CARE BOARD,Independent sector / other,286,231,286,0,80.8
2026-01-01,NVC04,DUCHY HOSPITAL,NHS CORNWALL AND THE ISLES OF SCILLY INTEGRATED CARE BOARD,Independent sector / other,1783,922,1783,30,51.7
2026-01-01,RWH,EAST AND NORTH HERTFORDSHIRE TEACHING NHS TRUST,NHS HERTFORDSHIRE AND WEST ESSEX INTEGRATED CARE BOARD,NHS trust,53149,35723,53149,475,67.2
2026-01-01,RJN,EAST CHESHIRE NHS TRUST,NHS CHESHIRE AND MERSEYSIDE INTEGRATED CARE BOARD,NHS trust,19805,9927,19805,556,50.1
2026-01-01,RVV,EAST KENT HOSPITALS UNIVERSITY NHS FOUNDATION TRUST,NHS KENT AND MEDWAY INTEGRATED CARE BOARD,NHS trust,75205,38589,75205,2006,51.3
2026-01-01,RXR,EAST LANCASHIRE HOSPITALS NHS TRUST,NHS LANCASHIRE AND SOUTH CUMBRIA INTEGRATED CARE BOARD,NHS trust,51484,32815,51484,676,63.7
2026-01-01,RDE,EAST SUFFOLK AND NORTH ESSEX NHS FOUNDATION TRUST,NHS SUFFOLK AND NORTH EAST ESSEX INTEGRATED CARE BOARD,NHS trust,90802,49088,90802,2016,54.1
2026-01-01,RXC,EAST SUSSEX HEALTHCARE NHS TRUST,NHS SUSSEX INTEGRATED CARE BOARD,NHS trust,59853,37893,59853,682,63.3
2026-01-01,NT445,EDGBASTON HOSPITAL,NHS BIRMINGHAM AND SOLIHULL INTEGRATED CARE BOARD,Independent sector / other,1,1,1,0,100.0
2026-01-01,M9U8M,ENDOCARE DIAGNOSTICS LTD,NHS GREATER MANCHESTER INTEGRATED CARE BOARD,Independent sector / other,130,130,130,0,100.0
2026-01-01,RVR,EPSOM AND ST HELIER UNIVERSITY HOSPITALS NHS TRUST,NHS SOUTH WEST LONDON INTEGRATED CARE BOARD,NHS trust,60088,36973,60088,826,61.5
2026-01-01,NVM,EPSOMEDICAL GROUP,NHS SURREY HEARTLANDS INTEGRATED CARE BOARD,Independent sector / other,3126,2415,3126,108,77.3
2026-01-01,NVC05,EUXTON HALL HOSPITAL,NHS LANCASHIRE AND SOUTH CUMBRIA INTEGRATED CARE BOARD,Independent sector / other,3246,2421,3246,9,74.6
2026-01-01,NVC0Y,EXETER MEDICAL,NHS DEVON INTEGRATED CARE BOARD,Independent sector / other,245,210,245,0,85.7
2026-01-01,ACM,EYE CARE MEDICAL LTD,NHS CHESHIRE AND MERSEYSIDE INTEGRATED CARE BOARD,Independent sector / other,6,6,6,0,100.0
2026-01-01,Y9S1N,FAIRFIELD INDEPENDENT HOSPITAL,NHS CHESHIRE AND MERSEYSIDE INTEGRATED CARE BOARD,Independent sector / other,2097,1319,2097,9,62.9
2026-01-01,NDJ,FIRST COMMUNITY HEALTH AND CARE CIC,NHS SURREY HEARTLANDS INTEGRATED CARE BOARD,Independent sector / other,697,667,697,0,95.7
2026-01-01,NVC06,FITZWILLIAM HOSPITAL,NHS CAMBRIDGESHIRE AND PETERBOROUGH INTEGRATED CARE BOARD,Independent sector / other,6469,3228,6469,100,49.9
2026-01-01,RDU,FRIMLEY HEALTH NHS FOUNDATION TRUST,NHS FRIMLEY INTEGRATED CARE BOARD,NHS trust,66825,37619,66825,1378,56.3
2026-01-01,NVC07,FULWOOD HALL HOSPITAL,NHS LANCASHIRE AND SOUTH CUMBRIA INTEGRATED CARE BOARD,Independent sector / other,4190,3107,4190,22,74.2
2026-01-01,RR7,GATESHEAD HEALTH NHS FOUNDATION TRUST,NHS NORTH EAST AND NORTH CUMBRIA INTEGRATED CARE BOARD,NHS trust,12578,8982,12578,20,71.4
2026-01-01,RLT,GEORGE ELIOT HOSPITAL NHS TRUST,NHS COVENTRY AND WARWICKSHIRE INTEGRATED CARE BOARD,NHS trust,20287,12935,20287,236,63.8
2026-01-01,K8I4X,GLENDON WOOD HOSPITAL,NHS NORTHAMPTONSHIRE INTEGRATED CARE BOARD,Independent sector / other,1342,1002,1342,1,74.7
2026-01-01,RTE,GLOUCESTERSHIRE HOSPITALS NHS FOUNDATION TRUST,NHS GLOUCESTERSHIRE INTEGRATED CARE BOARD,NHS trust,63432,43414,63432,21,68.4
2026-01-01,NT417,GORING HALL HOSPITAL,NHS SUSSEX INTEGRATED CARE BOARD,Independent sector / other,915,546,915,14,59.7
2026-01-01,NWV01,GP CARE UK,"NHS BRISTOL, NORTH SOMERSET AND SOUTH GLOUCESTERSHIRE INTEGRATED CARE BOARD",Independent sector / other,827,827,827,0,100.0
2026-01-01,RP4,GREAT ORMOND STREET HOSPITAL FOR CHILDREN NHS FOUNDATION TRUST,NHS NORTH CENTRAL LONDON INTEGRATED CARE BOARD,NHS trust,8251,5965,8251,207,72.3
2026-01-01,RN3,GREAT WESTERN HOSPITALS NHS FOUNDATION TRUST,"NHS BATH AND NORTH EAST SOMERSET, SWINDON AND WILTSHIRE INTEGRATED CARE BOARD",NHS trust,43958,25489,43958,740,58.0
2026-01-01,RJ1,GUY'S AND ST THOMAS' NHS FOUNDATION TRUST,NHS SOUTH EAST LONDON INTEGRATED CARE BOARD,NHS trust,107777,71640,107777,1193,66.5
2026-01-01,RW1,HAMPSHIRE AND ISLE OF WIGHT HEALTHCARE NHS FOUNDATION TRUST,NHS HAMPSHIRE AND ISLE OF WIGHT INTEGRATED CARE BOARD,NHS trust,4170,3855,4170,0,92.4
2026-01-01,NT418,HAMPSHIRE CLINIC,NHS HAMPSHIRE AND ISLE OF WIGHT INTEGRATED CARE BOARD,Independent sector / other,336,179,336,2,53.3
2026-01-01,RN5,HAMPSHIRE HOSPITALS NHS FOUNDATION TRUST,NHS HAMPSHIRE AND ISLE OF WIGHT INTEGRATED CARE BOARD,NHS trust,50781,29364,50781,1509,57.8
2026-01-01,NT419,HARBOUR HOSPITAL,NHS DORSET INTEGRATED CARE BOARD,Independent sector / other,147,124,147,0,84.4
2026-01-01,RCD,HARROGATE AND DISTRICT NHS FOUNDATION TRUST,NHS HUMBER AND NORTH YORKSHIRE INTEGRATED CARE BOARD,NHS trust,19380,14256,19380,3,73.6
2026-01-01,S5E5Y,HCRG CARE DERMATOLOGY THE IRONSTONE CENTRE,NHS HUMBER AND NORTH YORKSHIRE INTEGRATED CARE BOARD,Independent sector / other,1027,986,1027,3,96.0
2026-01-01,NYR,HEALTHSHARE DIAGNOSTICS,NHS KENT AND MEDWAY INTEGRATED CARE BOARD,Independent sector / other,2351,1200,2351,36,51.0
2026-01-01,NRL,HEART NETWORKS,NHS GREATER MANCHESTER INTEGRATED CARE BOARD,Independent sector / other,981,942,981,0,96.0
2026-01-01,NT416,HENDON HOSPITAL,NHS NORTH CENTRAL LONDON INTEGRATED CARE BOARD,Independent sector / other,1178,782,1178,4,66.4
2026-01-01,R1A,HEREFORDSHIRE AND WORCESTERSHIRE HEALTH AND CARE NHS TRUST,NHS HEREFORDSHIRE AND WORCESTERSHIRE INTEGRATED CARE BOARD,NHS trust,53,41,53,0,77.4
2026-01-01,NT420,HIGHFIELD HOSPITAL,NHS GREATER MANCHESTER INTEGRATED CARE BOARD,Independent sector / other,901,638,901,0,70.8
2026-01-01,RQX,HOMERTON HEALTHCARE NHS FOUNDATION TRUST,NHS NORTH EAST LONDON INTEGRATED CARE BOARD,NHS trust,24474,17406,24474,255,71.1
2026-01-01,NT448,HUDDERSFIELD PRIVATE HOSPITAL,NHS WEST YORKSHIRE INTEGRATED CARE BOARD,Independent sector / other,787,708,787,1,90.0
2026-01-01,RWA,HULL UNIVERSITY TEACHING HOSPITALS NHS TRUST,NHS HUMBER AND NORTH YORKSHIRE INTEGRATED CARE BOARD,NHS trust,81339,44658,81339,3157,54.9
2026-01-01,RYJ,IMPERIAL COLLEGE HEALTHCARE NHS TRUST,NHS NORTH WEST LONDON INTEGRATED CARE BOARD,NHS trust,88405,56957,88405,454,64.4
2026-01-01,NXP,INDEPENDENT HEALTH GROUP,"NHS BATH AND NORTH EAST SOMERSET, SWINDON AND WILTSHIRE INTEGRATED CARE BOARD",Independent sector / other,966,894,966,0,92.5
2026-01-01,NV1,INHEALTH LIMITED,"NHS BUCKINGHAMSHIRE, OXFORDSHIRE AND BERKSHIRE WEST INTEGRATED CARE BOARD",Independent sector / other,780,672,780,0,86.2
2026-01-01,NCR,ISIGHT,NHS CHESHIRE AND MERSEYSIDE INTEGRATED CARE BOARD,Independent sector / other,1433,1214,1433,0,84.7
2026-01-01,R1F,ISLE OF WIGHT NHS TRUST,NHS HAMPSHIRE AND ISLE OF WIGHT INTEGRATED CARE BOARD,NHS trust,13863,8311,13863,94,60.0
2026-01-01,RGP,JAMES PAGET UNIVERSITY HOSPITALS NHS FOUNDATION TRUST,NHS NORFOLK AND WAVENEY INTEGRATED CARE BOARD,NHS trust,33378,17712,33378,1758,53.1
2026-01-01,RYY,KENT COMMUNITY HEALTH NHS FOUNDATION TRUST,NHS KENT AND MEDWAY INTEGRATED CARE BOARD,NHS trust,3960,3955,3960,0,99.9
2026-01-01,RNQ,KETTERING GENERAL HOSPITAL NHS FOUNDATION TRUST,NHS NORTHAMPTONSHIRE INTEGRATED CARE BOARD,NHS trust,24589,15239,24589,278,62.0
2026-01-01,ADP02,KIMS HOSPITAL (NEWNHAM COURT),NHS KENT AND MEDWAY INTEGRATED CARE BOARD,Independent sector / other,1557,1360,1557,55,87.3
2026-01-01,RJZ,KING'S COLLEGE HOSPITAL NHS FOUNDATION TRUST,NHS SOUTH EAST LONDON INTEGRATED CARE BOARD,NHS trust,83954,52853,83954,1791,63.0
2026-01-01,NT421,KINGS OAK HOSPITAL,NHS NORTH CENTRAL LONDON INTEGRATED CARE BOARD,Independent sector / other,1151,857,1151,2,74.5
2026-01-01,RAX,KINGSTON AND RICHMOND NHS FOUNDATION TRUST,NHS SOUTH WEST LONDON INTEGRATED CARE BOARD,NHS trust,44953,26071,44953,409,58.0
2026-01-01,RW5,LANCASHIRE & SOUTH CUMBRIA NHS FOUNDATION TRUST,NHS LANCASHIRE AND SOUTH CUMBRIA INTEGRATED CARE BOARD,NHS trust,3592,3425,3592,0,95.4
2026-01-01,RXN,LANCASHIRE TEACHING HOSPITALS NHS FOUNDATION TRUST,NHS LANCASHIRE AND SOUTH CUMBRIA INTEGRATED CARE BOARD,NHS trust,63332,33689,63332,1584,53.2
2026-01-01,NLE01,LANCASTER HOUSE CONSULTING DIAGNOSTICS SURGICAL LTD HQ,NHS GREATER MANCHESTER INTEGRATED CARE BOARD,Independent sector / other,1278,1026,1278,0,80.3
2026-01-01,NT449,LANCASTER PRIVATE HOSPITAL,NHS LANCASHIRE AND SOUTH CUMBRIA INTEGRATED CARE BOARD,Independent sector / other,291,208,291,1,71.5
2026-01-01,RR8,LEEDS TEACHING HOSPITALS NHS TRUST,NHS WEST YORKSHIRE INTEGRATED CARE BOARD,NHS trust,86915,56929,86915,1343,65.5
2026-01-01,RJ2,LEWISHAM AND GREENWICH NHS TRUST,NHS SOUTH EAST LONDON INTEGRATED CARE BOARD,NHS trust,56382,35104,56382,1097,62.3
2026-01-01,NT450,LINCOLN PRIVATE HOSPITAL,NHS LINCOLNSHIRE INTEGRATED CARE BOARD,Independent sector / other,1226,839,1226,0,68.4
2026-01-01,RP7,LINCOLNSHIRE PARTNERSHIP NHS FOUNDATION TRUST,NHS LINCOLNSHIRE INTEGRATED CARE BOARD,NHS trust,18,17,18,0,94.4
2026-01-01,RBQ,LIVERPOOL HEART AND CHEST HOSPITAL NHS FOUNDATION TRUST,NHS CHESHIRE AND MERSEYSIDE INTEGRATED CARE BOARD,NHS trust,5743,4519,5743,39,78.7
2026-01-01,REM,LIVERPOOL UNIVERSITY HOSPITALS NHS FOUNDATION TRUST,NHS CHESHIRE AND MERSEYSIDE INTEGRATED CARE BOARD,NHS trust,64081,35575,64081,981,55.5
2026-01-01,REP,LIVERPOOL WOMEN'S NHS FOUNDATION TRUST,NHS CHESHIRE AND MERSEYSIDE INTEGRATED CARE BOARD,NHS trust,13696,6725,13696,908,49.1
2026-01-01,NR5,LIVEWELL SOUTHWEST,NHS DEVON INTEGRATED CARE BOARD,Independent sector / other,81,77,81,0,95.1
2026-01-01,NL8,LOCALA COMMUNITY PARTNERSHIPS CIC,NHS WEST YORKSHIRE INTEGRATED CARE BOARD,Independent sector / other,1290,1205,1290,0,93.4
2026-01-01,NT422,LONDON INDEPENDENT HOSPITAL,NHS NORTH EAST LONDON INTEGRATED CARE BOARD,Independent sector / other,3916,3198,3916,22,81.7
2026-01-01,R1K,LONDON NORTH WEST UNIVERSITY HEALTHCARE NHS TRUST,NHS NORTH WEST LONDON INTEGRATED CARE BOARD,NHS trust,82847,49877,82847,1208,60.2
2026-01-01,RWF,MAIDSTONE AND TUNBRIDGE WELLS NHS TRUST,NHS KENT AND MEDWAY INTEGRATED CARE BOARD,NHS trust,49530,34676,49530,15,70.0
2026-01-01,NN5,MANCHESTER SURGICAL SERVICES LTD,NHS GREATER MANCHESTER INTEGRATED CARE BOARD,Independent sector / other,343,305,343,0,88.9
2026-01-01,R0A,MANCHESTER UNIVERSITY NHS FOUNDATION TRUST,NHS GREATER MANCHESTER INTEGRATED CARE BOARD,NHS trust,175344,100941,175344,3065,57.6
2026-01-01,NT423,MANOR HOSPITAL,"NHS BEDFORDSHIRE, LUTON AND MILTON KEYNES INTEGRATED CARE BOARD",Independent sector / other,601,284,601,6,47.3
2026-01-01,AY1,MEDEFER,NHS NORTH CENTRAL LONDON INTEGRATED CARE BOARD,Independent sector / other,249,188,249,0,75.5
2026-01-01,RPA,MEDWAY NHS FOUNDATION TRUST,NHS KENT AND MEDWAY INTEGRATED CARE BOARD,NHS trust,35321,20468,35321,327,57.9
2026-01-01,NT424,MERIDEN HOSPITAL,NHS COVENTRY AND WARWICKSHIRE INTEGRATED CARE BOARD,Independent sector / other,1741,1451,1741,0,83.3
2026-01-01,RBN,MERSEY AND WEST LANCASHIRE TEACHING HOSPITALS NHS TRUST,NHS CHESHIRE AND MERSEYSIDE INTEGRATED CARE BOARD,NHS trust,73635,45310,73635,1486,61.5
2026-01-01,RW4,MERSEY CARE NHS FOUNDATION TRUST,NHS CHESHIRE AND MERSEYSIDE INTEGRATED CARE BOARD,NHS trust,52,50,52,0,96.2
2026-01-01,RAJ,MID AND SOUTH ESSEX NHS FOUNDATION TRUST,NHS MID AND SOUTH ESSEX INTEGRATED CARE BOARD,NHS trust,176580,86627,176580,13516,49.1
2026-01-01,RBT,MID CHESHIRE HOSPITALS NHS FOUNDATION TRUST,NHS CHESHIRE AND MERSEYSIDE INTEGRATED CARE BOARD,NHS trust,37412,20420,37412,800,54.6
2026-01-01,RXF,MID YORKSHIRE TEACHING NHS TRUST,NHS WEST YORKSHIRE INTEGRATED CARE BOARD,NHS trust,54326,33932,54326,184,62.5
2026-01-01,S4E3I,MIDLAND EYE (EYE-DOCS LTD),NHS BIRMINGHAM AND SOLIHULL INTEGRATED CARE BOARD,Independent sector / other,564,541,564,0,95.9
2026-01-01,RRE,MIDLANDS PARTNERSHIP UNIVERSITY NHS FOUNDATION TRUST,NHS STAFFORDSHIRE AND STOKE-ON-TRENT INTEGRATED CARE BOARD,NHS trust,8291,7818,8291,1,94.3
2026-01-01,RD8,MILTON KEYNES UNIVERSITY HOSPITAL NHS FOUNDATION TRUST,"NHS BEDFORDSHIRE, LUTON AND MILTON KEYNES INTEGRATED CARE BOARD",NHS trust,34755,19564,34755,1374,56.3
2026-01-01,RP6,MOORFIELDS EYE HOSPITAL NHS FOUNDATION TRUST,NHS NORTH CENTRAL LONDON INTEGRATED CARE BOARD,NHS trust,34214,28901,34214,16,84.5
2026-01-01,NT455,MOUNT ALVERNIA HOSPITAL,NHS SURREY HEARTLANDS INTEGRATED CARE BOARD,Independent sector / other,251,180,251,1,71.7
2026-01-01,NVC08,MOUNT STUART HOSPITAL,NHS DEVON INTEGRATED CARE BOARD,Independent sector / other,2394,1513,2394,34,63.2
2026-01-01,NVC09,NEW HALL HOSPITAL,"NHS BATH AND NORTH EAST SOMERSET, SWINDON AND WILTSHIRE INTEGRATED CARE BOARD",Independent sector / other,3313,2392,3313,14,72.2
2026-01-01,R7W2O,NEWCASTLE NEWMEDICA LTD,NHS NORTH EAST AND NORTH CUMBRIA INTEGRATED CARE BOARD,Independent sector / other,894,861,894,0,96.3
2026-01-01,N8R1N,NEWMEDICA - BERKSHIRE,NHS FRIMLEY INTEGRATED CARE BOARD,Independent sector / other,1500,1142,1500,3,76.1
2026-01-01,C5Y9L,NEWMEDICA - BERKSHIRE - BRACKNELL,NHS FRIMLEY INTEGRATED CARE BOARD,Independent sector / other,107,72,107,0,67.3
2026-01-01,S1Z4X,NEWMEDICA - BIRMINGHAM,NHS BIRMINGHAM AND SOLIHULL INTEGRATED CARE BOARD,Independent sector / other,836,793,836,0,94.9
2026-01-01,C9A7J,NEWMEDICA - BRADFORD & HUDDERSFIELD,NHS WEST YORKSHIRE INTEGRATED CARE BOARD,Independent sector / other,596,540,596,0,90.6
2026-01-01,ACG22,NEWMEDICA - BRIGG - RIVERSIDE SURGERY,NHS HUMBER AND NORTH YORKSHIRE INTEGRATED CARE BOARD,Independent sector / other,851,616,851,0,72.4
2026-01-01,ACG20,NEWMEDICA - BRISTOL - LITFIELD HOUSE,"NHS BRISTOL, NORTH SOMERSET AND SOUTH GLOUCESTERSHIRE INTEGRATED CARE BOARD",Independent sector / other,464,412,464,1,88.8
2026-01-01,H2K1G,NEWMEDICA - BROMSGROVE,NHS HEREFORDSHIRE AND WORCESTERSHIRE INTEGRATED CARE BOARD,Independent sector / other,323,311,323,0,96.3
2026-01-01,F1Y1H,NEWMEDICA - CHESHIRE OAKS,NHS CHESHIRE AND MERSEYSIDE INTEGRATED CARE BOARD,Independent sector / other,557,481,557,0,86.4
2026-01-01,F0R0W,NEWMEDICA - DARLINGTON,NHS NORTH EAST AND NORTH CUMBRIA INTEGRATED CARE BOARD,Independent sector / other,61,59,61,0,96.7
2026-01-01,ACG36,NEWMEDICA - EXETER - GLEN HOUSE,NHS DEVON INTEGRATED CARE BOARD,Independent sector / other,427,397,427,0,93.0
2026-01-01,ACG13,NEWMEDICA - GLOUCESTER (ASPEN MEDICAL CENTRE),NHS GLOUCESTERSHIRE INTEGRATED CARE BOARD,Independent sector / other,461,331,461,2,71.8
2026-01-01,L0D9W,NEWMEDICA - GLOUCESTER (BRIGHOUSE COURT),NHS GLOUCESTERSHIRE INTEGRATED CARE BOARD,Independent sector / other,1319,1083,1319,1,82.1
2026-01-01,L4R3R,NEWMEDICA - HAMPSHIRE,NHS HAMPSHIRE AND ISLE OF WIGHT INTEGRATED CARE BOARD,Independent sector / other,2533,1669,2533,18,65.9
2026-01-01,Z1E5F,NEWMEDICA - HARROGATE,NHS HUMBER AND NORTH YORKSHIRE INTEGRATED CARE BOARD,Independent sector / other,222,200,222,0,90.1
2026-01-01,F7F6D,NEWMEDICA - HERTFORSHIRE - WELWYN GARDEN CITY,NHS HERTFORDSHIRE AND WEST ESSEX INTEGRATED CARE BOARD,Independent sector / other,998,780,998,0,78.2
2026-01-01,ACG37,NEWMEDICA - IPSWICH,NHS SUFFOLK AND NORTH EAST ESSEX INTEGRATED CARE BOARD,Independent sector / other,1039,1013,1039,0,97.5
2026-01-01,ACG38,NEWMEDICA - LANGFORD,"NHS BRISTOL, NORTH SOMERSET AND SOUTH GLOUCESTERSHIRE INTEGRATED CARE BOARD",Independent sector / other,416,335,416,0,80.5
2026-01-01,N6Z0R,NEWMEDICA - LINCOLN,NHS LINCOLNSHIRE INTEGRATED CARE BOARD,Independent sector / other,31,22,31,0,71.0
2026-01-01,Z2L9B,NEWMEDICA - MANCHESTER WEST,NHS GREATER MANCHESTER INTEGRATED CARE BOARD,Independent sector / other,379,316,379,0,83.4
2026-01-01,ACG26,NEWMEDICA - NORTH DERBYSHIRE - MIDLAND COURT,NHS DERBY AND DERBYSHIRE INTEGRATED CARE BOARD,Independent sector / other,1219,1145,1219,0,93.9
2026-01-01,M4C5R,NEWMEDICA - NORTHAMPTON,NHS NORTHAMPTONSHIRE INTEGRATED CARE BOARD,Independent sector / other,1095,989,1095,1,90.3
2026-01-01,B5M7B,NEWMEDICA - NORWICH,NHS NORFOLK AND WAVENEY INTEGRATED CARE BOARD,Independent sector / other,1541,1361,1541,0,88.3
2026-01-01,B1A5K,NEWMEDICA - NOTTINGHAM,NHS NOTTINGHAM AND NOTTINGHAMSHIRE INTEGRATED CARE BOARD,Independent sector / other,592,531,592,0,89.7
2026-01-01,M6L9D,NEWMEDICA - NOTTINGHAM - KEYWORTH,NHS NOTTINGHAM AND NOTTINGHAMSHIRE INTEGRATED CARE BOARD,Independent sector / other,33,32,33,0,97.0
2026-01-01,J3J8Z,NEWMEDICA - OXFORDSHIRE,"NHS BUCKINGHAMSHIRE, OXFORDSHIRE AND BERKSHIRE WEST INTEGRATED CARE BOARD",Independent sector / other,639,610,639,0,95.5
2026-01-01,P5Y6K,NEWMEDICA - SHREWSBURY,"NHS SHROPSHIRE, TELFORD AND WREKIN INTEGRATED CARE BOARD",Independent sector / other,510,480,510,0,94.1
2026-01-01,ACG39,NEWMEDICA - SWINDON,"NHS BATH AND NORTH EAST SOMERSET, SWINDON AND WILTSHIRE INTEGRATED CARE BOARD",Independent sector / other,15,4,15,1,26.7
2026-01-01,D0V5X,NEWMEDICA - SWINDON MURDOCK ROAD,"NHS BATH AND NORTH EAST SOMERSET, SWINDON AND WILTSHIRE INTEGRATED CARE BOARD",Independent sector / other,141,117,141,0,83.0
2026-01-01,ACG24,NEWMEDICA - TEESSIDE - NORTH ORMESBY,NHS NORTH EAST AND NORTH CUMBRIA INTEGRATED CARE BOARD,Independent sector / other,1427,1394,1427,0,97.7
2026-01-01,ACG40,NEWMEDICA - WAKEFIELD,NHS WEST YORKSHIRE INTEGRATED CARE BOARD,Independent sector / other,644,546,644,0,84.8
2026-01-01,ACG31,NEWMEDICA - WORCESTER,NHS HEREFORDSHIRE AND WORCESTERSHIRE INTEGRATED CARE BOARD,Independent sector / other,686,639,686,0,93.1
2026-01-01,ACG30,NEWMEDICA - WORKSOP - DUKERIES,NHS NOTTINGHAM AND NOTTINGHAMSHIRE INTEGRATED CARE BOARD,Independent sector / other,163,153,163,0,93.9
2026-01-01,H4J9P,NEWMEDICA AZTEC WEST,"NHS BRISTOL, NORTH SOMERSET AND SOUTH GLOUCESTERSHIRE INTEGRATED CARE BOARD",Independent sector / other,938,756,938,3,80.6
2026-01-01,ACG19,NEWMEDICA COMMUNITY OPHTHALMOLOGY - LEEDS,NHS WEST YORKSHIRE INTEGRATED CARE BOARD,Independent sector / other,700,618,700,1,88.3
2026-01-01,ACG12,NEWMEDICA COMMUNITY OPHTHALMOLOGY - NORTH EAST LINCOLNSHIRE - GRIMSBY,NHS HUMBER AND NORTH YORKSHIRE INTEGRATED CARE BOARD,Independent sector / other,1133,759,1133,2,67.0
2026-01-01,A4Q9X,NEWMEDICA LEICESTER,"NHS LEICESTER, LEICESTERSHIRE AND RUTLAND INTEGRATED CARE BOARD",Independent sector / other,802,717,802,0,89.4
2026-01-01,ACG08,NEWMEDICA OPHTHALMOLOGY - NUNEATON - CAMP HILL - GP LED HEALTH CENTRE,NHS COVENTRY AND WARWICKSHIRE INTEGRATED CARE BOARD,Independent sector / other,19,19,19,0,100.0
2026-01-01,G4H0I,NEWMEDICA SUFFOLK - BURY ST EDMUNDS - CLARITY HOUSE,NHS SUFFOLK AND NORTH EAST ESSEX INTEGRATED CARE BOARD,Independent sector / other,613,588,613,0,95.9
2026-01-01,RM1,NORFOLK AND NORWICH UNIVERSITY HOSPITALS NHS FOUNDATION TRUST,NHS NORFOLK AND WAVENEY INTEGRATED CARE BOARD,NHS trust,68959,40353,68959,2626,58.5
2026-01-01,RVJ,NORTH BRISTOL NHS TRUST,"NHS BRISTOL, NORTH SOMERSET AND SOUTH GLOUCESTERSHIRE INTEGRATED CARE BOARD",NHS trust,42254,28434,42254,106,67.3
2026-01-01,RNN,NORTH CUMBRIA INTEGRATED CARE NHS FOUNDATION TRUST,NHS NORTH EAST AND NORTH CUMBRIA INTEGRATED CARE BOARD,NHS trust,38722,21752,38722,1025,56.2
2026-01-01,NVC11,NORTH DOWNS HOSPITAL,NHS SURREY HEARTLANDS INTEGRATED CARE BOARD,Independent sector / other,1559,1025,1559,8,65.7
2026-01-01,RVW,NORTH TEES AND HARTLEPOOL NHS FOUNDATION TRUST,NHS NORTH EAST AND NORTH CUMBRIA INTEGRATED CARE BOARD,NHS trust,21899,15491,21899,250,70.7
2026-01-01,RGN,NORTH WEST ANGLIA NHS FOUNDATION TRUST,NHS CAMBRIDGESHIRE AND PETERBOROUGH INTEGRATED CARE BOARD,NHS trust,78413,45728,78413,746,58.3
2026-01-01,RNS,NORTHAMPTON GENERAL HOSPITAL NHS TRUST,NHS NORTHAMPTONSHIRE INTEGRATED CARE BOARD,NHS trust,42781,25354,42781,689,59.3
2026-01-01,RM3,NORTHERN CARE ALLIANCE NHS FOUNDATION TRUST,NHS GREATER MANCHESTER INTEGRATED CARE BOARD,NHS trust,134276,70296,134276,4425,52.4
2026-01-01,RJL,NORTHERN LINCOLNSHIRE AND GOOLE NHS FOUNDATION TRUST,NHS HUMBER AND NORTH YORKSHIRE INTEGRATED CARE BOARD,NHS trust,39645,23112,39645,930,58.3
2026-01-01,RTF,NORTHUMBRIA HEALTHCARE NHS FOUNDATION TRUST,NHS NORTH EAST AND NORTH CUMBRIA INTEGRATED CARE BOARD,NHS trust,35742,28888,35742,0,80.8
2026-01-01,DFQ,NORWICH & NORFOLK SURGICAL LTD (N2S),NHS NORFOLK AND WAVENEY INTEGRATED CARE BOARD,Independent sector / other,1128,995,1128,0,88.2
2026-01-01,RX1,NOTTINGHAM UNIVERSITY HOSPITALS NHS TRUST,NHS NOTTINGHAM AND NOTTINGHAMSHIRE INTEGRATED CARE BOARD,NHS trust,92790,51129,92790,2746,55.1
2026-01-01,NQH,NOVUS HEALTH LTD,NHS WEST YORKSHIRE INTEGRATED CARE BOARD,Independent sector / other,1003,922,1003,0,91.9
2026-01-01,G3Q3Z,NUFFIELD HEALTH HIGHGATE HOSPITAL,NHS NORTH CENTRAL LONDON INTEGRATED CARE BOARD,Independent sector / other,808,658,808,11,81.4
2026-01-01,R0F4N,NUFFIELD HEALTH PARKSIDE HOSPITAL,NHS SOUTH WEST LONDON INTEGRATED CARE BOARD,Independent sector / other,359,153,359,89,42.6
2026-01-01,H4I8B,NUFFIELD HEALTH THE HOLLY HOSPITAL,NHS HERTFORDSHIRE AND WEST ESSEX INTEGRATED CARE BOARD,Independent sector / other,3365,2784,3365,20,82.7
2026-01-01,NT202,"NUFFIELD HEALTH, BOURNEMOUTH HOSPITAL",NHS DORSET INTEGRATED CARE BOARD,Independent sector / other,417,297,417,0,71.2
2026-01-01,NT204,"NUFFIELD HEALTH, BRENTWOOD HOSPITAL",NHS MID AND SOUTH ESSEX INTEGRATED CARE BOARD,Independent sector / other,5,2,5,0,40.0
2026-01-01,NT205,"NUFFIELD HEALTH, BRIGHTON HOSPITAL",NHS SUSSEX INTEGRATED CARE BOARD,Independent sector / other,869,431,869,70,49.6
2026-01-01,NT206,"NUFFIELD HEALTH, BRISTOL HOSPITAL (CHESTERFIELD)","NHS BRISTOL, NORTH SOMERSET AND SOUTH GLOUCESTERSHIRE INTEGRATED CARE BOARD",Independent sector / other,754,498,754,5,66.0
2026-01-01,NT209,"NUFFIELD HEALTH, CAMBRIDGE HOSPITAL",NHS CAMBRIDGESHIRE AND PETERBOROUGH INTEGRATED CARE BOARD,Independent sector / other,288,176,288,1,61.1
2026-01-01,NT211,"NUFFIELD HEALTH, CHELTENHAM HOSPITAL",NHS GLOUCESTERSHIRE INTEGRATED CARE BOARD,Independent sector / other,79,12,79,9,15.2
2026-01-01,NT212,"NUFFIELD HEALTH, CHICHESTER HOSPITAL",NHS SUSSEX INTEGRATED CARE BOARD,Independent sector / other,549,443,549,3,80.7
2026-01-01,NT213,"NUFFIELD HEALTH, DERBY HOSPITAL",NHS DERBY AND DERBYSHIRE INTEGRATED CARE BOARD,Independent sector / other,1096,646,1096,27,58.9
2026-01-01,NT215,"NUFFIELD HEALTH, EXETER HOSPITAL",NHS DEVON INTEGRATED CARE BOARD,Independent sector / other,468,200,468,109,42.7
2026-01-01,NT216,"NUFFIELD HEALTH, GUILDFORD HOSPITAL",NHS SURREY HEARTLANDS INTEGRATED CARE BOARD,Independent sector / other,402,162,402,68,40.3
2026-01-01,NT218,"NUFFIELD HEALTH, HAYWARDS HEATH HOSPITAL",NHS SUSSEX INTEGRATED CARE BOARD,Independent sector / other,455,261,455,3,57.4
2026-01-01,NT219,"NUFFIELD HEALTH, HEREFORD HOSPITAL",NHS HEREFORDSHIRE AND WORCESTERSHIRE INTEGRATED CARE BOARD,Independent sector / other,408,336,408,0,82.4
2026-01-01,NT226,"NUFFIELD HEALTH, LEICESTER HOSPITAL","NHS LEICESTER, LEICESTERSHIRE AND RUTLAND INTEGRATED CARE BOARD",Independent sector / other,436,356,436,14,81.7
2026-01-01,NT229,"NUFFIELD HEALTH, NEWCASTLE UPON TYNE HOSPITAL",NHS NORTH EAST AND NORTH CUMBRIA INTEGRATED CARE BOARD,Independent sector / other,554,257,554,18,46.4
2026-01-01,NT230,"NUFFIELD HEALTH, NORTH STAFFORDSHIRE HOSPITAL",NHS STAFFORDSHIRE AND STOKE-ON-TRENT INTEGRATED CARE BOARD,Independent sector / other,1076,669,1076,1,62.2
2026-01-01,NT233,"NUFFIELD HEALTH, PLYMOUTH HOSPITAL",NHS DEVON INTEGRATED CARE BOARD,Independent sector / other,950,609,950,13,64.1
2026-01-01,NT235,"NUFFIELD HEALTH, SHREWSBURY HOSPITAL","NHS SHROPSHIRE, TELFORD AND WREKIN INTEGRATED CARE BOARD",Independent sector / other,567,487,567,0,85.9
2026-01-01,NT238,"NUFFIELD HEALTH, TAUNTON HOSPITAL",NHS SOMERSET INTEGRATED CARE BOARD,Independent sector / other,472,286,472,24,60.6
2026-01-01,NT237,"NUFFIELD HEALTH, TEES HOSPITAL",NHS NORTH EAST AND NORTH CUMBRIA INTEGRATED CARE BOARD,Independent sector / other,1424,1066,1424,2,74.9
2026-01-01,NT210,"NUFFIELD HEALTH, THE GROSVENOR HOSPITAL, CHESTER",NHS CHESHIRE AND MERSEYSIDE INTEGRATED CARE BOARD,Independent sector / other,493,343,493,0,69.6
2026-01-01,NT239,"NUFFIELD HEALTH, TUNBRIDGE WELLS HOSPITAL",NHS KENT AND MEDWAY INTEGRATED CARE BOARD,Independent sector / other,135,69,135,47,51.1
2026-01-01,NT224,"NUFFIELD HEALTH, WARWICKSHIRE HOSPITAL",NHS COVENTRY AND WARWICKSHIRE INTEGRATED CARE BOARD,Independent sector / other,449,299,449,23,66.6
2026-01-01,NT214,"NUFFIELD HEALTH, WESSEX HOSPITAL",NHS HAMPSHIRE AND ISLE OF WIGHT INTEGRATED CARE BOARD,Independent sector / other,574,270,574,1,47.0
2026-01-01,NT241,"NUFFIELD HEALTH, WOKING HOSPITAL",NHS SURREY HEARTLANDS INTEGRATED CARE BOARD,Independent sector / other,244,192,244,25,78.7
2026-01-01,NT242,"NUFFIELD HEALTH, WOLVERHAMPTON HOSPITAL",NHS BLACK COUNTRY INTEGRATED CARE BOARD,Independent sector / other,645,527,645,2,81.7
2026-01-01,NT245,"NUFFIELD HEALTH, YORK HOSPITAL",NHS HUMBER AND NORTH YORKSHIRE INTEGRATED CARE BOARD,Independent sector / other,1094,840,1094,1,76.8
2026-01-01,NT244,NUFFIELD HOSPITAL OXFORD (THE MANOR),"NHS BUCKINGHAMSHIRE, OXFORDSHIRE AND BERKSHIRE WEST INTEGRATED CARE BOARD",Independent sector / other,93,78,93,0,83.9
2026-01-01,NVC12,OAKLANDS HOSPITAL,NHS GREATER MANCHESTER INTEGRATED CARE BOARD,Independent sector / other,4257,2756,4257,1,64.7
2026-01-01,NVC13,OAKS HOSPITAL,NHS SUFFOLK AND NORTH EAST ESSEX INTEGRATED CARE BOARD,Independent sector / other,990,632,990,19,63.8
2026-01-01,DXV,OMNES HEALTHCARE LTD,NHS GREATER MANCHESTER INTEGRATED CARE BOARD,Independent sector / other,15169,10113,15169,191,66.7
2026-01-01,AVQ01,ONE ASHFORD HOSPITAL,NHS KENT AND MEDWAY INTEGRATED CARE BOARD,Independent sector / other,1098,829,1098,23,75.5
2026-01-01,AVQ03,ONE HATFIELD HOSPITAL,NHS HERTFORDSHIRE AND WEST ESSEX INTEGRATED CARE BOARD,Independent sector / other,384,319,384,5,83.1
2026-01-01,AWR,ONE STOP DOCTORS LIMITED,NHS HERTFORDSHIRE AND WEST ESSEX INTEGRATED CARE BOARD,Independent sector / other,394,378,394,0,95.9
2026-01-01,NNH,OPTEGRA UK,NHS SURREY HEARTLANDS INTEGRATED CARE BOARD,Independent sector / other,7983,7920,7983,0,99.2
2026-01-01,NQM01,ORTHOPAEDICS & SPINE SPECIALIST HOSPITAL SITE,NHS CAMBRIDGESHIRE AND PETERBOROUGH INTEGRATED CARE BOARD,Independent sector / other,165,150,165,0,90.9
2026-01-01,Q2Y5H,OVIVA UK LTD,NHS SOUTH EAST LONDON INTEGRATED CARE BOARD,Independent sector / other,9569,4992,9569,27,52.2
2026-01-01,RTH,OXFORD UNIVERSITY HOSPITALS NHS FOUNDATION TRUST,"NHS BUCKINGHAMSHIRE, OXFORDSHIRE AND BERKSHIRE WEST INTEGRATED CARE BOARD",NHS trust,85063,50791,85063,2011,59.7
2026-01-01,RPG,OXLEAS NHS FOUNDATION TRUST,NHS SOUTH EAST LONDON INTEGRATED CARE BOARD,NHS trust,2663,1281,2663,474,48.1
2026-01-01,NVC14,PARK HILL HOSPITAL,NHS SOUTH YORKSHIRE INTEGRATED CARE BOARD,Independent sector / other,733,594,733,0,81.0
2026-01-01,NT427,PARK HOSPITAL,NHS NOTTINGHAM AND NOTTINGHAMSHIRE INTEGRATED CARE BOARD,Independent sector / other,1740,1166,1740,46,67.0
2026-01-01,V3J9W,PASTEL HEALTH,NHS NORTH EAST LONDON INTEGRATED CARE BOARD,Independent sector / other,49,49,49,0,100.0
2026-01-01,NEQ,PHOENIX HEALTH SOLUTIONS LIMITED HQ,NHS WEST YORKSHIRE INTEGRATED CARE BOARD,Independent sector / other,596,504,596,0,84.6
2026-01-01,DTT,PHOENIX PUBLIC HEALTH LTD,NHS CHESHIRE AND MERSEYSIDE INTEGRATED CARE BOARD,Independent sector / other,147,123,147,3,83.7
2026-01-01,NVC15,PINEHILL HOSPITAL,NHS HERTFORDSHIRE AND WEST ESSEX INTEGRATED CARE BOARD,Independent sector / other,1607,1172,1607,2,72.9
2026-01-01,NEY,PIONEER HEALTHCARE LIMITED,NHS SOUTH YORKSHIRE INTEGRATED CARE BOARD,Independent sector / other,635,110,635,232,17.3
2026-01-01,D3O0Z,PLYMOUTH NEWMEDICA LTD,NHS DEVON INTEGRATED CARE BOARD,Independent sector / other,494,452,494,2,91.5
2026-01-01,RHU,PORTSMOUTH HOSPITALS UNIVERSITY NHS TRUST,NHS HAMPSHIRE AND ISLE OF WIGHT INTEGRATED CARE BOARD,NHS trust,57442,32553,57442,2051,56.7
2026-01-01,NTP13,PRACTICE PLUS GROUP HOSPITAL - BARLBOROUGH,NHS DERBY AND DERBYSHIRE INTEGRATED CARE BOARD,Independent sector / other,1959,1455,1959,6,74.3
2026-01-01,NTPH2,PRACTICE PLUS GROUP HOSPITAL - EMERSONS GREEN,"NHS BRISTOL, NORTH SOMERSET AND SOUTH GLOUCESTERSHIRE INTEGRATED CARE BOARD",Independent sector / other,4975,3977,4975,0,79.9
2026-01-01,NTP15,PRACTICE PLUS GROUP HOSPITAL - ILFORD,NHS NORTH EAST LONDON INTEGRATED CARE BOARD,Independent sector / other,5032,3406,5032,13,67.7
2026-01-01,NTPH5,PRACTICE PLUS GROUP HOSPITAL - PLYMOUTH,NHS DEVON INTEGRATED CARE BOARD,Independent sector / other,1774,1246,1774,4,70.2
2026-01-01,NTPH1,PRACTICE PLUS GROUP HOSPITAL - SHEPTON MALLET,NHS SOMERSET INTEGRATED CARE BOARD,Independent sector / other,2934,2062,2934,18,70.3
2026-01-01,NTP11,PRACTICE PLUS GROUP HOSPITAL - SOUTHAMPTON,NHS HAMPSHIRE AND ISLE OF WIGHT INTEGRATED CARE BOARD,Independent sector / other,8984,5625,8984,5,62.6
2026-01-01,M2Y6D,PRACTICE PLUS GROUP HOSPITAL BIRMINGHAM,NHS BIRMINGHAM AND SOLIHULL INTEGRATED CARE BOARD,Independent sector / other,1049,846,1049,0,80.6
2026-01-01,NTPAE,PRACTICE PLUS GROUP OPHTHALMOLOGY - NORTH WEST,NHS GREATER MANCHESTER INTEGRATED CARE BOARD,Independent sector / other,2164,1370,2164,0,63.3
2026-01-01,NTPH3,PRACTICE PLUS GROUP SURGICAL CENTRE - DEVIZES,"NHS BATH AND NORTH EAST SOMERSET, SWINDON AND WILTSHIRE INTEGRATED CARE BOARD",Independent sector / other,2831,2203,2831,3,77.8
2026-01-01,NTP16,PRACTICE PLUS GROUP SURGICAL CENTRE - GILLINGHAM,NHS KENT AND MEDWAY INTEGRATED CARE BOARD,Independent sector / other,979,900,979,8,91.9
2026-01-01,NTPAD,PRACTICE PLUS GROUP SURGICAL CENTRE - ST MARYS PORTSMOUTH,NHS HAMPSHIRE AND ISLE OF WIGHT INTEGRATED CARE BOARD,Independent sector / other,2070,1922,2070,0,92.9
2026-01-01,NT428,PRINCESS MARGARET HOSPITAL,NHS FRIMLEY INTEGRATED CARE BOARD,Independent sector / other,70,66,70,0,94.3
2026-01-01,NT429,PRIORY HOSPITAL,NHS BIRMINGHAM AND SOLIHULL INTEGRATED CARE BOARD,Independent sector / other,503,405,503,0,80.5
2026-01-01,NAM01,PROBUS SURGICAL CENTRE,NHS CORNWALL AND THE ISLES OF SCILLY INTEGRATED CARE BOARD,Independent sector / other,1019,909,1019,1,89.2
2026-01-01,NQX,PROVIDE ENTERPRISES,NHS SUFFOLK AND NORTH EAST ESSEX INTEGRATED CARE BOARD,Independent sector / other,94,94,94,0,100.0
2026-01-01,RPC,QUEEN VICTORIA HOSPITAL NHS FOUNDATION TRUST,NHS SUSSEX INTEGRATED CARE BOARD,NHS trust,19915,11863,19915,257,59.6
2026-01-01,GEC01,RAPID INVESTIGATION SERVICE,NHS HAMPSHIRE AND ISLE OF WIGHT INTEGRATED CARE BOARD,Independent sector / other,106,106,106,0,100.0
2026-01-01,NVC16,RENACRES HOSPITAL,NHS LANCASHIRE AND SOUTH CUMBRIA INTEGRATED CARE BOARD,Independent sector / other,5128,3154,5128,19,61.5
2026-01-01,NT430,RIDGEWAY HOSPITAL,"NHS BATH AND NORTH EAST SOMERSET, SWINDON AND WILTSHIRE INTEGRATED CARE BOARD",Independent sector / other,343,287,343,1,83.7
2026-01-01,NVC19,RIVERS HOSPITAL,NHS HERTFORDSHIRE AND WEST ESSEX INTEGRATED CARE BOARD,Independent sector / other,4396,2989,4396,47,68.0
2026-01-01,NVC17,ROWLEY HALL HOSPITAL,NHS STAFFORDSHIRE AND STOKE-ON-TRENT INTEGRATED CARE BOARD,Independent sector / other,2575,1698,2575,1,65.9
2026-01-01,RHW,ROYAL BERKSHIRE NHS FOUNDATION TRUST,"NHS BUCKINGHAMSHIRE, OXFORDSHIRE AND BERKSHIRE WEST INTEGRATED CARE BOARD",NHS trust,34560,28841,34560,25,83.5
2026-01-01,REF,ROYAL CORNWALL HOSPITALS NHS TRUST,NHS CORNWALL AND THE ISLES OF SCILLY INTEGRATED CARE BOARD,NHS trust,40924,29831,40924,248,72.9
2026-01-01,RH8,ROYAL DEVON UNIVERSITY HEALTHCARE NHS FOUNDATION TRUST,NHS DEVON INTEGRATED CARE BOARD,NHS trust,73224,44927,73224,1704,61.4
2026-01-01,RAL,ROYAL FREE LONDON NHS FOUNDATION TRUST,NHS NORTH CENTRAL LONDON INTEGRATED CARE BOARD,NHS trust,140251,83009,140251,2382,59.2
2026-01-01,RAN,ROYAL NATIONAL ORTHOPAEDIC HOSPITAL NHS TRUST,NHS NORTH WEST LONDON INTEGRATED CARE BOARD,NHS trust,9312,6580,9312,22,70.7
2026-01-01,RGM,ROYAL PAPWORTH HOSPITAL NHS FOUNDATION TRUST,NHS CAMBRIDGESHIRE AND PETERBOROUGH INTEGRATED CARE BOARD,NHS trust,5335,4029,5335,18,75.5
2026-01-01,RA2,ROYAL SURREY NHS FOUNDATION TRUST,NHS SURREY HEARTLANDS INTEGRATED CARE BOARD,NHS trust,29637,17904,29637,511,60.4
2026-01-01,RD1,ROYAL UNITED HOSPITALS BATH NHS FOUNDATION TRUST,"NHS BATH AND NORTH EAST SOMERSET, SWINDON AND WILTSHIRE INTEGRATED CARE BOARD",NHS trust,40157,25324,40157,402,63.1
2026-01-01,NT431,RUNNYMEDE HOSPITAL,NHS SURREY HEARTLANDS INTEGRATED CARE BOARD,Independent sector / other,153,119,153,4,77.8
2026-01-01,RNZ,SALISBURY NHS FOUNDATION TRUST,"NHS BATH AND NORTH EAST SOMERSET, SWINDON AND WILTSHIRE INTEGRATED CARE BOARD",NHS trust,29358,20282,29358,154,69.1
2026-01-01,RXK,SANDWELL AND WEST BIRMINGHAM HOSPITALS NHS TRUST,NHS BLACK COUNTRY INTEGRATED CARE BOARD,NHS trust,64236,36551,64236,541,56.9
2026-01-01,NT433,SARUM ROAD HOSPITAL,NHS HAMPSHIRE AND ISLE OF WIGHT INTEGRATED CARE BOARD,Independent sector / other,370,204,370,2,55.1
2026-01-01,NT434,SAXON CLINIC,"NHS BEDFORDSHIRE, LUTON AND MILTON KEYNES INTEGRATED CARE BOARD",Independent sector / other,721,412,721,4,57.1
2026-01-01,RCU,SHEFFIELD CHILDREN'S NHS FOUNDATION TRUST,NHS SOUTH YORKSHIRE INTEGRATED CARE BOARD,NHS trust,11426,7660,11426,176,67.0
2026-01-01,NT435,SHELBURNE HOSPITAL,"NHS BUCKINGHAMSHIRE, OXFORDSHIRE AND BERKSHIRE WEST INTEGRATED CARE BOARD",Independent sector / other,199,156,199,1,78.4
2026-01-01,RK5,SHERWOOD FOREST HOSPITALS NHS FOUNDATION TRUST,NHS NOTTINGHAM AND NOTTINGHAMSHIRE INTEGRATED CARE BOARD,NHS trust,35677,21269,35677,326,59.6
2026-01-01,NT436,SHIRLEY OAKS HOSPITAL,NHS SOUTH WEST LONDON INTEGRATED CARE BOARD,Independent sector / other,883,680,883,28,77.0
2026-01-01,R1D,SHROPSHIRE COMMUNITY HEALTH NHS TRUST,"NHS SHROPSHIRE, TELFORD AND WREKIN INTEGRATED CARE BOARD",NHS trust,7677,6344,7677,4,82.6
2026-01-01,NLX,SIRONA CARE & HEALTH,"NHS BRISTOL, NORTH SOMERSET AND SOUTH GLOUCESTERSHIRE INTEGRATED CARE BOARD",Independent sector / other,6168,4275,6168,0,69.3
2026-01-01,NT437,SLOANE HOSPITAL,NHS SOUTH EAST LONDON INTEGRATED CARE BOARD,Independent sector / other,815,660,815,10,81.0
2026-01-01,RH5,SOMERSET NHS FOUNDATION TRUST,NHS SOMERSET INTEGRATED CARE BOARD,NHS trust,53143,32864,53143,1195,61.8
2026-01-01,NFH,SOMERSET SURGICAL SERVICES HQ,"NHS BRISTOL, NORTH SOMERSET AND SOUTH GLOUCESTERSHIRE INTEGRATED CARE BOARD",Independent sector / other,1249,1115,1249,2,89.3
2026-01-01,RTR,SOUTH TEES HOSPITALS NHS FOUNDATION TRUST,NHS NORTH EAST AND NORTH CUMBRIA INTEGRATED CARE BOARD,NHS trust,56025,34772,56025,996,62.1
2026-01-01,R0B,SOUTH TYNESIDE AND SUNDERLAND NHS FOUNDATION TRUST,NHS NORTH EAST AND NORTH CUMBRIA INTEGRATED CARE BOARD,NHS trust,57271,42925,57271,8,75.0
2026-01-01,RJC,SOUTH WARWICKSHIRE UNIVERSITY NHS FOUNDATION TRUST,NHS COVENTRY AND WARWICKSHIRE INTEGRATED CARE BOARD,NHS trust,30329,19939,30329,418,65.7
2026-01-01,RXG,SOUTH WEST YORKSHIRE PARTNERSHIP NHS FOUNDATION TRUST,NHS WEST YORKSHIRE INTEGRATED CARE BOARD,NHS trust,4029,3868,4029,0,96.0
2026-01-01,NT490,SOUTHEND PRIVATE HOSPITAL,NHS MID AND SOUTH ESSEX INTEGRATED CARE BOARD,Independent sector / other,1433,1008,1433,0,70.3
2026-01-01,NPG19,SPAMEDICA BEDFORD,"NHS BEDFORDSHIRE, LUTON AND MILTON KEYNES INTEGRATED CARE BOARD",Independent sector / other,260,242,260,0,93.1
2026-01-01,D5P5H,SPAMEDICA BEXHILL,NHS SUSSEX INTEGRATED CARE BOARD,Independent sector / other,241,233,241,0,96.7
2026-01-01,NPG11,SPAMEDICA BIRMINGHAM,NHS BIRMINGHAM AND SOLIHULL INTEGRATED CARE BOARD,Independent sector / other,693,643,693,0,92.8
2026-01-01,C3Y0A,SPAMEDICA BLACKPOOL,NHS LANCASHIRE AND SOUTH CUMBRIA INTEGRATED CARE BOARD,Independent sector / other,180,163,180,0,90.6
2026-01-01,NPG08,SPAMEDICA BOLTON,NHS GREATER MANCHESTER INTEGRATED CARE BOARD,Independent sector / other,573,559,573,0,97.6
2026-01-01,I2C7H,SPAMEDICA BRADFORD,NHS WEST YORKSHIRE INTEGRATED CARE BOARD,Independent sector / other,179,153,179,0,85.5
2026-01-01,I9A4A,SPAMEDICA BRIGHTON,NHS SUSSEX INTEGRATED CARE BOARD,Independent sector / other,274,246,274,0,89.8
2026-01-01,P1B7M,SPAMEDICA BRISTOL,"NHS BRISTOL, NORTH SOMERSET AND SOUTH GLOUCESTERSHIRE INTEGRATED CARE BOARD",Independent sector / other,112,99,112,0,88.4
2026-01-01,Y8L9S,SPAMEDICA BROMLEY,NHS SOUTH EAST LONDON INTEGRATED CARE BOARD,Independent sector / other,324,289,324,0,89.2
2026-01-01,O6X7Z,SPAMEDICA CAMBRIDGE,NHS CAMBRIDGESHIRE AND PETERBOROUGH INTEGRATED CARE BOARD,Independent sector / other,373,346,373,0,92.8
2026-01-01,E1U4T,SPAMEDICA CARLISLE,NHS NORTH EAST AND NORTH CUMBRIA INTEGRATED CARE BOARD,Independent sector / other,489,474,489,0,96.9
2026-01-01,NPG16,SPAMEDICA CHELMSFORD,NHS MID AND SOUTH ESSEX INTEGRATED CARE BOARD,Independent sector / other,530,477,530,0,90.0
2026-01-01,V4U1Y,SPAMEDICA CHESTER,NHS CHESHIRE AND MERSEYSIDE INTEGRATED CARE BOARD,Independent sector / other,204,184,204,1,90.2
2026-01-01,T4I8V,SPAMEDICA CHESTERFIELD,NHS DERBY AND DERBYSHIRE INTEGRATED CARE BOARD,Independent sector / other,161,152,161,0,94.4
2026-01-01,J2H6H,SPAMEDICA COLCHESTER,NHS SUFFOLK AND NORTH EAST ESSEX INTEGRATED CARE BOARD,Independent sector / other,146,135,146,0,92.5
2026-01-01,NPG21,SPAMEDICA COVENTRY,NHS COVENTRY AND WARWICKSHIRE INTEGRATED CARE BOARD,Independent sector / other,405,367,405,0,90.6
2026-01-01,N1N0Y,SPAMEDICA CROYDON,NHS SOUTH WEST LONDON INTEGRATED CARE BOARD,Independent sector / other,110,97,110,0,88.2
2026-01-01,V8N5R,SPAMEDICA DALSTON,NHS NORTH EAST LONDON INTEGRATED CARE BOARD,Independent sector / other,350,320,350,0,91.4
2026-01-01,NPG23,SPAMEDICA DERBY,NHS DERBY AND DERBYSHIRE INTEGRATED CARE BOARD,Independent sector / other,215,187,215,0,87.0
2026-01-01,T8V3L,SPAMEDICA DONCASTER,NHS SOUTH YORKSHIRE INTEGRATED CARE BOARD,Independent sector / other,167,147,167,1,88.0
2026-01-01,H4Y7F,SPAMEDICA DORCHESTER,NHS DORSET INTEGRATED CARE BOARD,Independent sector / other,223,217,223,0,97.3
2026-01-01,M7C9Q,SPAMEDICA EPSOM,NHS SURREY HEARTLANDS INTEGRATED CARE BOARD,Independent sector / other,268,261,268,0,97.4
2026-01-01,M5E1S,SPAMEDICA EXETER,NHS DEVON INTEGRATED CARE BOARD,Independent sector / other,303,272,303,0,89.8
2026-01-01,NPG07,SPAMEDICA EYE HOSPITAL (WAKEFIELD),NHS WEST YORKSHIRE INTEGRATED CARE BOARD,Independent sector / other,568,533,568,1,93.8
2026-01-01,Z9Z1G,SPAMEDICA GATESHEAD,NHS NORTH EAST AND NORTH CUMBRIA INTEGRATED CARE BOARD,Independent sector / other,338,325,338,0,96.2
2026-01-01,A0C5S,SPAMEDICA GLOUCESTER,NHS GLOUCESTERSHIRE INTEGRATED CARE BOARD,Independent sector / other,49,40,49,0,81.6
2026-01-01,F4B0R,SPAMEDICA GUILDFORD,NHS SURREY HEARTLANDS INTEGRATED CARE BOARD,Independent sector / other,10,10,10,0,100.0
2026-01-01,Z5J5V,SPAMEDICA HAYDOCK,NHS CHESHIRE AND MERSEYSIDE INTEGRATED CARE BOARD,Independent sector / other,248,227,248,0,91.5
2026-01-01,J0M7P,SPAMEDICA HEREFORD DIAGNOSTIC AND TREATMENT CENTRE,NHS HEREFORDSHIRE AND WORCESTERSHIRE INTEGRATED CARE BOARD,Independent sector / other,24,22,24,0,91.7
2026-01-01,NPG18,SPAMEDICA HULL,NHS HUMBER AND NORTH YORKSHIRE INTEGRATED CARE BOARD,Independent sector / other,393,388,393,0,98.7
2026-01-01,Q8X0X,SPAMEDICA ISLE OF WIGHT COMMUNITY DIAGNOSTIC & TREATMENT CENTRE,NHS HAMPSHIRE AND ISLE OF WIGHT INTEGRATED CARE BOARD,Independent sector / other,16,14,16,0,87.5
2026-01-01,R1G7E,SPAMEDICA KENDAL,NHS LANCASHIRE AND SOUTH CUMBRIA INTEGRATED CARE BOARD,Independent sector / other,238,233,238,0,97.9
2026-01-01,P0C3F,SPAMEDICA LEEDS,NHS WEST YORKSHIRE INTEGRATED CARE BOARD,Independent sector / other,261,253,261,0,96.9
2026-01-01,L9D3Z,SPAMEDICA LEICESTER,"NHS LEICESTER, LEICESTERSHIRE AND RUTLAND INTEGRATED CARE BOARD",Independent sector / other,222,215,222,0,96.8
2026-01-01,NPG06,SPAMEDICA LIVERPOOL,NHS CHESHIRE AND MERSEYSIDE INTEGRATED CARE BOARD,Independent sector / other,276,237,276,0,85.9
2026-01-01,K9J3O,SPAMEDICA LUTON,"NHS BEDFORDSHIRE, LUTON AND MILTON KEYNES INTEGRATED CARE BOARD",Independent sector / other,236,212,236,0,89.8
2026-01-01,R6X7C,SPAMEDICA MACCLESFIELD COMMUNITY DIAGNOSTIC & TREATMENT CENTRE,NHS CHESHIRE AND MERSEYSIDE INTEGRATED CARE BOARD,Independent sector / other,11,11,11,0,100.0
2026-01-01,NPG01,SPAMEDICA MANCHESTER,NHS GREATER MANCHESTER INTEGRATED CARE BOARD,Independent sector / other,300,280,300,0,93.3
2026-01-01,G3O5P,SPAMEDICA NEWARK,NHS NOTTINGHAM AND NOTTINGHAMSHIRE INTEGRATED CARE BOARD,Independent sector / other,428,389,428,0,90.9
2026-01-01,NPG15,SPAMEDICA NEWCASTLE-UNDER-LYME,NHS STAFFORDSHIRE AND STOKE-ON-TRENT INTEGRATED CARE BOARD,Independent sector / other,215,208,215,0,96.7
2026-01-01,G5X2Q,SPAMEDICA NORTH TYNESIDE,NHS NORTH EAST AND NORTH CUMBRIA INTEGRATED CARE BOARD,Independent sector / other,314,292,314,0,93.0
2026-01-01,M3R0W,SPAMEDICA NORWICH,NHS NORFOLK AND WAVENEY INTEGRATED CARE BOARD,Independent sector / other,288,277,288,0,96.2
2026-01-01,O1P6X,SPAMEDICA OLDHAM,NHS GREATER MANCHESTER INTEGRATED CARE BOARD,Independent sector / other,486,453,486,0,93.2
2026-01-01,O5Y9D,SPAMEDICA OXFORD,"NHS BUCKINGHAMSHIRE, OXFORDSHIRE AND BERKSHIRE WEST INTEGRATED CARE BOARD",Independent sector / other,194,180,194,0,92.8
2026-01-01,B9J4U,SPAMEDICA PETERBOROUGH,NHS CAMBRIDGESHIRE AND PETERBOROUGH INTEGRATED CARE BOARD,Independent sector / other,280,259,280,0,92.5
2026-01-01,L6O7H,SPAMEDICA POOLE,NHS DORSET INTEGRATED CARE BOARD,Independent sector / other,493,459,493,0,93.1
2026-01-01,A1U4J,SPAMEDICA PORTSMOUTH,NHS HAMPSHIRE AND ISLE OF WIGHT INTEGRATED CARE BOARD,Independent sector / other,163,147,163,0,90.2
2026-01-01,NPG17,SPAMEDICA PRESTON,NHS LANCASHIRE AND SOUTH CUMBRIA INTEGRATED CARE BOARD,Independent sector / other,173,161,173,0,93.1
2026-01-01,B4N1U,SPAMEDICA ROMFORD,NHS NORTH EAST LONDON INTEGRATED CARE BOARD,Independent sector / other,375,337,375,0,89.9
2026-01-01,I1H7K,SPAMEDICA SALE,NHS GREATER MANCHESTER INTEGRATED CARE BOARD,Independent sector / other,155,149,155,0,96.1
2026-01-01,NPG10,SPAMEDICA SHEFFIELD,NHS SOUTH YORKSHIRE INTEGRATED CARE BOARD,Independent sector / other,371,348,371,0,93.8
2026-01-01,V8A3H,SPAMEDICA SHEFFIELD COMMUNITY DIAGNOSTIC & TREATMENT CENTRE,NHS SOUTH YORKSHIRE INTEGRATED CARE BOARD,Independent sector / other,1,1,1,0,100.0
2026-01-01,M0N7E,SPAMEDICA SITTINGBOURNE,NHS KENT AND MEDWAY INTEGRATED CARE BOARD,Independent sector / other,156,142,156,0,91.0
2026-01-01,NPG13,SPAMEDICA SKELMERSDALE,NHS LANCASHIRE AND SOUTH CUMBRIA INTEGRATED CARE BOARD,Independent sector / other,56,47,56,0,83.9
2026-01-01,J7V1N,SPAMEDICA SOLIHULL,NHS BIRMINGHAM AND SOLIHULL INTEGRATED CARE BOARD,Independent sector / other,385,344,385,0,89.4
2026-01-01,B9M3W,SPAMEDICA SOUTHAMPTON,NHS HAMPSHIRE AND ISLE OF WIGHT INTEGRATED CARE BOARD,Independent sector / other,414,232,414,3,56.0
2026-01-01,K3V9U,SPAMEDICA STEVENAGE COMMUNITY DIAGNOSTIC & TREATMENT CENTRE,NHS HERTFORDSHIRE AND WEST ESSEX INTEGRATED CARE BOARD,Independent sector / other,5,5,5,0,100.0
2026-01-01,NPG22,SPAMEDICA STOCKTON-ON-TEES,NHS NORTH EAST AND NORTH CUMBRIA INTEGRATED CARE BOARD,Independent sector / other,342,329,342,0,96.2
2026-01-01,H1T2P,SPAMEDICA SWINDON,"NHS BATH AND NORTH EAST SOMERSET, SWINDON AND WILTSHIRE INTEGRATED CARE BOARD",Independent sector / other,51,48,51,0,94.1
2026-01-01,G6S7A,SPAMEDICA TAUNTON,NHS SOMERSET INTEGRATED CARE BOARD,Independent sector / other,690,638,690,0,92.5
2026-01-01,V5F1D,SPAMEDICA TELFORD,"NHS SHROPSHIRE, TELFORD AND WREKIN INTEGRATED CARE BOARD",Independent sector / other,373,324,373,0,86.9
2026-01-01,E3D4A,SPAMEDICA TRURO,NHS CORNWALL AND THE ISLES OF SCILLY INTEGRATED CARE BOARD,Independent sector / other,286,280,286,0,97.9
2026-01-01,Q1W6P,SPAMEDICA WATFORD,NHS HERTFORDSHIRE AND WEST ESSEX INTEGRATED CARE BOARD,Independent sector / other,289,271,289,0,93.8
2026-01-01,A1D1B,SPAMEDICA WEMBLEY,NHS NORTH WEST LONDON INTEGRATED CARE BOARD,Independent sector / other,258,247,258,0,95.7
2026-01-01,NPG14,SPAMEDICA WIDNES,NHS CHESHIRE AND MERSEYSIDE INTEGRATED CARE BOARD,Independent sector / other,212,192,212,0,90.6
2026-01-01,NPG02,SPAMEDICA WIRRAL,NHS CHESHIRE AND MERSEYSIDE INTEGRATED CARE BOARD,Independent sector / other,275,266,275,0,96.7
2026-01-01,T8R5I,SPAMEDICA WOKINGHAM,"NHS BUCKINGHAMSHIRE, OXFORDSHIRE AND BERKSHIRE WEST INTEGRATED CARE BOARD",Independent sector / other,232,220,232,0,94.8
2026-01-01,NPG20,SPAMEDICA WOLVERHAMPTON,NHS BLACK COUNTRY INTEGRATED CARE BOARD,Independent sector / other,509,465,509,0,91.4
2026-01-01,J3X4C,SPAMEDICA WORCESTER,NHS HEREFORDSHIRE AND WORCESTERSHIRE INTEGRATED CARE BOARD,Independent sector / other,347,301,347,0,86.7
2026-01-01,NN8,SPENCER PRIVATE HOSPITALS LTD,NHS KENT AND MEDWAY INTEGRATED CARE BOARD,Independent sector / other,3496,2055,3496,73,58.8
2026-01-01,NT312,SPIRE ALEXANDRA HOSPITAL,NHS KENT AND MEDWAY INTEGRATED CARE BOARD,Independent sector / other,1155,920,1155,1,79.7
2026-01-01,NT302,SPIRE BRISTOL HOSPITAL,"NHS BRISTOL, NORTH SOMERSET AND SOUTH GLOUCESTERSHIRE INTEGRATED CARE BOARD",Independent sector / other,818,483,818,13,59.0
2026-01-01,NT315,SPIRE BUSHEY HOSPITAL,NHS HERTFORDSHIRE AND WEST ESSEX INTEGRATED CARE BOARD,Independent sector / other,1232,1214,1232,0,98.5
2026-01-01,NT317,SPIRE CAMBRIDGE LEA HOSPITAL,NHS CAMBRIDGESHIRE AND PETERBOROUGH INTEGRATED CARE BOARD,Independent sector / other,209,146,209,2,69.9
2026-01-01,NT324,SPIRE CHESHIRE HOSPITAL,NHS CHESHIRE AND MERSEYSIDE INTEGRATED CARE BOARD,Independent sector / other,1369,1180,1369,2,86.2
2026-01-01,NT345,SPIRE CLARE PARK HOSPITAL,NHS FRIMLEY INTEGRATED CARE BOARD,Independent sector / other,368,164,368,6,44.6
2026-01-01,NT344,SPIRE DUNEDIN HOSPITAL,"NHS BUCKINGHAMSHIRE, OXFORDSHIRE AND BERKSHIRE WEST INTEGRATED CARE BOARD",Independent sector / other,297,258,297,1,86.9
2026-01-01,NT348,SPIRE ELLAND HOSPITAL,NHS WEST YORKSHIRE INTEGRATED CARE BOARD,Independent sector / other,1553,1193,1553,4,76.8
2026-01-01,NT347,SPIRE FYLDE COAST HOSPITAL,NHS LANCASHIRE AND SOUTH CUMBRIA INTEGRATED CARE BOARD,Independent sector / other,4631,3292,4631,18,71.1
2026-01-01,NT308,SPIRE GATWICK PARK HOSPITAL,NHS SURREY HEARTLANDS INTEGRATED CARE BOARD,Independent sector / other,1140,805,1140,7,70.6
2026-01-01,NT316,SPIRE HARPENDEN HOSPITAL,NHS HERTFORDSHIRE AND WEST ESSEX INTEGRATED CARE BOARD,Independent sector / other,616,547,616,0,88.8
2026-01-01,NT319,SPIRE HARTSWOOD HOSPITAL,NHS MID AND SOUTH ESSEX INTEGRATED CARE BOARD,Independent sector / other,1270,914,1270,3,72.0
2026-01-01,NT351,SPIRE HULL AND EAST RIDING HOSPITAL,NHS HUMBER AND NORTH YORKSHIRE INTEGRATED CARE BOARD,Independent sector / other,2717,1817,2717,0,66.9
2026-01-01,NT332,SPIRE LEEDS HOSPITAL,NHS WEST YORKSHIRE INTEGRATED CARE BOARD,Independent sector / other,984,862,984,2,87.6
2026-01-01,NT322,SPIRE LEICESTER HOSPITAL,"NHS LEICESTER, LEICESTERSHIRE AND RUTLAND INTEGRATED CARE BOARD",Independent sector / other,1115,769,1115,17,69.0
2026-01-01,NT321,SPIRE LITTLE ASTON HOSPITAL,NHS STAFFORDSHIRE AND STOKE-ON-TRENT INTEGRATED CARE BOARD,Independent sector / other,1342,1114,1342,6,83.0
2026-01-01,NT337,SPIRE LIVERPOOL HOSPITAL,NHS CHESHIRE AND MERSEYSIDE INTEGRATED CARE BOARD,Independent sector / other,3373,2686,3373,5,79.6
2026-01-01,NT314,SPIRE LONDON EAST,NHS NORTH EAST LONDON INTEGRATED CARE BOARD,Independent sector / other,2761,1676,2761,28,60.7
2026-01-01,NT327,SPIRE MANCHESTER HOSPITAL,NHS GREATER MANCHESTER INTEGRATED CARE BOARD,Independent sector / other,1113,615,1113,11,55.3
2026-01-01,NT350,SPIRE METHLEY PARK HOSPITAL,NHS WEST YORKSHIRE INTEGRATED CARE BOARD,Independent sector / other,941,789,941,2,83.8
2026-01-01,NT364,SPIRE MONTEFIORE HOSPITAL,NHS SUSSEX INTEGRATED CARE BOARD,Independent sector / other,797,401,797,32,50.3
2026-01-01,NT325,SPIRE MURRAYFIELD HOSPITAL,NHS CHESHIRE AND MERSEYSIDE INTEGRATED CARE BOARD,Independent sector / other,830,735,830,0,88.6
2026-01-01,NT318,SPIRE NORWICH HOSPITAL,NHS NORFOLK AND WAVENEY INTEGRATED CARE BOARD,Independent sector / other,542,511,542,0,94.3
2026-01-01,NT30A,SPIRE NOTTINGHAM HOSPITAL,NHS NOTTINGHAM AND NOTTINGHAMSHIRE INTEGRATED CARE BOARD,Independent sector / other,774,694,774,0,89.7
2026-01-01,NT320,SPIRE PARKWAY HOSPITAL,NHS BIRMINGHAM AND SOLIHULL INTEGRATED CARE BOARD,Independent sector / other,1373,938,1373,2,68.3
2026-01-01,NT305,SPIRE PORTSMOUTH HOSPITAL,NHS HAMPSHIRE AND ISLE OF WIGHT INTEGRATED CARE BOARD,Independent sector / other,457,253,457,1,55.4
2026-01-01,NT339,SPIRE REGENCY HOSPITAL,NHS CHESHIRE AND MERSEYSIDE INTEGRATED CARE BOARD,Independent sector / other,1820,1750,1820,0,96.2
2026-01-01,NT301,SPIRE SOUTH BANK HOSPITAL,NHS HEREFORDSHIRE AND WORCESTERSHIRE INTEGRATED CARE BOARD,Independent sector / other,951,735,951,2,77.3
2026-01-01,NT304,SPIRE SOUTHAMPTON HOSPITAL,NHS HAMPSHIRE AND ISLE OF WIGHT INTEGRATED CARE BOARD,Independent sector / other,367,159,367,4,43.3
2026-01-01,NT3X3,SPIRE ST ANTHONY'S HOSPITAL,NHS SOUTH WEST LONDON INTEGRATED CARE BOARD,Independent sector / other,872,792,872,5,90.8
2026-01-01,NT343,SPIRE THAMES VALLEY HOSPITAL,"NHS BUCKINGHAMSHIRE, OXFORDSHIRE AND BERKSHIRE WEST INTEGRATED CARE BOARD",Independent sector / other,379,188,379,9,49.6
2026-01-01,NT333,SPIRE WASHINGTON HOSPITAL,NHS NORTH EAST AND NORTH CUMBRIA INTEGRATED CARE BOARD,Independent sector / other,1592,1218,1592,19,76.5
2026-01-01,NT313,SPIRE WELLESLEY HOSPITAL,NHS MID AND SOUTH ESSEX INTEGRATED CARE BOARD,Independent sector / other,1313,719,1313,19,54.8
2026-01-01,NVC18,SPRINGFIELD HOSPITAL,NHS MID AND SOUTH ESSEX INTEGRATED CARE BOARD,Independent sector / other,5105,3784,5105,182,74.1
2026-01-01,NT446,ST EDMUNDS HOSPITAL,NHS SUFFOLK AND NORTH EAST ESSEX INTEGRATED CARE BOARD,Independent sector / other,571,353,571,5,61.8
2026-01-01,RJ7,ST GEORGE'S UNIVERSITY HOSPITALS NHS FOUNDATION TRUST,NHS SOUTH WEST LONDON INTEGRATED CARE BOARD,NHS trust,68049,41164,68049,918,60.5
2026-01-01,NTE02,ST HUGH'S HOSPITAL,NHS HUMBER AND NORTH YORKSHIRE INTEGRATED CARE BOARD,Independent sector / other,1998,1573,1998,4,78.7
2026-01-01,NQT5K,ST MARTINS HOSPITAL,"NHS BATH AND NORTH EAST SOMERSET, SWINDON AND WILTSHIRE INTEGRATED CARE BOARD",Independent sector / other,119,90,119,0,75.6
2026-01-01,AHP,ST MICHAEL'S CLINIC LIMITED,"NHS SHROPSHIRE, TELFORD AND WREKIN INTEGRATED CARE BOARD",Independent sector / other,1656,1079,1656,10,65.2
2026-01-01,NHW,STANDARD HEALTH LTD,NHS NORTH WEST LONDON INTEGRATED CARE BOARD,Independent sector / other,103,76,103,0,73.8
2026-01-01,RWJ,STOCKPORT NHS FOUNDATION TRUST,NHS GREATER MANCHESTER INTEGRATED CARE BOARD,NHS trust,34328,20444,34328,456,59.6
2026-01-01,NVC1H,STOURSIDE HOSPITAL,NHS BLACK COUNTRY INTEGRATED CARE BOARD,Independent sector / other,3405,2266,3405,17,66.5
2026-01-01,NDL01,SUFFOLK GP FEDERATION,NHS SUFFOLK AND NORTH EAST ESSEX INTEGRATED CARE BOARD,Independent sector / other,109,108,109,0,99.1
2026-01-01,G3Z1Q,SULIS HOSPITAL BATH (FOXCOTE AVENUE),"NHS BATH AND NORTH EAST SOMERSET, SWINDON AND WILTSHIRE INTEGRATED CARE BOARD",Independent sector / other,3648,2763,3648,17,75.7
2026-01-01,RTP,SURREY AND SUSSEX HEALTHCARE NHS TRUST,NHS SURREY HEARTLANDS INTEGRATED CARE BOARD,NHS trust,46784,29338,46784,707,62.7
2026-01-01,NYG,SUSSEX COMMUNITY DERMATOLOGY SERVICE,NHS SUSSEX INTEGRATED CARE BOARD,Independent sector / other,15436,10969,15436,4,71.1
2026-01-01,RDR,SUSSEX COMMUNITY NHS FOUNDATION TRUST,NHS SUSSEX INTEGRATED CARE BOARD,NHS trust,14410,9104,14410,176,63.2
2026-01-01,RMP,TAMESIDE AND GLOSSOP INTEGRATED CARE NHS FOUNDATION TRUST,NHS GREATER MANCHESTER INTEGRATED CARE BOARD,NHS trust,16987,12458,16987,0,73.3
2026-01-01,NVC0R,TEES VALLEY HOSPITAL,NHS NORTH EAST AND NORTH CUMBRIA INTEGRATED CARE BOARD,Independent sector / other,4292,3277,4292,2,76.4
2026-01-01,AAH,TETBURY HOSPITAL TRUST LTD,NHS GLOUCESTERSHIRE INTEGRATED CARE BOARD,Independent sector / other,313,277,313,2,88.5
2026-01-01,NVC02,THE BERKSHIRE INDEPENDENT HOSPITAL,"NHS BUCKINGHAMSHIRE, OXFORDSHIRE AND BERKSHIRE WEST INTEGRATED CARE BOARD",Independent sector / other,1006,775,1006,0,77.0
2026-01-01,NVC25,THE CHERWELL HOSPITAL,"NHS BUCKINGHAMSHIRE, OXFORDSHIRE AND BERKSHIRE WEST INTEGRATED CARE BOARD",Independent sector / other,2132,1404,2132,9,65.9
2026-01-01,RBV,THE CHRISTIE NHS FOUNDATION TRUST,NHS GREATER MANCHESTER INTEGRATED CARE BOARD,NHS trust,3508,3421,3508,2,97.5
2026-01-01,REN,THE CLATTERBRIDGE CANCER CENTRE NHS FOUNDATION TRUST,NHS CHESHIRE AND MERSEYSIDE INTEGRATED CARE BOARD,NHS trust,969,929,969,0,95.9
2026-01-01,RNA,THE DUDLEY GROUP NHS FOUNDATION TRUST,NHS BLACK COUNTRY INTEGRATED CARE BOARD,NHS trust,46691,28482,46691,33,61.0
2026-01-01,AJ8,THE GRANGE MEDICAL CENTRE HQ,NHS WEST YORKSHIRE INTEGRATED CARE BOARD,Independent sector / other,311,311,311,0,100.0
2026-01-01,S3H9L,THE HAMPTONS HOSPITAL LTD,NHS CAMBRIDGESHIRE AND PETERBOROUGH INTEGRATED CARE BOARD,Independent sector / other,1669,674,1669,31,40.4
2026-01-01,RAS,THE HILLINGDON HOSPITALS NHS FOUNDATION TRUST,NHS NORTH WEST LONDON INTEGRATED CARE BOARD,NHS trust,33461,20191,33461,275,60.3
2026-01-01,NXM01,THE HORDER CENTRE - ST JOHNS ROAD,NHS SUSSEX INTEGRATED CARE BOARD,Independent sector / other,1401,845,1401,6,60.3
2026-01-01,DX1,THE NEW FOSCOTE HOSPITAL LTD,NHS NORTH CENTRAL LONDON INTEGRATED CARE BOARD,Independent sector / other,331,314,331,0,94.9
2026-01-01,RTD,THE NEWCASTLE UPON TYNE HOSPITALS NHS FOUNDATION TRUST,NHS NORTH EAST AND NORTH CUMBRIA INTEGRATED CARE BOARD,NHS trust,83929,59559,83929,930,71.0
2026-01-01,NTX,THE ONE HEALTH GROUP PLC,NHS SOUTH YORKSHIRE INTEGRATED CARE BOARD,Independent sector / other,5398,3980,5398,29,73.7
2026-01-01,RQW,THE PRINCESS ALEXANDRA HOSPITAL NHS TRUST,NHS HERTFORDSHIRE AND WEST ESSEX INTEGRATED CARE BOARD,NHS trust,40165,22493,40165,1659,56.0
2026-01-01,RCX,"THE QUEEN ELIZABETH HOSPITAL, KING'S LYNN, NHS FOUNDATION TRUST",NHS NORFOLK AND WAVENEY INTEGRATED CARE BOARD,NHS trust,26144,14092,26144,400,53.9
2026-01-01,RL1,THE ROBERT JONES AND AGNES HUNT ORTHOPAEDIC HOSPITAL NHS FOUNDATION TRUST,"NHS SHROPSHIRE, TELFORD AND WREKIN INTEGRATED CARE BOARD",NHS trust,26409,12722,26409,3311,48.2
2026-01-01,RFR,THE ROTHERHAM NHS FOUNDATION TRUST,NHS SOUTH YORKSHIRE INTEGRATED CARE BOARD,NHS trust,29665,19645,29665,496,66.2
2026-01-01,DJH01,THE ROYAL BUCKINGHAMSHIRE HOSPITAL LTD,"NHS BUCKINGHAMSHIRE, OXFORDSHIRE AND BERKSHIRE WEST INTEGRATED CARE BOARD",Independent sector / other,42,40,42,0,95.2
2026-01-01,RPY,THE ROYAL MARSDEN NHS FOUNDATION TRUST,NHS NORTH WEST LONDON INTEGRATED CARE BOARD,NHS trust,1907,1794,1907,1,94.1
2026-01-01,RRJ,THE ROYAL ORTHOPAEDIC HOSPITAL NHS FOUNDATION TRUST,NHS BIRMINGHAM AND SOLIHULL INTEGRATED CARE BOARD,NHS trust,13062,8140,13062,171,62.3
2026-01-01,RL4,THE ROYAL WOLVERHAMPTON NHS TRUST,NHS BLACK COUNTRY INTEGRATED CARE BOARD,NHS trust,79019,44414,79019,2110,56.2
2026-01-01,RXW,THE SHREWSBURY AND TELFORD HOSPITAL NHS TRUST,"NHS SHROPSHIRE, TELFORD AND WREKIN INTEGRATED CARE BOARD",NHS trust,33637,21149,33637,31,62.9
2026-01-01,DPK,THE STONEYGATE EYE HOSPITAL,"NHS LEICESTER, LEICESTERSHIRE AND RUTLAND INTEGRATED CARE BOARD",Independent sector / other,539,509,539,0,94.4
2026-01-01,RET,THE WALTON CENTRE NHS FOUNDATION TRUST,NHS CHESHIRE AND MERSEYSIDE INTEGRATED CARE BOARD,NHS trust,16427,10198,16427,221,62.1
2026-01-01,NVC44,THE WESTBOURNE CENTRE,NHS BIRMINGHAM AND SOLIHULL INTEGRATED CARE BOARD,Independent sector / other,3505,1920,3505,23,54.8
2026-01-01,NVC20,THE YORKSHIRE CLINIC,NHS WEST YORKSHIRE INTEGRATED CARE BOARD,Independent sector / other,7063,5183,7063,42,73.4
2026-01-01,NT440,THORNBURY HOSPITAL,NHS SOUTH YORKSHIRE INTEGRATED CARE BOARD,Independent sector / other,631,459,631,2,72.7
2026-01-01,NT441,THREE SHIRES HOSPITAL,NHS NORTHAMPTONSHIRE INTEGRATED CARE BOARD,Independent sector / other,3467,2061,3467,52,59.4
2026-01-01,RA9,TORBAY AND SOUTH DEVON NHS FOUNDATION TRUST,NHS DEVON INTEGRATED CARE BOARD,NHS trust,33056,22149,33056,589,67.0
2026-01-01,NN4,TYNESIDE SURGICAL SERVICES LTD,NHS NORTH EAST AND NORTH CUMBRIA INTEGRATED CARE BOARD,Independent sector / other,1476,1159,1476,0,78.5
2026-01-01,RWD,UNITED LINCOLNSHIRE TEACHING HOSPITALS NHS TRUST,NHS LINCOLNSHIRE INTEGRATED CARE BOARD,NHS trust,67366,36433,67366,510,54.1
2026-01-01,RRV,UNIVERSITY COLLEGE LONDON HOSPITALS NHS FOUNDATION TRUST,NHS NORTH CENTRAL LONDON INTEGRATED CARE BOARD,NHS trust,76073,45985,76073,1117,60.4
2026-01-01,RHM,UNIVERSITY HOSPITAL SOUTHAMPTON NHS FOUNDATION TRUST,NHS HAMPSHIRE AND ISLE OF WIGHT INTEGRATED CARE BOARD,NHS trust,62675,37718,62675,1529,60.2
2026-01-01,RRK,UNIVERSITY HOSPITALS BIRMINGHAM NHS FOUNDATION TRUST,NHS BIRMINGHAM AND SOLIHULL INTEGRATED CARE BOARD,NHS trust,93311,57133,93311,734,61.2
2026-01-01,RA7,UNIVERSITY HOSPITALS BRISTOL AND WESTON NHS FOUNDATION TRUST,"NHS BRISTOL, NORTH SOMERSET AND SOUTH GLOUCESTERSHIRE INTEGRATED CARE BOARD",NHS trust,50520,33975,50520,490,67.3
2026-01-01,RKB,UNIVERSITY HOSPITALS COVENTRY AND WARWICKSHIRE NHS TRUST,NHS COVENTRY AND WARWICKSHIRE INTEGRATED CARE BOARD,NHS trust,69797,39004,69797,1950,55.9
2026-01-01,R0D,UNIVERSITY HOSPITALS DORSET NHS FOUNDATION TRUST,NHS DORSET INTEGRATED CARE BOARD,NHS trust,65960,41718,65960,1529,63.2
2026-01-01,RTG,UNIVERSITY HOSPITALS OF DERBY AND BURTON NHS FOUNDATION TRUST,NHS DERBY AND DERBYSHIRE INTEGRATED CARE BOARD,NHS trust,97678,55837,97678,1924,57.2
2026-01-01,RWE,UNIVERSITY HOSPITALS OF LEICESTER NHS TRUST,"NHS LEICESTER, LEICESTERSHIRE AND RUTLAND INTEGRATED CARE BOARD",NHS trust,105825,54683,105825,2714,51.7
2026-01-01,RTX,UNIVERSITY HOSPITALS OF MORECAMBE BAY NHS FOUNDATION TRUST,NHS LANCASHIRE AND SOUTH CUMBRIA INTEGRATED CARE BOARD,NHS trust,35369,23832,35369,523,67.4
2026-01-01,RJE,UNIVERSITY HOSPITALS OF NORTH MIDLANDS NHS TRUST,NHS STAFFORDSHIRE AND STOKE-ON-TRENT INTEGRATED CARE BOARD,NHS trust,65506,40526,65506,1248,61.9
2026-01-01,RK9,UNIVERSITY HOSPITALS PLYMOUTH NHS TRUST,NHS DEVON INTEGRATED CARE BOARD,NHS trust,47943,29495,47943,1077,61.5
2026-01-01,RYR,UNIVERSITY HOSPITALS SUSSEX NHS FOUNDATION TRUST,NHS SUSSEX INTEGRATED CARE BOARD,NHS trust,116190,58856,116190,4961,50.7
2026-01-01,NRF,UNIVERSITY OF SOUTHAMPTON AUDITORY IMPLANT SERVICE,NHS HAMPSHIRE AND ISLE OF WIGHT INTEGRATED CARE BOARD,Independent sector / other,138,81,138,8,58.7
2026-01-01,AQK,VERNOVA HEALTHCARE COMMUNITY INTEREST COMPANY,NHS CHESHIRE AND MERSEYSIDE INTEGRATED CARE BOARD,Independent sector / other,269,223,269,0,82.9
2026-01-01,RBK,WALSALL HEALTHCARE NHS TRUST,NHS BLACK COUNTRY INTEGRATED CARE BOARD,NHS trust,29574,20493,29574,16,69.3
2026-01-01,RWW,WARRINGTON AND HALTON TEACHING HOSPITALS NHS FOUNDATION TRUST,NHS CHESHIRE AND MERSEYSIDE INTEGRATED CARE BOARD,NHS trust,33269,20455,33269,859,61.5
2026-01-01,RWG,WEST HERTFORDSHIRE TEACHING HOSPITALS NHS TRUST,NHS HERTFORDSHIRE AND WEST ESSEX INTEGRATED CARE BOARD,NHS trust,45074,29193,45074,887,64.8
2026-01-01,NVC21,WEST MIDLANDS HOSPITAL,NHS BLACK COUNTRY INTEGRATED CARE BOARD,Independent sector / other,508,298,508,9,58.7
2026-01-01,RGR,WEST SUFFOLK NHS FOUNDATION TRUST,NHS SUFFOLK AND NORTH EAST ESSEX INTEGRATED CARE BOARD,NHS trust,31925,19997,31925,691,62.6
2026-01-01,RKE,WHITTINGTON HEALTH NHS TRUST,NHS NORTH CENTRAL LONDON INTEGRATED CARE BOARD,NHS trust,27921,16173,27921,434,57.9
2026-01-01,NVC22,WINFIELD HOSPITAL,NHS GLOUCESTERSHIRE INTEGRATED CARE BOARD,Independent sector / other,1197,819,1197,6,68.4
2026-01-01,NT443,WINTERBOURNE HOSPITAL,NHS DORSET INTEGRATED CARE BOARD,Independent sector / other,383,334,383,0,87.2
2026-01-01,RBL,WIRRAL UNIVERSITY TEACHING HOSPITAL NHS FOUNDATION TRUST,NHS CHESHIRE AND MERSEYSIDE INTEGRATED CARE BOARD,NHS trust,46656,27606,46656,1002,59.2
2026-01-01,NVC23,WOODLAND HOSPITAL,NHS NORTHAMPTONSHIRE INTEGRATED CARE BOARD,Independent sector / other,5121,3276,5121,19,64.0
2026-01-01,NT457,WOODLANDS HOSPITAL,NHS NORTH EAST AND NORTH CUMBRIA INTEGRATED CARE BOARD,Independent sector / other,2403,1872,2403,1,77.9
2026-01-01,NVC40,WOODTHORPE HOSPITAL,NHS NOTTINGHAM AND NOTTINGHAMSHIRE INTEGRATED CARE BOARD,Independent sector / other,3866,2821,3866,20,73.0
2026-01-01,RWP,WORCESTERSHIRE ACUTE HOSPITALS NHS TRUST,NHS HEREFORDSHIRE AND WORCESTERSHIRE INTEGRATED CARE BOARD,NHS trust,56341,32271,56341,744,57.3
2026-01-01,RRF,"WRIGHTINGTON, WIGAN AND LEIGH TEACHING HOSPITALS NHS FOUNDATION TRUST",NHS GREATER MANCHESTER INTEGRATED CARE BOARD,NHS trust,45566,26432,45566,1107,58.0
2026-01-01,RLQ,WYE VALLEY NHS TRUST,NHS HEREFORDSHIRE AND WORCESTERSHIRE INTEGRATED CARE BOARD,NHS trust,25888,16240,25888,754,62.7
2026-01-01,RCB,YORK AND SCARBOROUGH TEACHING HOSPITALS NHS FOUNDATION TRUST,NHS HUMBER AND NORTH YORKSHIRE INTEGRATED CARE BOARD,NHS trust,56771,30703,56771,1311,54.1
2026-02-01,NPR01,ABOUT HEALTH HQ,NHS SOMERSET INTEGRATED CARE BOARD,Independent sector / other,1347,1346,1347,0,99.9
2026-02-01,S0L9O,ACES BIRMINGHAM,NHS BIRMINGHAM AND SOLIHULL INTEGRATED CARE BOARD,Independent sector / other,18,16,18,0,88.9
2026-02-01,D1V5N,ACES BOLTON,NHS GREATER MANCHESTER INTEGRATED CARE BOARD,Independent sector / other,1,0,1,0,0.0
2026-02-01,E6F9I,ACES BRADFORD,NHS WEST YORKSHIRE INTEGRATED CARE BOARD,Independent sector / other,2,2,2,0,100.0
2026-02-01,T1T4S,ACES BRISTOL,"NHS BRISTOL, NORTH SOMERSET AND SOUTH GLOUCESTERSHIRE INTEGRATED CARE BOARD",Independent sector / other,78,66,78,0,84.6
2026-02-01,H3W7Q,ACES CHELMSFORD,NHS MID AND SOUTH ESSEX INTEGRATED CARE BOARD,Independent sector / other,72,60,72,0,83.3
2026-02-01,U6A5N,ACES CHISWICK,NHS NORTH WEST LONDON INTEGRATED CARE BOARD,Independent sector / other,9,6,9,0,66.7
2026-02-01,Z4F8Y,ACES DARTFORD,NHS KENT AND MEDWAY INTEGRATED CARE BOARD,Independent sector / other,363,318,363,1,87.6
2026-02-01,N1M9Z,ACES EXETER,NHS DEVON INTEGRATED CARE BOARD,Independent sector / other,47,41,47,0,87.2
2026-02-01,F2C9F,ACES HARLEY STREET,NHS NORTH WEST LONDON INTEGRATED CARE BOARD,Independent sector / other,3,0,3,0,0.0
2026-02-01,X7M7U,ACES LAKESIDE,NHS MID AND SOUTH ESSEX INTEGRATED CARE BOARD,Independent sector / other,7,5,7,0,71.4
2026-02-01,X0R3Y,ACES LEEDS KING STREET,NHS WEST YORKSHIRE INTEGRATED CARE BOARD,Independent sector / other,25,19,25,0,76.0
2026-02-01,P1G3N,ACES LEEDS WHITE ROSE,NHS WEST YORKSHIRE INTEGRATED CARE BOARD,Independent sector / other,6,4,6,0,66.7
2026-02-01,T1I9W,ACES LINCOLN,NHS LINCOLNSHIRE INTEGRATED CARE BOARD,Independent sector / other,6,6,6,0,100.0
2026-02-01,D2L5T,ACES LIVERPOOL,NHS CHESHIRE AND MERSEYSIDE INTEGRATED CARE BOARD,Independent sector / other,67,56,67,0,83.6
2026-02-01,X1M4L,ACES MAIDSTONE,NHS KENT AND MEDWAY INTEGRATED CARE BOARD,Independent sector / other,2,1,2,0,50.0
2026-02-01,W7J4C,ACES MANCHESTER,NHS GREATER MANCHESTER INTEGRATED CARE BOARD,Independent sector / other,106,71,106,0,67.0
2026-02-01,N1L8R,ACES MANCHESTER ST JOHNS STREET,NHS GREATER MANCHESTER INTEGRATED CARE BOARD,Independent sector / other,11,9,11,0,81.8
2026-02-01,S8O6A,ACES MANCHESTER TRAFFORD,NHS GREATER MANCHESTER INTEGRATED CARE BOARD,Independent sector / other,3,2,3,0,66.7
2026-02-01,U1P4Z,ACES MILTON KEYNES,"NHS BEDFORDSHIRE, LUTON AND MILTON KEYNES INTEGRATED CARE BOARD",Independent sector / other,162,135,162,0,83.3
2026-02-01,I7G8X,ACES NEWCASTLE,NHS NORTH EAST AND NORTH CUMBRIA INTEGRATED CARE BOARD,Independent sector / other,33,27,33,0,81.8
2026-02-01,A4Y8X,ACES NOTTINGHAM,NHS NOTTINGHAM AND NOTTINGHAMSHIRE INTEGRATED CARE BOARD,Independent sector / other,37,33,37,0,89.2
2026-02-01,O1B1P,ACES PLYMOUTH,NHS DEVON INTEGRATED CARE BOARD,Independent sector / other,1,1,1,0,100.0
2026-02-01,Q4W9A,ACES SOUTHAMPTON,NHS HAMPSHIRE AND ISLE OF WIGHT INTEGRATED CARE BOARD,Independent sector / other,35,28,35,0,80.0
2026-02-01,Y7W8F,ACES SOUTHAMPTON - EAST ST,NHS HAMPSHIRE AND ISLE OF WIGHT INTEGRATED CARE BOARD,Independent sector / other,14,12,14,0,85.7
2026-02-01,N8Z8E,ACES TORQUAY,NHS DEVON INTEGRATED CARE BOARD,Independent sector / other,5,3,5,0,60.0
2026-02-01,A9P5F,ACES WHITE CITY,NHS NORTH WEST LONDON INTEGRATED CARE BOARD,Independent sector / other,108,80,108,0,74.1
2026-02-01,X7Y2H,ACES WILMSLOW,NHS CHESHIRE AND MERSEYSIDE INTEGRATED CARE BOARD,Independent sector / other,10,3,10,0,30.0
2026-02-01,RCF,AIREDALE NHS FOUNDATION TRUST,NHS WEST YORKSHIRE INTEGRATED CARE BOARD,NHS trust,14603,10602,14603,75,72.6
2026-02-01,RBS,ALDER HEY CHILDREN'S NHS FOUNDATION TRUST,NHS CHESHIRE AND MERSEYSIDE INTEGRATED CARE BOARD,NHS trust,16707,10620,16707,243,63.6
2026-02-01,NT401,ALEXANDRA HOSPITAL,NHS GREATER MANCHESTER INTEGRATED CARE BOARD,Independent sector / other,922,506,922,0,54.9
2026-02-01,F7B2B,ANGLIA COMMUNITY EYE SERVICE - BURY ST EDMUNDS,NHS SUFFOLK AND NORTH EAST ESSEX INTEGRATED CARE BOARD,Independent sector / other,16,13,16,0,81.3
2026-02-01,H7X1I,ANGLIA COMMUNITY EYE SERVICE - CAMBRIDGE,NHS CAMBRIDGESHIRE AND PETERBOROUGH INTEGRATED CARE BOARD,Independent sector / other,260,208,260,0,80.0
2026-02-01,K7J9E,ANGLIA COMMUNITY EYE SERVICE - NORWICH,NHS NORFOLK AND WAVENEY INTEGRATED CARE BOARD,Independent sector / other,12,11,12,0,91.7
2026-02-01,O9Q4E,ANGLIA COMMUNITY EYE SERVICE - PETERBOROUGH,NHS CAMBRIDGESHIRE AND PETERBOROUGH INTEGRATED CARE BOARD,Independent sector / other,444,326,444,2,73.4
2026-02-01,NX507,ANGLIA COMMUNITY EYE SERVICE - THETFORD HEALTHY LIVING CENTRE,NHS NORFOLK AND WAVENEY INTEGRATED CARE BOARD,Independent sector / other,444,326,444,2,73.4
2026-02-01,NX501,ANGLIA COMMUNITY EYE SERVICE LTD,NHS CAMBRIDGESHIRE AND PETERBOROUGH INTEGRATED CARE BOARD,Independent sector / other,592,516,592,0,87.2
2026-02-01,NX504,ANGLIA COMMUNITY EYE SERVICES FAKENHAM,NHS NORFOLK AND WAVENEY INTEGRATED CARE BOARD,Independent sector / other,173,156,173,1,90.2
2026-02-01,RTK,ASHFORD AND ST PETER'S HOSPITALS NHS FOUNDATION TRUST,NHS SURREY HEARTLANDS INTEGRATED CARE BOARD,NHS trust,49638,30059,49638,621,60.6
2026-02-01,NVC01,ASHTEAD HOSPITAL,NHS SURREY HEARTLANDS INTEGRATED CARE BOARD,Independent sector / other,967,736,967,1,76.1
2026-02-01,RF4,"BARKING, HAVERING AND REDBRIDGE UNIVERSITY HOSPITALS NHS TRUST",NHS NORTH EAST LONDON INTEGRATED CARE BOARD,NHS trust,69915,44926,69915,834,64.3
2026-02-01,RFF,BARNSLEY HOSPITAL NHS FOUNDATION TRUST,NHS SOUTH YORKSHIRE INTEGRATED CARE BOARD,NHS trust,21901,14913,21901,128,68.1
2026-02-01,R1H,BARTS HEALTH NHS TRUST,NHS NORTH EAST LONDON INTEGRATED CARE BOARD,NHS trust,128332,75615,128332,1814,58.9
2026-02-01,NT402,BATH CLINIC,"NHS BATH AND NORTH EAST SOMERSET, SWINDON AND WILTSHIRE INTEGRATED CARE BOARD",Independent sector / other,776,498,776,0,64.2
2026-02-01,NRP,BEACON MEDICAL SERVICES GROUP LIMITED,NHS GREATER MANCHESTER INTEGRATED CARE BOARD,Independent sector / other,4158,4000,4158,0,96.2
2026-02-01,NVC0I,BEACON PARK HOSPITAL,NHS STAFFORDSHIRE AND STOKE-ON-TRENT INTEGRATED CARE BOARD,Independent sector / other,1237,840,1237,0,67.9
2026-02-01,NT403,BEARDWOOD HOSPITAL,NHS LANCASHIRE AND SOUTH CUMBRIA INTEGRATED CARE BOARD,Independent sector / other,2305,1775,2305,0,77.0
2026-02-01,NT404,BEAUMONT HOSPITAL,NHS GREATER MANCHESTER INTEGRATED CARE BOARD,Independent sector / other,3149,2115,3149,11,67.2
2026-02-01,RC9,BEDFORDSHIRE HOSPITALS NHS FOUNDATION TRUST,"NHS BEDFORDSHIRE, LUTON AND MILTON KEYNES INTEGRATED CARE BOARD",NHS trust,84671,51330,84671,958,60.6
2026-02-01,NWF01,BENENDEN HOSPITAL,NHS KENT AND MEDWAY INTEGRATED CARE BOARD,Independent sector / other,1556,1160,1556,3,74.6
2026-02-01,RWX,BERKSHIRE HEALTHCARE NHS FOUNDATION TRUST,NHS FRIMLEY INTEGRATED CARE BOARD,NHS trust,94,94,94,0,100.0
2026-02-01,NP9,BESPOKE HEALTHCARE LTD,NHS LANCASHIRE AND SOUTH CUMBRIA INTEGRATED CARE BOARD,Independent sector / other,458,285,458,2,62.2
2026-02-01,RYW,BIRMINGHAM COMMUNITY HEALTHCARE NHS FOUNDATION TRUST,NHS BIRMINGHAM AND SOLIHULL INTEGRATED CARE BOARD,NHS trust,14817,10182,14817,10,68.7
2026-02-01,RQ3,BIRMINGHAM WOMEN'S AND CHILDREN'S NHS FOUNDATION TRUST,NHS BIRMINGHAM AND SOLIHULL INTEGRATED CARE BOARD,NHS trust,21719,12775,21719,181,58.8
2026-02-01,NT405,BISHOPS WOOD HOSPITAL,NHS NORTH WEST LONDON INTEGRATED CARE BOARD,Independent sector / other,573,466,573,1,81.3
2026-02-01,NT406,BLACKHEATH HOSPITAL,NHS SOUTH EAST LONDON INTEGRATED CARE BOARD,Independent sector / other,1541,985,1541,38,63.9
2026-02-01,RXL,BLACKPOOL TEACHING HOSPITALS NHS FOUNDATION TRUST,NHS LANCASHIRE AND SOUTH CUMBRIA INTEGRATED CARE BOARD,NHS trust,42964,24585,42964,977,57.2
2026-02-01,NVC31,BLAKELANDS HOSPITAL,"NHS BEDFORDSHIRE, LUTON AND MILTON KEYNES INTEGRATED CARE BOARD",Independent sector / other,2393,1722,2393,4,72.0
2026-02-01,RMC,BOLTON NHS FOUNDATION TRUST,NHS GREATER MANCHESTER INTEGRATED CARE BOARD,NHS trust,37369,22362,37369,543,59.8
2026-02-01,R5J3Z,BORDER HEALTH ALLIANCE LIMITED,NHS HEREFORDSHIRE AND WORCESTERSHIRE INTEGRATED CARE BOARD,Independent sector / other,510,345,510,0,67.6
2026-02-01,NVC27,BOSTON WEST HOSPITAL,NHS LINCOLNSHIRE INTEGRATED CARE BOARD,Independent sector / other,2405,1430,2405,11,59.5
2026-02-01,TAD,BRADFORD DISTRICT CARE NHS FOUNDATION TRUST,NHS WEST YORKSHIRE INTEGRATED CARE BOARD,NHS trust,616,412,616,14,66.9
2026-02-01,RAE,BRADFORD TEACHING HOSPITALS NHS FOUNDATION TRUST,NHS WEST YORKSHIRE INTEGRATED CARE BOARD,NHS trust,31263,20162,31263,69,64.5
2026-02-01,RXQ,BUCKINGHAMSHIRE HEALTHCARE NHS TRUST,"NHS BUCKINGHAMSHIRE, OXFORDSHIRE AND BERKSHIRE WEST INTEGRATED CARE BOARD",NHS trust,46082,28845,46082,450,62.6
2026-02-01,A4M8P,BUCKSHAW HOSPITAL,NHS LANCASHIRE AND SOUTH CUMBRIA INTEGRATED CARE BOARD,Independent sector / other,2911,2037,2911,16,70.0
2026-02-01,RWY,CALDERDALE AND HUDDERSFIELD NHS FOUNDATION TRUST,NHS WEST YORKSHIRE INTEGRATED CARE BOARD,NHS trust,35731,26698,35731,16,74.7
2026-02-01,RGT,CAMBRIDGE UNIVERSITY HOSPITALS NHS FOUNDATION TRUST,NHS CAMBRIDGESHIRE AND PETERBOROUGH INTEGRATED CARE BOARD,NHS trust,61088,37165,61088,1410,60.8
2026-02-01,RT1,CAMBRIDGESHIRE AND PETERBOROUGH NHS FOUNDATION TRUST,NHS CAMBRIDGESHIRE AND PETERBOROUGH INTEGRATED CARE BOARD,NHS trust,275,105,275,3,38.2
2026-02-01,NL3,CARE PLUS GROUP,NHS HUMBER AND NORTH YORKSHIRE INTEGRATED CARE BOARD,Independent sector / other,183,153,183,0,83.6
2026-02-01,NT451,CAVELL HOSPITAL,NHS NORTH CENTRAL LONDON INTEGRATED CARE BOARD,Independent sector / other,1269,948,1269,3,74.7
2026-02-01,U0K8N,CES MEDICAL,NHS KENT AND MEDWAY INTEGRATED CARE BOARD,Independent sector / other,68,65,68,0,95.6
2026-02-01,NT408,CHAUCER HOSPITAL,NHS KENT AND MEDWAY INTEGRATED CARE BOARD,Independent sector / other,951,772,951,0,81.2
2026-02-01,RQM,CHELSEA AND WESTMINSTER HOSPITAL NHS FOUNDATION TRUST,NHS NORTH WEST LONDON INTEGRATED CARE BOARD,NHS trust,74749,47453,74749,1161,63.5
2026-02-01,NT409,CHELSFIELD PARK HOSPITAL,NHS SOUTH EAST LONDON INTEGRATED CARE BOARD,Independent sector / other,765,630,765,2,82.4
2026-02-01,RFS,CHESTERFIELD ROYAL HOSPITAL NHS FOUNDATION TRUST,NHS DERBY AND DERBYSHIRE INTEGRATED CARE BOARD,NHS trust,27633,15824,27633,1140,57.3
2026-02-01,NT410,CHILTERN HOSPITAL,"NHS BUCKINGHAMSHIRE, OXFORDSHIRE AND BERKSHIRE WEST INTEGRATED CARE BOARD",Independent sector / other,412,344,412,0,83.5
2026-02-01,F9Z4V,CIRCLE READING HOSPITAL,"NHS BUCKINGHAMSHIRE, OXFORDSHIRE AND BERKSHIRE WEST INTEGRATED CARE BOARD",Independent sector / other,1734,1256,1734,1,72.4
2026-02-01,B3M1X,CLAREMONT PRIVATE HOSPITAL,NHS SOUTH YORKSHIRE INTEGRATED CARE BOARD,Independent sector / other,2596,1739,2596,5,67.0
2026-02-01,NT411,CLEMENTINE CHURCHILL HOSPITAL,NHS NORTH WEST LONDON INTEGRATED CARE BOARD,Independent sector / other,1964,1946,1964,0,99.1
2026-02-01,NVC28,CLIFTON PARK HOSPITAL,NHS HUMBER AND NORTH YORKSHIRE INTEGRATED CARE BOARD,Independent sector / other,1527,995,1527,7,65.2
2026-02-01,NVC29,COBALT HOSPITAL,NHS NORTH EAST AND NORTH CUMBRIA INTEGRATED CARE BOARD,Independent sector / other,1684,1131,1684,4,67.2
2026-02-01,NLG,COMMUNITAS CLINICS,NHS SOUTH WEST LONDON INTEGRATED CARE BOARD,Independent sector / other,4004,2767,4004,25,69.1
2026-02-01,AAV,COMMUNITY HEALTH AND EYECARE LIMITED,NHS LANCASHIRE AND SOUTH CUMBRIA INTEGRATED CARE BOARD,Independent sector / other,4915,4452,4915,0,90.6
2026-02-01,NMG,CORA HEALTH MSK (FORMERLY CONNECT HEALTH LTD),NHS NORTH EAST AND NORTH CUMBRIA INTEGRATED CARE BOARD,Independent sector / other,16531,15272,16531,2,92.4
2026-02-01,RJ8,CORNWALL PARTNERSHIP NHS FOUNDATION TRUST,NHS CORNWALL AND THE ISLES OF SCILLY INTEGRATED CARE BOARD,NHS trust,678,672,678,0,99.1
2026-02-01,DFY01,COTSWOLDS SURGICAL PARTNERS,"NHS BATH AND NORTH EAST SOMERSET, SWINDON AND WILTSHIRE INTEGRATED CARE BOARD",Independent sector / other,278,273,278,0,98.2
2026-02-01,RJR,COUNTESS OF CHESTER HOSPITAL NHS FOUNDATION TRUST,NHS CHESHIRE AND MERSEYSIDE INTEGRATED CARE BOARD,NHS trust,32838,19229,32838,1062,58.6
2026-02-01,RXP,COUNTY DURHAM AND DARLINGTON NHS FOUNDATION TRUST,NHS NORTH EAST AND NORTH CUMBRIA INTEGRATED CARE BOARD,NHS trust,42312,27412,42312,671,64.8
2026-02-01,RJ6,CROYDON HEALTH SERVICES NHS TRUST,NHS SOUTH WEST LONDON INTEGRATED CARE BOARD,NHS trust,34771,23077,34771,585,66.4
2026-02-01,RX4,"CUMBRIA, NORTHUMBERLAND, TYNE AND WEAR NHS FOUNDATION TRUST",NHS NORTH EAST AND NORTH CUMBRIA INTEGRATED CARE BOARD,NHS trust,183,181,183,0,98.9
2026-02-01,RN7,DARTFORD AND GRAVESHAM NHS TRUST,NHS KENT AND MEDWAY INTEGRATED CARE BOARD,NHS trust,30719,18138,30719,795,59.0
2026-02-01,NCN,DMC HEALTHCARE,NHS SOUTH EAST LONDON INTEGRATED CARE BOARD,Independent sector / other,1328,1310,1328,0,98.6
2026-02-01,RP5,DONCASTER AND BASSETLAW TEACHING HOSPITALS NHS FOUNDATION TRUST,NHS SOUTH YORKSHIRE INTEGRATED CARE BOARD,NHS trust,51907,31186,51907,1070,60.1
2026-02-01,NNE,DORKING HEALTHCARE LIMITED (DHC),NHS SURREY HEARTLANDS INTEGRATED CARE BOARD,Independent sector / other,6598,5015,6598,3,76.0
2026-02-01,RBD,DORSET COUNTY HOSPITAL NHS FOUNDATION TRUST,NHS DORSET INTEGRATED CARE BOARD,NHS trust,21139,12895,21139,323,61.0
2026-02-01,NT412,DROITWICH SPA HOSPITAL,NHS HEREFORDSHIRE AND WORCESTERSHIRE INTEGRATED CARE BOARD,Independent sector / other,1739,1240,1739,2,71.3
2026-02-01,NT447,DUCHY HOSPITAL,NHS HUMBER AND NORTH YORKSHIRE INTEGRATED CARE BOARD,Independent sector / other,266,212,266,0,79.7
2026-02-01,NVC04,DUCHY HOSPITAL,NHS CORNWALL AND THE ISLES OF SCILLY INTEGRATED CARE BOARD,Independent sector / other,1776,978,1776,34,55.1
2026-02-01,RWH,EAST AND NORTH HERTFORDSHIRE TEACHING NHS TRUST,NHS HERTFORDSHIRE AND WEST ESSEX INTEGRATED CARE BOARD,NHS trust,53802,36455,53802,434,67.8
2026-02-01,RJN,EAST CHESHIRE NHS TRUST,NHS CHESHIRE AND MERSEYSIDE INTEGRATED CARE BOARD,NHS trust,19459,11304,19459,543,58.1
2026-02-01,RVV,EAST KENT HOSPITALS UNIVERSITY NHS FOUNDATION TRUST,NHS KENT AND MEDWAY INTEGRATED CARE BOARD,NHS trust,73881,37909,73881,2016,51.3
2026-02-01,RXR,EAST LANCASHIRE HOSPITALS NHS TRUST,NHS LANCASHIRE AND SOUTH CUMBRIA INTEGRATED CARE BOARD,NHS trust,50339,32607,50339,605,64.8
2026-02-01,RDE,EAST SUFFOLK AND NORTH ESSEX NHS FOUNDATION TRUST,NHS SUFFOLK AND NORTH EAST ESSEX INTEGRATED CARE BOARD,NHS trust,89272,51020,89272,1293,57.2
2026-02-01,RXC,EAST SUSSEX HEALTHCARE NHS TRUST,NHS SUSSEX INTEGRATED CARE BOARD,NHS trust,59853,38149,59853,598,63.7
2026-02-01,NT445,EDGBASTON HOSPITAL,NHS BIRMINGHAM AND SOLIHULL INTEGRATED CARE BOARD,Independent sector / other,1,1,1,0,100.0
2026-02-01,M9U8M,ENDOCARE DIAGNOSTICS LTD,NHS GREATER MANCHESTER INTEGRATED CARE BOARD,Independent sector / other,124,124,124,0,100.0
2026-02-01,RVR,EPSOM AND ST HELIER UNIVERSITY HOSPITALS NHS TRUST,NHS SOUTH WEST LONDON INTEGRATED CARE BOARD,NHS trust,60294,38164,60294,671,63.3
2026-02-01,NVM,EPSOMEDICAL GROUP,NHS SURREY HEARTLANDS INTEGRATED CARE BOARD,Independent sector / other,2986,2350,2986,73,78.7
2026-02-01,NVC05,EUXTON HALL HOSPITAL,NHS LANCASHIRE AND SOUTH CUMBRIA INTEGRATED CARE BOARD,Independent sector / other,3326,2396,3326,2,72.0
2026-02-01,NVC0Y,EXETER MEDICAL,NHS DEVON INTEGRATED CARE BOARD,Independent sector / other,261,223,261,0,85.4
2026-02-01,ACM,EYE CARE MEDICAL LTD,NHS CHESHIRE AND MERSEYSIDE INTEGRATED CARE BOARD,Independent sector / other,13,13,13,0,100.0
2026-02-01,Y9S1N,FAIRFIELD INDEPENDENT HOSPITAL,NHS CHESHIRE AND MERSEYSIDE INTEGRATED CARE BOARD,Independent sector / other,1985,1302,1985,11,65.6
2026-02-01,NDJ,FIRST COMMUNITY HEALTH AND CARE CIC,NHS SURREY HEARTLANDS INTEGRATED CARE BOARD,Independent sector / other,729,714,729,0,97.9
2026-02-01,NVC06,FITZWILLIAM HOSPITAL,NHS CAMBRIDGESHIRE AND PETERBOROUGH INTEGRATED CARE BOARD,Independent sector / other,6665,3122,6665,138,46.8
2026-02-01,RDU,FRIMLEY HEALTH NHS FOUNDATION TRUST,NHS FRIMLEY INTEGRATED CARE BOARD,NHS trust,66142,38133,66142,1039,57.7
2026-02-01,NVC07,FULWOOD HALL HOSPITAL,NHS LANCASHIRE AND SOUTH CUMBRIA INTEGRATED CARE BOARD,Independent sector / other,4221,3063,4221,17,72.6
2026-02-01,RR7,GATESHEAD HEALTH NHS FOUNDATION TRUST,NHS NORTH EAST AND NORTH CUMBRIA INTEGRATED CARE BOARD,NHS trust,12307,8810,12307,26,71.6
2026-02-01,RLT,GEORGE ELIOT HOSPITAL NHS TRUST,NHS COVENTRY AND WARWICKSHIRE INTEGRATED CARE BOARD,NHS trust,19944,12803,19944,199,64.2
2026-02-01,K8I4X,GLENDON WOOD HOSPITAL,NHS NORTHAMPTONSHIRE INTEGRATED CARE BOARD,Independent sector / other,1299,983,1299,1,75.7
2026-02-01,RTE,GLOUCESTERSHIRE HOSPITALS NHS FOUNDATION TRUST,NHS GLOUCESTERSHIRE INTEGRATED CARE BOARD,NHS trust,67826,48612,67826,13,71.7
2026-02-01,NT417,GORING HALL HOSPITAL,NHS SUSSEX INTEGRATED CARE BOARD,Independent sector / other,829,478,829,13,57.7
2026-02-01,NWV01,GP CARE UK,"NHS BRISTOL, NORTH SOMERSET AND SOUTH GLOUCESTERSHIRE INTEGRATED CARE BOARD",Independent sector / other,839,839,839,0,100.0
2026-02-01,RP4,GREAT ORMOND STREET HOSPITAL FOR CHILDREN NHS FOUNDATION TRUST,NHS NORTH CENTRAL LONDON INTEGRATED CARE BOARD,NHS trust,8448,6183,8448,205,73.2
2026-02-01,RN3,GREAT WESTERN HOSPITALS NHS FOUNDATION TRUST,"NHS BATH AND NORTH EAST SOMERSET, SWINDON AND WILTSHIRE INTEGRATED CARE BOARD",NHS trust,44295,25389,44295,779,57.3
2026-02-01,RJ1,GUY'S AND ST THOMAS' NHS FOUNDATION TRUST,NHS SOUTH EAST LONDON INTEGRATED CARE BOARD,NHS trust,107138,72148,107138,971,67.3
2026-02-01,RW1,HAMPSHIRE AND ISLE OF WIGHT HEALTHCARE NHS FOUNDATION TRUST,NHS HAMPSHIRE AND ISLE OF WIGHT INTEGRATED CARE BOARD,NHS trust,4425,4097,4425,0,92.6
2026-02-01,NT418,HAMPSHIRE CLINIC,NHS HAMPSHIRE AND ISLE OF WIGHT INTEGRATED CARE BOARD,Independent sector / other,298,138,298,1,46.3
2026-02-01,RN5,HAMPSHIRE HOSPITALS NHS FOUNDATION TRUST,NHS HAMPSHIRE AND ISLE OF WIGHT INTEGRATED CARE BOARD,NHS trust,50105,29578,50105,1435,59.0
2026-02-01,NT419,HARBOUR HOSPITAL,NHS DORSET INTEGRATED CARE BOARD,Independent sector / other,182,151,182,0,83.0
2026-02-01,RCD,HARROGATE AND DISTRICT NHS FOUNDATION TRUST,NHS HUMBER AND NORTH YORKSHIRE INTEGRATED CARE BOARD,NHS trust,19914,14852,19914,17,74.6
2026-02-01,S5E5Y,HCRG CARE DERMATOLOGY THE IRONSTONE CENTRE,NHS HUMBER AND NORTH YORKSHIRE INTEGRATED CARE BOARD,Independent sector / other,1012,992,1012,1,98.0
2026-02-01,NYR,HEALTHSHARE DIAGNOSTICS,NHS KENT AND MEDWAY INTEGRATED CARE BOARD,Independent sector / other,2098,1273,2098,39,60.7
2026-02-01,NRL,HEART NETWORKS,NHS GREATER MANCHESTER INTEGRATED CARE BOARD,Independent sector / other,880,852,880,0,96.8
2026-02-01,NT416,HENDON HOSPITAL,NHS NORTH CENTRAL LONDON INTEGRATED CARE BOARD,Independent sector / other,1130,741,1130,2,65.6
2026-02-01,R1A,HEREFORDSHIRE AND WORCESTERSHIRE HEALTH AND CARE NHS TRUST,NHS HEREFORDSHIRE AND WORCESTERSHIRE INTEGRATED CARE BOARD,NHS trust,43,31,43,0,72.1
2026-02-01,NT420,HIGHFIELD HOSPITAL,NHS GREATER MANCHESTER INTEGRATED CARE BOARD,Independent sector / other,909,617,909,0,67.9
2026-02-01,RQX,HOMERTON HEALTHCARE NHS FOUNDATION TRUST,NHS NORTH EAST LONDON INTEGRATED CARE BOARD,NHS trust,25171,18547,25171,228,73.7
2026-02-01,NT448,HUDDERSFIELD PRIVATE HOSPITAL,NHS WEST YORKSHIRE INTEGRATED CARE BOARD,Independent sector / other,821,746,821,9,90.9
2026-02-01,RWA,HULL UNIVERSITY TEACHING HOSPITALS NHS TRUST,NHS HUMBER AND NORTH YORKSHIRE INTEGRATED CARE BOARD,NHS trust,81319,44386,81319,3110,54.6
2026-02-01,RYJ,IMPERIAL COLLEGE HEALTHCARE NHS TRUST,NHS NORTH WEST LONDON INTEGRATED CARE BOARD,NHS trust,87439,58431,87439,305,66.8
2026-02-01,NXP,INDEPENDENT HEALTH GROUP,"NHS BATH AND NORTH EAST SOMERSET, SWINDON AND WILTSHIRE INTEGRATED CARE BOARD",Independent sector / other,975,904,975,0,92.7
2026-02-01,NV1,INHEALTH LIMITED,"NHS BUCKINGHAMSHIRE, OXFORDSHIRE AND BERKSHIRE WEST INTEGRATED CARE BOARD",Independent sector / other,774,656,774,0,84.8
2026-02-01,NCR,ISIGHT,NHS CHESHIRE AND MERSEYSIDE INTEGRATED CARE BOARD,Independent sector / other,1432,1169,1432,0,81.6
2026-02-01,R1F,ISLE OF WIGHT NHS TRUST,NHS HAMPSHIRE AND ISLE OF WIGHT INTEGRATED CARE BOARD,NHS trust,13079,7985,13079,73,61.1
2026-02-01,RGP,JAMES PAGET UNIVERSITY HOSPITALS NHS FOUNDATION TRUST,NHS NORFOLK AND WAVENEY INTEGRATED CARE BOARD,NHS trust,33120,17874,33120,1623,54.0
2026-02-01,RYY,KENT COMMUNITY HEALTH NHS FOUNDATION TRUST,NHS KENT AND MEDWAY INTEGRATED CARE BOARD,NHS trust,4126,4122,4126,0,99.9
2026-02-01,RNQ,KETTERING GENERAL HOSPITAL NHS FOUNDATION TRUST,NHS NORTHAMPTONSHIRE INTEGRATED CARE BOARD,NHS trust,24049,15025,24049,205,62.5
2026-02-01,ADP02,KIMS HOSPITAL (NEWNHAM COURT),NHS KENT AND MEDWAY INTEGRATED CARE BOARD,Independent sector / other,1464,1241,1464,54,84.8
2026-02-01,RJZ,KING'S COLLEGE HOSPITAL NHS FOUNDATION TRUST,NHS SOUTH EAST LONDON INTEGRATED CARE BOARD,NHS trust,83880,53906,83880,1588,64.3
2026-02-01,NT421,KINGS OAK HOSPITAL,NHS NORTH CENTRAL LONDON INTEGRATED CARE BOARD,Independent sector / other,1140,828,1140,2,72.6
2026-02-01,RAX,KINGSTON AND RICHMOND NHS FOUNDATION TRUST,NHS SOUTH WEST LONDON INTEGRATED CARE BOARD,NHS trust,44169,26577,44169,396,60.2
2026-02-01,RW5,LANCASHIRE & SOUTH CUMBRIA NHS FOUNDATION TRUST,NHS LANCASHIRE AND SOUTH CUMBRIA INTEGRATED CARE BOARD,NHS trust,3628,3452,3628,0,95.1
2026-02-01,RXN,LANCASHIRE TEACHING HOSPITALS NHS FOUNDATION TRUST,NHS LANCASHIRE AND SOUTH CUMBRIA INTEGRATED CARE BOARD,NHS trust,64104,35728,64104,1321,55.7
2026-02-01,NLE01,LANCASTER HOUSE CONSULTING DIAGNOSTICS SURGICAL LTD HQ,NHS GREATER MANCHESTER INTEGRATED CARE BOARD,Independent sector / other,1285,1037,1285,0,80.7
2026-02-01,NT449,LANCASTER PRIVATE HOSPITAL,NHS LANCASHIRE AND SOUTH CUMBRIA INTEGRATED CARE BOARD,Independent sector / other,336,240,336,2,71.4
2026-02-01,RR8,LEEDS TEACHING HOSPITALS NHS TRUST,NHS WEST YORKSHIRE INTEGRATED CARE BOARD,NHS trust,85760,56519,85760,1305,65.9
2026-02-01,RJ2,LEWISHAM AND GREENWICH NHS TRUST,NHS SOUTH EAST LONDON INTEGRATED CARE BOARD,NHS trust,54933,34082,54933,1013,62.0
2026-02-01,NT450,LINCOLN PRIVATE HOSPITAL,NHS LINCOLNSHIRE INTEGRATED CARE BOARD,Independent sector / other,1230,818,1230,1,66.5
2026-02-01,RP7,LINCOLNSHIRE PARTNERSHIP NHS FOUNDATION TRUST,NHS LINCOLNSHIRE INTEGRATED CARE BOARD,NHS trust,16,14,16,0,87.5
2026-02-01,RBQ,LIVERPOOL HEART AND CHEST HOSPITAL NHS FOUNDATION TRUST,NHS CHESHIRE AND MERSEYSIDE INTEGRATED CARE BOARD,NHS trust,5960,4665,5960,38,78.3
2026-02-01,REM,LIVERPOOL UNIVERSITY HOSPITALS NHS FOUNDATION TRUST,NHS CHESHIRE AND MERSEYSIDE INTEGRATED CARE BOARD,NHS trust,62820,36192,62820,876,57.6
2026-02-01,REP,LIVERPOOL WOMEN'S NHS FOUNDATION TRUST,NHS CHESHIRE AND MERSEYSIDE INTEGRATED CARE BOARD,NHS trust,13372,6815,13372,518,51.0
2026-02-01,NR5,LIVEWELL SOUTHWEST,NHS DEVON INTEGRATED CARE BOARD,Independent sector / other,85,80,85,0,94.1
2026-02-01,NL8,LOCALA COMMUNITY PARTNERSHIPS CIC,NHS WEST YORKSHIRE INTEGRATED CARE BOARD,Independent sector / other,1196,1111,1196,0,92.9
2026-02-01,NT422,LONDON INDEPENDENT HOSPITAL,NHS NORTH EAST LONDON INTEGRATED CARE BOARD,Independent sector / other,3864,3086,3864,19,79.9
2026-02-01,R1K,LONDON NORTH WEST UNIVERSITY HEALTHCARE NHS TRUST,NHS NORTH WEST LONDON INTEGRATED CARE BOARD,NHS trust,83520,51570,83520,1165,61.7
2026-02-01,RWF,MAIDSTONE AND TUNBRIDGE WELLS NHS TRUST,NHS KENT AND MEDWAY INTEGRATED CARE BOARD,NHS trust,50214,35440,50214,37,70.6
2026-02-01,NN5,MANCHESTER SURGICAL SERVICES LTD,NHS GREATER MANCHESTER INTEGRATED CARE BOARD,Independent sector / other,326,282,326,0,86.5
2026-02-01,R0A,MANCHESTER UNIVERSITY NHS FOUNDATION TRUST,NHS GREATER MANCHESTER INTEGRATED CARE BOARD,NHS trust,172193,103324,172193,2416,60.0
2026-02-01,NT423,MANOR HOSPITAL,"NHS BEDFORDSHIRE, LUTON AND MILTON KEYNES INTEGRATED CARE BOARD",Independent sector / other,542,221,542,7,40.8
2026-02-01,AY1,MEDEFER,NHS NORTH CENTRAL LONDON INTEGRATED CARE BOARD,Independent sector / other,238,204,238,0,85.7
2026-02-01,RPA,MEDWAY NHS FOUNDATION TRUST,NHS KENT AND MEDWAY INTEGRATED CARE BOARD,NHS trust,34777,20724,34777,224,59.6
2026-02-01,NT424,MERIDEN HOSPITAL,NHS COVENTRY AND WARWICKSHIRE INTEGRATED CARE BOARD,Independent sector / other,1765,1451,1765,0,82.2
2026-02-01,RBN,MERSEY AND WEST LANCASHIRE TEACHING HOSPITALS NHS TRUST,NHS CHESHIRE AND MERSEYSIDE INTEGRATED CARE BOARD,NHS trust,75459,47698,75459,1316,63.2
2026-02-01,RW4,MERSEY CARE NHS FOUNDATION TRUST,NHS CHESHIRE AND MERSEYSIDE INTEGRATED CARE BOARD,NHS trust,49,47,49,0,95.9
2026-02-01,RAJ,MID AND SOUTH ESSEX NHS FOUNDATION TRUST,NHS MID AND SOUTH ESSEX INTEGRATED CARE BOARD,NHS trust,176895,89213,176895,12623,50.4
2026-02-01,RBT,MID CHESHIRE HOSPITALS NHS FOUNDATION TRUST,NHS CHESHIRE AND MERSEYSIDE INTEGRATED CARE BOARD,NHS trust,34561,19786,34561,627,57.2
2026-02-01,RXF,MID YORKSHIRE TEACHING NHS TRUST,NHS WEST YORKSHIRE INTEGRATED CARE BOARD,NHS trust,53788,34423,53788,242,64.0
2026-02-01,S4E3I,MIDLAND EYE (EYE-DOCS LTD),NHS BIRMINGHAM AND SOLIHULL INTEGRATED CARE BOARD,Independent sector / other,621,571,621,0,91.9
2026-02-01,RRE,MIDLANDS PARTNERSHIP UNIVERSITY NHS FOUNDATION TRUST,NHS STAFFORDSHIRE AND STOKE-ON-TRENT INTEGRATED CARE BOARD,NHS trust,8593,8034,8593,0,93.5
2026-02-01,RD8,MILTON KEYNES UNIVERSITY HOSPITAL NHS FOUNDATION TRUST,"NHS BEDFORDSHIRE, LUTON AND MILTON KEYNES INTEGRATED CARE BOARD",NHS trust,35115,20315,35115,1280,57.9
2026-02-01,RP6,MOORFIELDS EYE HOSPITAL NHS FOUNDATION TRUST,NHS NORTH CENTRAL LONDON INTEGRATED CARE BOARD,NHS trust,34895,29399,34895,30,84.2
2026-02-01,NT455,MOUNT ALVERNIA HOSPITAL,NHS SURREY HEARTLANDS INTEGRATED CARE BOARD,Independent sector / other,237,173,237,1,73.0
2026-02-01,NVC08,MOUNT STUART HOSPITAL,NHS DEVON INTEGRATED CARE BOARD,Independent sector / other,2290,1451,2290,23,63.4
2026-02-01,NVC09,NEW HALL HOSPITAL,"NHS BATH AND NORTH EAST SOMERSET, SWINDON AND WILTSHIRE INTEGRATED CARE BOARD",Independent sector / other,3454,2441,3454,42,70.7
2026-02-01,R7W2O,NEWCASTLE NEWMEDICA LTD,NHS NORTH EAST AND NORTH CUMBRIA INTEGRATED CARE BOARD,Independent sector / other,890,854,890,0,96.0
2026-02-01,N8R1N,NEWMEDICA - BERKSHIRE,NHS FRIMLEY INTEGRATED CARE BOARD,Independent sector / other,1567,1088,1567,12,69.4
2026-02-01,C5Y9L,NEWMEDICA - BERKSHIRE - BRACKNELL,NHS FRIMLEY INTEGRATED CARE BOARD,Independent sector / other,124,81,124,1,65.3
2026-02-01,S1Z4X,NEWMEDICA - BIRMINGHAM,NHS BIRMINGHAM AND SOLIHULL INTEGRATED CARE BOARD,Independent sector / other,871,812,871,0,93.2
2026-02-01,C9A7J,NEWMEDICA - BRADFORD & HUDDERSFIELD,NHS WEST YORKSHIRE INTEGRATED CARE BOARD,Independent sector / other,589,542,589,0,92.0
2026-02-01,ACG22,NEWMEDICA - BRIGG - RIVERSIDE SURGERY,NHS HUMBER AND NORTH YORKSHIRE INTEGRATED CARE BOARD,Independent sector / other,881,614,881,0,69.7
2026-02-01,ACG20,NEWMEDICA - BRISTOL - LITFIELD HOUSE,"NHS BRISTOL, NORTH SOMERSET AND SOUTH GLOUCESTERSHIRE INTEGRATED CARE BOARD",Independent sector / other,464,402,464,0,86.6
2026-02-01,H2K1G,NEWMEDICA - BROMSGROVE,NHS HEREFORDSHIRE AND WORCESTERSHIRE INTEGRATED CARE BOARD,Independent sector / other,331,321,331,0,97.0
2026-02-01,F1Y1H,NEWMEDICA - CHESHIRE OAKS,NHS CHESHIRE AND MERSEYSIDE INTEGRATED CARE BOARD,Independent sector / other,623,482,623,2,77.4
2026-02-01,F0R0W,NEWMEDICA - DARLINGTON,NHS NORTH EAST AND NORTH CUMBRIA INTEGRATED CARE BOARD,Independent sector / other,76,72,76,0,94.7
2026-02-01,ACG36,NEWMEDICA - EXETER - GLEN HOUSE,NHS DEVON INTEGRATED CARE BOARD,Independent sector / other,399,371,399,0,93.0
2026-02-01,ACG13,NEWMEDICA - GLOUCESTER (ASPEN MEDICAL CENTRE),NHS GLOUCESTERSHIRE INTEGRATED CARE BOARD,Independent sector / other,516,362,516,2,70.2
2026-02-01,L0D9W,NEWMEDICA - GLOUCESTER (BRIGHOUSE COURT),NHS GLOUCESTERSHIRE INTEGRATED CARE BOARD,Independent sector / other,1264,1047,1264,2,82.8
2026-02-01,L4R3R,NEWMEDICA - HAMPSHIRE,NHS HAMPSHIRE AND ISLE OF WIGHT INTEGRATED CARE BOARD,Independent sector / other,2462,1500,2462,3,60.9
2026-02-01,Z1E5F,NEWMEDICA - HARROGATE,NHS HUMBER AND NORTH YORKSHIRE INTEGRATED CARE BOARD,Independent sector / other,225,194,225,0,86.2
2026-02-01,F7F6D,NEWMEDICA - HERTFORSHIRE - WELWYN GARDEN CITY,NHS HERTFORDSHIRE AND WEST ESSEX INTEGRATED CARE BOARD,Independent sector / other,1001,735,1001,0,73.4
2026-02-01,ACG37,NEWMEDICA - IPSWICH,NHS SUFFOLK AND NORTH EAST ESSEX INTEGRATED CARE BOARD,Independent sector / other,1110,1062,1110,0,95.7
2026-02-01,ACG38,NEWMEDICA - LANGFORD,"NHS BRISTOL, NORTH SOMERSET AND SOUTH GLOUCESTERSHIRE INTEGRATED CARE BOARD",Independent sector / other,431,352,431,1,81.7
2026-02-01,N6Z0R,NEWMEDICA - LINCOLN,NHS LINCOLNSHIRE INTEGRATED CARE BOARD,Independent sector / other,31,23,31,0,74.2
2026-02-01,Z2L9B,NEWMEDICA - MANCHESTER WEST,NHS GREATER MANCHESTER INTEGRATED CARE BOARD,Independent sector / other,366,293,366,0,80.1
2026-02-01,ACG26,NEWMEDICA - NORTH DERBYSHIRE - MIDLAND COURT,NHS DERBY AND DERBYSHIRE INTEGRATED CARE BOARD,Independent sector / other,1185,1088,1185,0,91.8
2026-02-01,M4C5R,NEWMEDICA - NORTHAMPTON,NHS NORTHAMPTONSHIRE INTEGRATED CARE BOARD,Independent sector / other,1248,1102,1248,0,88.3
2026-02-01,B5M7B,NEWMEDICA - NORWICH,NHS NORFOLK AND WAVENEY INTEGRATED CARE BOARD,Independent sector / other,1530,1366,1530,0,89.3
2026-02-01,B1A5K,NEWMEDICA - NOTTINGHAM,NHS NOTTINGHAM AND NOTTINGHAMSHIRE INTEGRATED CARE BOARD,Independent sector / other,601,552,601,1,91.8
2026-02-01,M6L9D,NEWMEDICA - NOTTINGHAM - KEYWORTH,NHS NOTTINGHAM AND NOTTINGHAMSHIRE INTEGRATED CARE BOARD,Independent sector / other,8,7,8,0,87.5
2026-02-01,J3J8Z,NEWMEDICA - OXFORDSHIRE,"NHS BUCKINGHAMSHIRE, OXFORDSHIRE AND BERKSHIRE WEST INTEGRATED CARE BOARD",Independent sector / other,726,685,726,0,94.4
2026-02-01,P5Y6K,NEWMEDICA - SHREWSBURY,"NHS SHROPSHIRE, TELFORD AND WREKIN INTEGRATED CARE BOARD",Independent sector / other,456,432,456,2,94.7
2026-02-01,D0V5X,NEWMEDICA - SWINDON MURDOCK ROAD,"NHS BATH AND NORTH EAST SOMERSET, SWINDON AND WILTSHIRE INTEGRATED CARE BOARD",Independent sector / other,145,111,145,0,76.6
2026-02-01,ACG24,NEWMEDICA - TEESSIDE - NORTH ORMESBY,NHS NORTH EAST AND NORTH CUMBRIA INTEGRATED CARE BOARD,Independent sector / other,1413,1370,1413,0,97.0
2026-02-01,ACG40,NEWMEDICA - WAKEFIELD,NHS WEST YORKSHIRE INTEGRATED CARE BOARD,Independent sector / other,578,502,578,0,86.9
2026-02-01,ACG31,NEWMEDICA - WORCESTER,NHS HEREFORDSHIRE AND WORCESTERSHIRE INTEGRATED CARE BOARD,Independent sector / other,678,637,678,0,94.0
2026-02-01,ACG30,NEWMEDICA - WORKSOP - DUKERIES,NHS NOTTINGHAM AND NOTTINGHAMSHIRE INTEGRATED CARE BOARD,Independent sector / other,129,119,129,0,92.2
2026-02-01,H4J9P,NEWMEDICA AZTEC WEST,"NHS BRISTOL, NORTH SOMERSET AND SOUTH GLOUCESTERSHIRE INTEGRATED CARE BOARD",Independent sector / other,1017,770,1017,2,75.7
2026-02-01,ACG19,NEWMEDICA COMMUNITY OPHTHALMOLOGY - LEEDS,NHS WEST YORKSHIRE INTEGRATED CARE BOARD,Independent sector / other,713,630,713,0,88.4
2026-02-01,ACG12,NEWMEDICA COMMUNITY OPHTHALMOLOGY - NORTH EAST LINCOLNSHIRE - GRIMSBY,NHS HUMBER AND NORTH YORKSHIRE INTEGRATED CARE BOARD,Independent sector / other,1097,758,1097,0,69.1
2026-02-01,A4Q9X,NEWMEDICA LEICESTER,"NHS LEICESTER, LEICESTERSHIRE AND RUTLAND INTEGRATED CARE BOARD",Independent sector / other,877,699,877,0,79.7
2026-02-01,ACG08,NEWMEDICA OPHTHALMOLOGY - NUNEATON - CAMP HILL - GP LED HEALTH CENTRE,NHS COVENTRY AND WARWICKSHIRE INTEGRATED CARE BOARD,Independent sector / other,7,7,7,0,100.0
2026-02-01,G4H0I,NEWMEDICA SUFFOLK - BURY ST EDMUNDS - CLARITY HOUSE,NHS SUFFOLK AND NORTH EAST ESSEX INTEGRATED CARE BOARD,Independent sector / other,626,601,626,0,96.0
2026-02-01,RM1,NORFOLK AND NORWICH UNIVERSITY HOSPITALS NHS FOUNDATION TRUST,NHS NORFOLK AND WAVENEY INTEGRATED CARE BOARD,NHS trust,66429,41152,66429,1975,61.9
2026-02-01,RVJ,NORTH BRISTOL NHS TRUST,"NHS BRISTOL, NORTH SOMERSET AND SOUTH GLOUCESTERSHIRE INTEGRATED CARE BOARD",NHS trust,41508,28167,41508,65,67.9
2026-02-01,RNN,NORTH CUMBRIA INTEGRATED CARE NHS FOUNDATION TRUST,NHS NORTH EAST AND NORTH CUMBRIA INTEGRATED CARE BOARD,NHS trust,38262,22092,38262,961,57.7
2026-02-01,NVC11,NORTH DOWNS HOSPITAL,NHS SURREY HEARTLANDS INTEGRATED CARE BOARD,Independent sector / other,1447,1000,1447,6,69.1
2026-02-01,RVW,NORTH TEES AND HARTLEPOOL NHS FOUNDATION TRUST,NHS NORTH EAST AND NORTH CUMBRIA INTEGRATED CARE BOARD,NHS trust,22142,15532,22142,250,70.1
2026-02-01,RGN,NORTH WEST ANGLIA NHS FOUNDATION TRUST,NHS CAMBRIDGESHIRE AND PETERBOROUGH INTEGRATED CARE BOARD,NHS trust,78179,46410,78179,566,59.4
2026-02-01,RNS,NORTHAMPTON GENERAL HOSPITAL NHS TRUST,NHS NORTHAMPTONSHIRE INTEGRATED CARE BOARD,NHS trust,42541,25478,42541,631,59.9
2026-02-01,RM3,NORTHERN CARE ALLIANCE NHS FOUNDATION TRUST,NHS GREATER MANCHESTER INTEGRATED CARE BOARD,NHS trust,130781,71084,130781,4571,54.4
2026-02-01,RJL,NORTHERN LINCOLNSHIRE AND GOOLE NHS FOUNDATION TRUST,NHS HUMBER AND NORTH YORKSHIRE INTEGRATED CARE BOARD,NHS trust,39444,23459,39444,873,59.5
2026-02-01,RTF,NORTHUMBRIA HEALTHCARE NHS FOUNDATION TRUST,NHS NORTH EAST AND NORTH CUMBRIA INTEGRATED CARE BOARD,NHS trust,36156,29479,36156,0,81.5
2026-02-01,DFQ,NORWICH & NORFOLK SURGICAL LTD (N2S),NHS NORFOLK AND WAVENEY INTEGRATED CARE BOARD,Independent sector / other,1058,904,1058,0,85.4
2026-02-01,RX1,NOTTINGHAM UNIVERSITY HOSPITALS NHS TRUST,NHS NOTTINGHAM AND NOTTINGHAMSHIRE INTEGRATED CARE BOARD,NHS trust,91723,51515,91723,2188,56.2
2026-02-01,NQH,NOVUS HEALTH LTD,NHS WEST YORKSHIRE INTEGRATED CARE BOARD,Independent sector / other,824,757,824,0,91.9
2026-02-01,G3Q3Z,NUFFIELD HEALTH HIGHGATE HOSPITAL,NHS NORTH CENTRAL LONDON INTEGRATED CARE BOARD,Independent sector / other,858,735,858,8,85.7
2026-02-01,R0F4N,NUFFIELD HEALTH PARKSIDE HOSPITAL,NHS SOUTH WEST LONDON INTEGRATED CARE BOARD,Independent sector / other,793,572,793,91,72.1
2026-02-01,H4I8B,NUFFIELD HEALTH THE HOLLY HOSPITAL,NHS HERTFORDSHIRE AND WEST ESSEX INTEGRATED CARE BOARD,Independent sector / other,3720,3033,3720,16,81.5
2026-02-01,NT202,"NUFFIELD HEALTH, BOURNEMOUTH HOSPITAL",NHS DORSET INTEGRATED CARE BOARD,Independent sector / other,471,320,471,0,67.9
2026-02-01,NT204,"NUFFIELD HEALTH, BRENTWOOD HOSPITAL",NHS MID AND SOUTH ESSEX INTEGRATED CARE BOARD,Independent sector / other,7,4,7,0,57.1
2026-02-01,NT205,"NUFFIELD HEALTH, BRIGHTON HOSPITAL",NHS SUSSEX INTEGRATED CARE BOARD,Independent sector / other,826,393,826,82,47.6
2026-02-01,NT206,"NUFFIELD HEALTH, BRISTOL HOSPITAL (CHESTERFIELD)","NHS BRISTOL, NORTH SOMERSET AND SOUTH GLOUCESTERSHIRE INTEGRATED CARE BOARD",Independent sector / other,744,531,744,1,71.4
2026-02-01,NT209,"NUFFIELD HEALTH, CAMBRIDGE HOSPITAL",NHS CAMBRIDGESHIRE AND PETERBOROUGH INTEGRATED CARE BOARD,Independent sector / other,243,140,243,2,57.6
2026-02-01,NT211,"NUFFIELD HEALTH, CHELTENHAM HOSPITAL",NHS GLOUCESTERSHIRE INTEGRATED CARE BOARD,Independent sector / other,56,18,56,0,32.1
2026-02-01,NT212,"NUFFIELD HEALTH, CHICHESTER HOSPITAL",NHS SUSSEX INTEGRATED CARE BOARD,Independent sector / other,479,370,479,2,77.2
2026-02-01,NT213,"NUFFIELD HEALTH, DERBY HOSPITAL",NHS DERBY AND DERBYSHIRE INTEGRATED CARE BOARD,Independent sector / other,1157,646,1157,42,55.8
2026-02-01,NT215,"NUFFIELD HEALTH, EXETER HOSPITAL",NHS DEVON INTEGRATED CARE BOARD,Independent sector / other,499,214,499,130,42.9
2026-02-01,NT216,"NUFFIELD HEALTH, GUILDFORD HOSPITAL",NHS SURREY HEARTLANDS INTEGRATED CARE BOARD,Independent sector / other,110,53,110,5,48.2
2026-02-01,NT218,"NUFFIELD HEALTH, HAYWARDS HEATH HOSPITAL",NHS SUSSEX INTEGRATED CARE BOARD,Independent sector / other,447,249,447,5,55.7
2026-02-01,NT219,"NUFFIELD HEALTH, HEREFORD HOSPITAL",NHS HEREFORDSHIRE AND WORCESTERSHIRE INTEGRATED CARE BOARD,Independent sector / other,458,336,458,0,73.4
2026-02-01,NT226,"NUFFIELD HEALTH, LEICESTER HOSPITAL","NHS LEICESTER, LEICESTERSHIRE AND RUTLAND INTEGRATED CARE BOARD",Independent sector / other,448,358,448,15,79.9
2026-02-01,NT229,"NUFFIELD HEALTH, NEWCASTLE UPON TYNE HOSPITAL",NHS NORTH EAST AND NORTH CUMBRIA INTEGRATED CARE BOARD,Independent sector / other,546,231,546,27,42.3
2026-02-01,NT230,"NUFFIELD HEALTH, NORTH STAFFORDSHIRE HOSPITAL",NHS STAFFORDSHIRE AND STOKE-ON-TRENT INTEGRATED CARE BOARD,Independent sector / other,1145,644,1145,8,56.2
2026-02-01,NT233,"NUFFIELD HEALTH, PLYMOUTH HOSPITAL",NHS DEVON INTEGRATED CARE BOARD,Independent sector / other,933,593,933,7,63.6
2026-02-01,NT235,"NUFFIELD HEALTH, SHREWSBURY HOSPITAL","NHS SHROPSHIRE, TELFORD AND WREKIN INTEGRATED CARE BOARD",Independent sector / other,550,479,550,0,87.1
2026-02-01,NT238,"NUFFIELD HEALTH, TAUNTON HOSPITAL",NHS SOMERSET INTEGRATED CARE BOARD,Independent sector / other,483,284,483,17,58.8
2026-02-01,NT237,"NUFFIELD HEALTH, TEES HOSPITAL",NHS NORTH EAST AND NORTH CUMBRIA INTEGRATED CARE BOARD,Independent sector / other,1548,1134,1548,1,73.3
2026-02-01,NT210,"NUFFIELD HEALTH, THE GROSVENOR HOSPITAL, CHESTER",NHS CHESHIRE AND MERSEYSIDE INTEGRATED CARE BOARD,Independent sector / other,502,319,502,0,63.5
2026-02-01,NT239,"NUFFIELD HEALTH, TUNBRIDGE WELLS HOSPITAL",NHS KENT AND MEDWAY INTEGRATED CARE BOARD,Independent sector / other,198,88,198,64,44.4
2026-02-01,NT224,"NUFFIELD HEALTH, WARWICKSHIRE HOSPITAL",NHS COVENTRY AND WARWICKSHIRE INTEGRATED CARE BOARD,Independent sector / other,349,275,349,4,78.8
2026-02-01,NT214,"NUFFIELD HEALTH, WESSEX HOSPITAL",NHS HAMPSHIRE AND ISLE OF WIGHT INTEGRATED CARE BOARD,Independent sector / other,553,203,553,4,36.7
2026-02-01,NT241,"NUFFIELD HEALTH, WOKING HOSPITAL",NHS SURREY HEARTLANDS INTEGRATED CARE BOARD,Independent sector / other,267,204,267,24,76.4
2026-02-01,NT242,"NUFFIELD HEALTH, WOLVERHAMPTON HOSPITAL",NHS BLACK COUNTRY INTEGRATED CARE BOARD,Independent sector / other,647,523,647,0,80.8
2026-02-01,NT245,"NUFFIELD HEALTH, YORK HOSPITAL",NHS HUMBER AND NORTH YORKSHIRE INTEGRATED CARE BOARD,Independent sector / other,1147,842,1147,0,73.4
2026-02-01,NT244,NUFFIELD HOSPITAL OXFORD (THE MANOR),"NHS BUCKINGHAMSHIRE, OXFORDSHIRE AND BERKSHIRE WEST INTEGRATED CARE BOARD",Independent sector / other,101,82,101,0,81.2
2026-02-01,NVC12,OAKLANDS HOSPITAL,NHS GREATER MANCHESTER INTEGRATED CARE BOARD,Independent sector / other,4093,2511,4093,0,61.3
2026-02-01,NVC13,OAKS HOSPITAL,NHS SUFFOLK AND NORTH EAST ESSEX INTEGRATED CARE BOARD,Independent sector / other,1101,622,1101,18,56.5
2026-02-01,DXV,OMNES HEALTHCARE LTD,NHS GREATER MANCHESTER INTEGRATED CARE BOARD,Independent sector / other,11578,6979,11578,208,60.3
2026-02-01,AVQ01,ONE ASHFORD HOSPITAL,NHS KENT AND MEDWAY INTEGRATED CARE BOARD,Independent sector / other,986,820,986,0,83.2
2026-02-01,AVQ03,ONE HATFIELD HOSPITAL,NHS HERTFORDSHIRE AND WEST ESSEX INTEGRATED CARE BOARD,Independent sector / other,447,342,447,7,76.5
2026-02-01,AWR,ONE STOP DOCTORS LIMITED,NHS HERTFORDSHIRE AND WEST ESSEX INTEGRATED CARE BOARD,Independent sector / other,440,384,440,0,87.3
2026-02-01,NNH,OPTEGRA UK,NHS SURREY HEARTLANDS INTEGRATED CARE BOARD,Independent sector / other,7868,7396,7868,0,94.0
2026-02-01,NQM01,ORTHOPAEDICS & SPINE SPECIALIST HOSPITAL SITE,NHS CAMBRIDGESHIRE AND PETERBOROUGH INTEGRATED CARE BOARD,Independent sector / other,153,129,153,0,84.3
2026-02-01,Q2Y5H,OVIVA UK LTD,NHS SOUTH EAST LONDON INTEGRATED CARE BOARD,Independent sector / other,9531,5069,9531,48,53.2
2026-02-01,RTH,OXFORD UNIVERSITY HOSPITALS NHS FOUNDATION TRUST,"NHS BUCKINGHAMSHIRE, OXFORDSHIRE AND BERKSHIRE WEST INTEGRATED CARE BOARD",NHS trust,86985,52714,86985,1895,60.6
2026-02-01,RPG,OXLEAS NHS FOUNDATION TRUST,NHS SOUTH EAST LONDON INTEGRATED CARE BOARD,NHS trust,2794,1331,2794,523,47.6
2026-02-01,NVC14,PARK HILL HOSPITAL,NHS SOUTH YORKSHIRE INTEGRATED CARE BOARD,Independent sector / other,726,579,726,0,79.8
2026-02-01,NT427,PARK HOSPITAL,NHS NOTTINGHAM AND NOTTINGHAMSHIRE INTEGRATED CARE BOARD,Independent sector / other,1928,1295,1928,33,67.2
2026-02-01,V3J9W,PASTEL HEALTH,NHS NORTH EAST LONDON INTEGRATED CARE BOARD,Independent sector / other,56,56,56,0,100.0
2026-02-01,NEQ,PHOENIX HEALTH SOLUTIONS LIMITED HQ,NHS WEST YORKSHIRE INTEGRATED CARE BOARD,Independent sector / other,613,546,613,0,89.1
2026-02-01,DTT,PHOENIX PUBLIC HEALTH LTD,NHS CHESHIRE AND MERSEYSIDE INTEGRATED CARE BOARD,Independent sector / other,156,137,156,2,87.8
2026-02-01,NVC15,PINEHILL HOSPITAL,NHS HERTFORDSHIRE AND WEST ESSEX INTEGRATED CARE BOARD,Independent sector / other,1655,1136,1655,0,68.6
2026-02-01,NEY,PIONEER HEALTHCARE LIMITED,NHS SOUTH YORKSHIRE INTEGRATED CARE BOARD,Independent sector / other,480,138,480,110,28.8
2026-02-01,D3O0Z,PLYMOUTH NEWMEDICA LTD,NHS DEVON INTEGRATED CARE BOARD,Independent sector / other,502,455,502,3,90.6
2026-02-01,RHU,PORTSMOUTH HOSPITALS UNIVERSITY NHS TRUST,NHS HAMPSHIRE AND ISLE OF WIGHT INTEGRATED CARE BOARD,NHS trust,57353,33042,57353,2083,57.6
2026-02-01,NTP13,PRACTICE PLUS GROUP HOSPITAL - BARLBOROUGH,NHS DERBY AND DERBYSHIRE INTEGRATED CARE BOARD,Independent sector / other,1964,1480,1964,3,75.4
2026-02-01,NTPH2,PRACTICE PLUS GROUP HOSPITAL - EMERSONS GREEN,"NHS BRISTOL, NORTH SOMERSET AND SOUTH GLOUCESTERSHIRE INTEGRATED CARE BOARD",Independent sector / other,5079,3983,5079,1,78.4
2026-02-01,NTP15,PRACTICE PLUS GROUP HOSPITAL - ILFORD,NHS NORTH EAST LONDON INTEGRATED CARE BOARD,Independent sector / other,4822,3286,4822,16,68.1
2026-02-01,NTPH5,PRACTICE PLUS GROUP HOSPITAL - PLYMOUTH,NHS DEVON INTEGRATED CARE BOARD,Independent sector / other,1668,1336,1668,2,80.1
2026-02-01,NTPH1,PRACTICE PLUS GROUP HOSPITAL - SHEPTON MALLET,NHS SOMERSET INTEGRATED CARE BOARD,Independent sector / other,2816,1978,2816,20,70.2
2026-02-01,NTP11,PRACTICE PLUS GROUP HOSPITAL - SOUTHAMPTON,NHS HAMPSHIRE AND ISLE OF WIGHT INTEGRATED CARE BOARD,Independent sector / other,9590,6072,9590,7,63.3
2026-02-01,M2Y6D,PRACTICE PLUS GROUP HOSPITAL BIRMINGHAM,NHS BIRMINGHAM AND SOLIHULL INTEGRATED CARE BOARD,Independent sector / other,1269,1000,1269,0,78.8
2026-02-01,NTPAE,PRACTICE PLUS GROUP OPHTHALMOLOGY - NORTH WEST,NHS GREATER MANCHESTER INTEGRATED CARE BOARD,Independent sector / other,1338,1321,1338,0,98.7
2026-02-01,NTPH3,PRACTICE PLUS GROUP SURGICAL CENTRE - DEVIZES,"NHS BATH AND NORTH EAST SOMERSET, SWINDON AND WILTSHIRE INTEGRATED CARE BOARD",Independent sector / other,3096,2382,3096,6,76.9
2026-02-01,NTP16,PRACTICE PLUS GROUP SURGICAL CENTRE - GILLINGHAM,NHS KENT AND MEDWAY INTEGRATED CARE BOARD,Independent sector / other,945,859,945,10,90.9
2026-02-01,NTPAD,PRACTICE PLUS GROUP SURGICAL CENTRE - ST MARYS PORTSMOUTH,NHS HAMPSHIRE AND ISLE OF WIGHT INTEGRATED CARE BOARD,Independent sector / other,1968,1869,1968,0,95.0
2026-02-01,NT428,PRINCESS MARGARET HOSPITAL,NHS FRIMLEY INTEGRATED CARE BOARD,Independent sector / other,89,86,89,0,96.6
2026-02-01,NT429,PRIORY HOSPITAL,NHS BIRMINGHAM AND SOLIHULL INTEGRATED CARE BOARD,Independent sector / other,614,464,614,1,75.6
2026-02-01,NAM01,PROBUS SURGICAL CENTRE,NHS CORNWALL AND THE ISLES OF SCILLY INTEGRATED CARE BOARD,Independent sector / other,883,812,883,0,92.0
2026-02-01,NQX,PROVIDE ENTERPRISES,NHS SUFFOLK AND NORTH EAST ESSEX INTEGRATED CARE BOARD,Independent sector / other,144,144,144,0,100.0
2026-02-01,RPC,QUEEN VICTORIA HOSPITAL NHS FOUNDATION TRUST,NHS SUSSEX INTEGRATED CARE BOARD,NHS trust,20036,12191,20036,255,60.8
2026-02-01,GEC01,RAPID INVESTIGATION SERVICE,NHS HAMPSHIRE AND ISLE OF WIGHT INTEGRATED CARE BOARD,Independent sector / other,95,95,95,0,100.0
2026-02-01,NVC16,RENACRES HOSPITAL,NHS LANCASHIRE AND SOUTH CUMBRIA INTEGRATED CARE BOARD,Independent sector / other,5247,2867,5247,32,54.6
2026-02-01,NT430,RIDGEWAY HOSPITAL,"NHS BATH AND NORTH EAST SOMERSET, SWINDON AND WILTSHIRE INTEGRATED CARE BOARD",Independent sector / other,360,305,360,0,84.7
2026-02-01,NVC19,RIVERS HOSPITAL,NHS HERTFORDSHIRE AND WEST ESSEX INTEGRATED CARE BOARD,Independent sector / other,4593,3170,4593,31,69.0
2026-02-01,NVC17,ROWLEY HALL HOSPITAL,NHS STAFFORDSHIRE AND STOKE-ON-TRENT INTEGRATED CARE BOARD,Independent sector / other,2590,1582,2590,2,61.1
2026-02-01,RHW,ROYAL BERKSHIRE NHS FOUNDATION TRUST,"NHS BUCKINGHAMSHIRE, OXFORDSHIRE AND BERKSHIRE WEST INTEGRATED CARE BOARD",NHS trust,34767,28583,34767,38,82.2
2026-02-01,REF,ROYAL CORNWALL HOSPITALS NHS TRUST,NHS CORNWALL AND THE ISLES OF SCILLY INTEGRATED CARE BOARD,NHS trust,40844,29501,40844,275,72.2
2026-02-01,RH8,ROYAL DEVON UNIVERSITY HEALTHCARE NHS FOUNDATION TRUST,NHS DEVON INTEGRATED CARE BOARD,NHS trust,72074,44730,72074,1628,62.1
2026-02-01,RAL,ROYAL FREE LONDON NHS FOUNDATION TRUST,NHS NORTH CENTRAL LONDON INTEGRATED CARE BOARD,NHS trust,139987,85125,139987,2395,60.8
2026-02-01,RAN,ROYAL NATIONAL ORTHOPAEDIC HOSPITAL NHS TRUST,NHS NORTH WEST LONDON INTEGRATED CARE BOARD,NHS trust,9266,6628,9266,15,71.5
2026-02-01,RGM,ROYAL PAPWORTH HOSPITAL NHS FOUNDATION TRUST,NHS CAMBRIDGESHIRE AND PETERBOROUGH INTEGRATED CARE BOARD,NHS trust,5471,4142,5471,23,75.7
2026-02-01,RA2,ROYAL SURREY NHS FOUNDATION TRUST,NHS SURREY HEARTLANDS INTEGRATED CARE BOARD,NHS trust,30077,18641,30077,512,62.0
2026-02-01,RD1,ROYAL UNITED HOSPITALS BATH NHS FOUNDATION TRUST,"NHS BATH AND NORTH EAST SOMERSET, SWINDON AND WILTSHIRE INTEGRATED CARE BOARD",NHS trust,40323,26702,40323,326,66.2
2026-02-01,NT431,RUNNYMEDE HOSPITAL,NHS SURREY HEARTLANDS INTEGRATED CARE BOARD,Independent sector / other,149,116,149,3,77.9
2026-02-01,RNZ,SALISBURY NHS FOUNDATION TRUST,"NHS BATH AND NORTH EAST SOMERSET, SWINDON AND WILTSHIRE INTEGRATED CARE BOARD",NHS trust,29968,21083,29968,117,70.4
2026-02-01,RXK,SANDWELL AND WEST BIRMINGHAM HOSPITALS NHS TRUST,NHS BLACK COUNTRY INTEGRATED CARE BOARD,NHS trust,66872,39064,66872,623,58.4
2026-02-01,NT433,SARUM ROAD HOSPITAL,NHS HAMPSHIRE AND ISLE OF WIGHT INTEGRATED CARE BOARD,Independent sector / other,373,207,373,0,55.5
2026-02-01,NT434,SAXON CLINIC,"NHS BEDFORDSHIRE, LUTON AND MILTON KEYNES INTEGRATED CARE BOARD",Independent sector / other,698,397,698,5,56.9
2026-02-01,RCU,SHEFFIELD CHILDREN'S NHS FOUNDATION TRUST,NHS SOUTH YORKSHIRE INTEGRATED CARE BOARD,NHS trust,11069,7688,11069,156,69.5
2026-02-01,NT435,SHELBURNE HOSPITAL,"NHS BUCKINGHAMSHIRE, OXFORDSHIRE AND BERKSHIRE WEST INTEGRATED CARE BOARD",Independent sector / other,189,154,189,0,81.5
2026-02-01,RK5,SHERWOOD FOREST HOSPITALS NHS FOUNDATION TRUST,NHS NOTTINGHAM AND NOTTINGHAMSHIRE INTEGRATED CARE BOARD,NHS trust,34355,20926,34355,373,60.9
2026-02-01,NT436,SHIRLEY OAKS HOSPITAL,NHS SOUTH WEST LONDON INTEGRATED CARE BOARD,Independent sector / other,900,678,900,12,75.3
2026-02-01,R1D,SHROPSHIRE COMMUNITY HEALTH NHS TRUST,"NHS SHROPSHIRE, TELFORD AND WREKIN INTEGRATED CARE BOARD",NHS trust,7621,6319,7621,1,82.9
2026-02-01,NLX,SIRONA CARE & HEALTH,"NHS BRISTOL, NORTH SOMERSET AND SOUTH GLOUCESTERSHIRE INTEGRATED CARE BOARD",Independent sector / other,6108,4231,6108,0,69.3
2026-02-01,NT437,SLOANE HOSPITAL,NHS SOUTH EAST LONDON INTEGRATED CARE BOARD,Independent sector / other,853,641,853,12,75.1
2026-02-01,RH5,SOMERSET NHS FOUNDATION TRUST,NHS SOMERSET INTEGRATED CARE BOARD,NHS trust,52985,33415,52985,1111,63.1
2026-02-01,NFH,SOMERSET SURGICAL SERVICES HQ,"NHS BRISTOL, NORTH SOMERSET AND SOUTH GLOUCESTERSHIRE INTEGRATED CARE BOARD",Independent sector / other,1400,1217,1400,1,86.9
2026-02-01,RTR,SOUTH TEES HOSPITALS NHS FOUNDATION TRUST,NHS NORTH EAST AND NORTH CUMBRIA INTEGRATED CARE BOARD,NHS trust,55488,34992,55488,915,63.1
2026-02-01,R0B,SOUTH TYNESIDE AND SUNDERLAND NHS FOUNDATION TRUST,NHS NORTH EAST AND NORTH CUMBRIA INTEGRATED CARE BOARD,NHS trust,57309,42995,57309,6,75.0
2026-02-01,RJC,SOUTH WARWICKSHIRE UNIVERSITY NHS FOUNDATION TRUST,NHS COVENTRY AND WARWICKSHIRE INTEGRATED CARE BOARD,NHS trust,30117,20081,30117,333,66.7
2026-02-01,RXG,SOUTH WEST YORKSHIRE PARTNERSHIP NHS FOUNDATION TRUST,NHS WEST YORKSHIRE INTEGRATED CARE BOARD,NHS trust,4127,3946,4127,0,95.6
2026-02-01,NT490,SOUTHEND PRIVATE HOSPITAL,NHS MID AND SOUTH ESSEX INTEGRATED CARE BOARD,Independent sector / other,1363,965,1363,0,70.8
2026-02-01,NPG19,SPAMEDICA BEDFORD,"NHS BEDFORDSHIRE, LUTON AND MILTON KEYNES INTEGRATED CARE BOARD",Independent sector / other,319,300,319,0,94.0
2026-02-01,D5P5H,SPAMEDICA BEXHILL,NHS SUSSEX INTEGRATED CARE BOARD,Independent sector / other,243,238,243,0,97.9
2026-02-01,NPG11,SPAMEDICA BIRMINGHAM,NHS BIRMINGHAM AND SOLIHULL INTEGRATED CARE BOARD,Independent sector / other,864,775,864,0,89.7
2026-02-01,C3Y0A,SPAMEDICA BLACKPOOL,NHS LANCASHIRE AND SOUTH CUMBRIA INTEGRATED CARE BOARD,Independent sector / other,147,126,147,0,85.7
2026-02-01,NPG08,SPAMEDICA BOLTON,NHS GREATER MANCHESTER INTEGRATED CARE BOARD,Independent sector / other,685,662,685,0,96.6
2026-02-01,I2C7H,SPAMEDICA BRADFORD,NHS WEST YORKSHIRE INTEGRATED CARE BOARD,Independent sector / other,222,194,222,0,87.4
2026-02-01,I9A4A,SPAMEDICA BRIGHTON,NHS SUSSEX INTEGRATED CARE BOARD,Independent sector / other,287,263,287,0,91.6
2026-02-01,P1B7M,SPAMEDICA BRISTOL,"NHS BRISTOL, NORTH SOMERSET AND SOUTH GLOUCESTERSHIRE INTEGRATED CARE BOARD",Independent sector / other,90,76,90,0,84.4
2026-02-01,Y8L9S,SPAMEDICA BROMLEY,NHS SOUTH EAST LONDON INTEGRATED CARE BOARD,Independent sector / other,449,403,449,0,89.8
2026-02-01,O6X7Z,SPAMEDICA CAMBRIDGE,NHS CAMBRIDGESHIRE AND PETERBOROUGH INTEGRATED CARE BOARD,Independent sector / other,552,517,552,0,93.7
2026-02-01,E1U4T,SPAMEDICA CARLISLE,NHS NORTH EAST AND NORTH CUMBRIA INTEGRATED CARE BOARD,Independent sector / other,600,566,600,0,94.3
2026-02-01,NPG16,SPAMEDICA CHELMSFORD,NHS MID AND SOUTH ESSEX INTEGRATED CARE BOARD,Independent sector / other,673,617,673,0,91.7
2026-02-01,V4U1Y,SPAMEDICA CHESTER,NHS CHESHIRE AND MERSEYSIDE INTEGRATED CARE BOARD,Independent sector / other,236,215,236,0,91.1
2026-02-01,T4I8V,SPAMEDICA CHESTERFIELD,NHS DERBY AND DERBYSHIRE INTEGRATED CARE BOARD,Independent sector / other,166,160,166,0,96.4
2026-02-01,J2H6H,SPAMEDICA COLCHESTER,NHS SUFFOLK AND NORTH EAST ESSEX INTEGRATED CARE BOARD,Independent sector / other,184,173,184,0,94.0
2026-02-01,NPG21,SPAMEDICA COVENTRY,NHS COVENTRY AND WARWICKSHIRE INTEGRATED CARE BOARD,Independent sector / other,536,488,536,0,91.0
2026-02-01,N1N0Y,SPAMEDICA CROYDON,NHS SOUTH WEST LONDON INTEGRATED CARE BOARD,Independent sector / other,161,150,161,0,93.2
2026-02-01,V8N5R,SPAMEDICA DALSTON,NHS NORTH EAST LONDON INTEGRATED CARE BOARD,Independent sector / other,359,318,359,0,88.6
2026-02-01,NPG23,SPAMEDICA DERBY,NHS DERBY AND DERBYSHIRE INTEGRATED CARE BOARD,Independent sector / other,395,369,395,0,93.4
2026-02-01,T8V3L,SPAMEDICA DONCASTER,NHS SOUTH YORKSHIRE INTEGRATED CARE BOARD,Independent sector / other,262,242,262,0,92.4
2026-02-01,H4Y7F,SPAMEDICA DORCHESTER,NHS DORSET INTEGRATED CARE BOARD,Independent sector / other,321,302,321,0,94.1
2026-02-01,M7C9Q,SPAMEDICA EPSOM,NHS SURREY HEARTLANDS INTEGRATED CARE BOARD,Independent sector / other,345,335,345,0,97.1
2026-02-01,M5E1S,SPAMEDICA EXETER,NHS DEVON INTEGRATED CARE BOARD,Independent sector / other,336,301,336,0,89.6
2026-02-01,NPG07,SPAMEDICA EYE HOSPITAL (WAKEFIELD),NHS WEST YORKSHIRE INTEGRATED CARE BOARD,Independent sector / other,639,600,639,1,93.9
2026-02-01,Z9Z1G,SPAMEDICA GATESHEAD,NHS NORTH EAST AND NORTH CUMBRIA INTEGRATED CARE BOARD,Independent sector / other,449,428,449,0,95.3
2026-02-01,A0C5S,SPAMEDICA GLOUCESTER,NHS GLOUCESTERSHIRE INTEGRATED CARE BOARD,Independent sector / other,68,56,68,0,82.4
2026-02-01,F4B0R,SPAMEDICA GUILDFORD,NHS SURREY HEARTLANDS INTEGRATED CARE BOARD,Independent sector / other,14,14,14,0,100.0
2026-02-01,Z5J5V,SPAMEDICA HAYDOCK,NHS CHESHIRE AND MERSEYSIDE INTEGRATED CARE BOARD,Independent sector / other,273,252,273,0,92.3
2026-02-01,J0M7P,SPAMEDICA HEREFORD DIAGNOSTIC AND TREATMENT CENTRE,NHS HEREFORDSHIRE AND WORCESTERSHIRE INTEGRATED CARE BOARD,Independent sector / other,24,21,24,0,87.5
2026-02-01,NPG18,SPAMEDICA HULL,NHS HUMBER AND NORTH YORKSHIRE INTEGRATED CARE BOARD,Independent sector / other,384,370,384,0,96.4
2026-02-01,Q8X0X,SPAMEDICA ISLE OF WIGHT COMMUNITY DIAGNOSTIC & TREATMENT CENTRE,NHS HAMPSHIRE AND ISLE OF WIGHT INTEGRATED CARE BOARD,Independent sector / other,25,23,25,0,92.0
2026-02-01,R1G7E,SPAMEDICA KENDAL,NHS LANCASHIRE AND SOUTH CUMBRIA INTEGRATED CARE BOARD,Independent sector / other,310,298,310,0,96.1
2026-02-01,P0C3F,SPAMEDICA LEEDS,NHS WEST YORKSHIRE INTEGRATED CARE BOARD,Independent sector / other,278,266,278,0,95.7
2026-02-01,L9D3Z,SPAMEDICA LEICESTER,"NHS LEICESTER, LEICESTERSHIRE AND RUTLAND INTEGRATED CARE BOARD",Independent sector / other,334,318,334,0,95.2
2026-02-01,NPG06,SPAMEDICA LIVERPOOL,NHS CHESHIRE AND MERSEYSIDE INTEGRATED CARE BOARD,Independent sector / other,454,411,454,0,90.5
2026-02-01,K9J3O,SPAMEDICA LUTON,"NHS BEDFORDSHIRE, LUTON AND MILTON KEYNES INTEGRATED CARE BOARD",Independent sector / other,221,192,221,0,86.9
2026-02-01,R6X7C,SPAMEDICA MACCLESFIELD COMMUNITY DIAGNOSTIC & TREATMENT CENTRE,NHS CHESHIRE AND MERSEYSIDE INTEGRATED CARE BOARD,Independent sector / other,32,32,32,0,100.0
2026-02-01,NPG01,SPAMEDICA MANCHESTER,NHS GREATER MANCHESTER INTEGRATED CARE BOARD,Independent sector / other,361,334,361,0,92.5
2026-02-01,G3O5P,SPAMEDICA NEWARK,NHS NOTTINGHAM AND NOTTINGHAMSHIRE INTEGRATED CARE BOARD,Independent sector / other,570,525,570,1,92.1
2026-02-01,NPG15,SPAMEDICA NEWCASTLE-UNDER-LYME,NHS STAFFORDSHIRE AND STOKE-ON-TRENT INTEGRATED CARE BOARD,Independent sector / other,289,284,289,0,98.3
2026-02-01,G5X2Q,SPAMEDICA NORTH TYNESIDE,NHS NORTH EAST AND NORTH CUMBRIA INTEGRATED CARE BOARD,Independent sector / other,381,358,381,0,94.0
2026-02-01,M3R0W,SPAMEDICA NORWICH,NHS NORFOLK AND WAVENEY INTEGRATED CARE BOARD,Independent sector / other,393,349,393,2,88.8
2026-02-01,O1P6X,SPAMEDICA OLDHAM,NHS GREATER MANCHESTER INTEGRATED CARE BOARD,Independent sector / other,646,616,646,0,95.4
2026-02-01,O5Y9D,SPAMEDICA OXFORD,"NHS BUCKINGHAMSHIRE, OXFORDSHIRE AND BERKSHIRE WEST INTEGRATED CARE BOARD",Independent sector / other,199,184,199,0,92.5
2026-02-01,B9J4U,SPAMEDICA PETERBOROUGH,NHS CAMBRIDGESHIRE AND PETERBOROUGH INTEGRATED CARE BOARD,Independent sector / other,506,475,506,0,93.9
2026-02-01,L6O7H,SPAMEDICA POOLE,NHS DORSET INTEGRATED CARE BOARD,Independent sector / other,756,711,756,0,94.0
2026-02-01,A1U4J,SPAMEDICA PORTSMOUTH,NHS HAMPSHIRE AND ISLE OF WIGHT INTEGRATED CARE BOARD,Independent sector / other,211,194,211,0,91.9
2026-02-01,NPG17,SPAMEDICA PRESTON,NHS LANCASHIRE AND SOUTH CUMBRIA INTEGRATED CARE BOARD,Independent sector / other,273,255,273,0,93.4
2026-02-01,B4N1U,SPAMEDICA ROMFORD,NHS NORTH EAST LONDON INTEGRATED CARE BOARD,Independent sector / other,593,544,593,0,91.7
2026-02-01,I1H7K,SPAMEDICA SALE,NHS GREATER MANCHESTER INTEGRATED CARE BOARD,Independent sector / other,167,157,167,0,94.0
2026-02-01,NPG10,SPAMEDICA SHEFFIELD,NHS SOUTH YORKSHIRE INTEGRATED CARE BOARD,Independent sector / other,425,400,425,0,94.1
2026-02-01,M0N7E,SPAMEDICA SITTINGBOURNE,NHS KENT AND MEDWAY INTEGRATED CARE BOARD,Independent sector / other,176,163,176,0,92.6
2026-02-01,NPG13,SPAMEDICA SKELMERSDALE,NHS LANCASHIRE AND SOUTH CUMBRIA INTEGRATED CARE BOARD,Independent sector / other,78,69,78,0,88.5
2026-02-01,J7V1N,SPAMEDICA SOLIHULL,NHS BIRMINGHAM AND SOLIHULL INTEGRATED CARE BOARD,Independent sector / other,460,398,460,0,86.5
2026-02-01,B9M3W,SPAMEDICA SOUTHAMPTON,NHS HAMPSHIRE AND ISLE OF WIGHT INTEGRATED CARE BOARD,Independent sector / other,514,337,514,2,65.6
2026-02-01,K3V9U,SPAMEDICA STEVENAGE COMMUNITY DIAGNOSTIC & TREATMENT CENTRE,NHS HERTFORDSHIRE AND WEST ESSEX INTEGRATED CARE BOARD,Independent sector / other,7,7,7,0,100.0
2026-02-01,NPG22,SPAMEDICA STOCKTON-ON-TEES,NHS NORTH EAST AND NORTH CUMBRIA INTEGRATED CARE BOARD,Independent sector / other,431,402,431,0,93.3
2026-02-01,H1T2P,SPAMEDICA SWINDON,"NHS BATH AND NORTH EAST SOMERSET, SWINDON AND WILTSHIRE INTEGRATED CARE BOARD",Independent sector / other,73,71,73,0,97.3
2026-02-01,G6S7A,SPAMEDICA TAUNTON,NHS SOMERSET INTEGRATED CARE BOARD,Independent sector / other,817,719,817,0,88.0
2026-02-01,V5F1D,SPAMEDICA TELFORD,"NHS SHROPSHIRE, TELFORD AND WREKIN INTEGRATED CARE BOARD",Independent sector / other,392,335,392,0,85.5
2026-02-01,E3D4A,SPAMEDICA TRURO,NHS CORNWALL AND THE ISLES OF SCILLY INTEGRATED CARE BOARD,Independent sector / other,302,289,302,0,95.7
2026-02-01,Q1W6P,SPAMEDICA WATFORD,NHS HERTFORDSHIRE AND WEST ESSEX INTEGRATED CARE BOARD,Independent sector / other,335,314,335,0,93.7
2026-02-01,A1D1B,SPAMEDICA WEMBLEY,NHS NORTH WEST LONDON INTEGRATED CARE BOARD,Independent sector / other,380,364,380,0,95.8
2026-02-01,NPG14,SPAMEDICA WIDNES,NHS CHESHIRE AND MERSEYSIDE INTEGRATED CARE BOARD,Independent sector / other,254,238,254,0,93.7
2026-02-01,NPG02,SPAMEDICA WIRRAL,NHS CHESHIRE AND MERSEYSIDE INTEGRATED CARE BOARD,Independent sector / other,341,332,341,0,97.4
2026-02-01,T8R5I,SPAMEDICA WOKINGHAM,"NHS BUCKINGHAMSHIRE, OXFORDSHIRE AND BERKSHIRE WEST INTEGRATED CARE BOARD",Independent sector / other,271,258,271,1,95.2
2026-02-01,NPG20,SPAMEDICA WOLVERHAMPTON,NHS BLACK COUNTRY INTEGRATED CARE BOARD,Independent sector / other,575,522,575,0,90.8
2026-02-01,J3X4C,SPAMEDICA WORCESTER,NHS HEREFORDSHIRE AND WORCESTERSHIRE INTEGRATED CARE BOARD,Independent sector / other,368,307,368,0,83.4
2026-02-01,NN8,SPENCER PRIVATE HOSPITALS LTD,NHS KENT AND MEDWAY INTEGRATED CARE BOARD,Independent sector / other,3603,2166,3603,45,60.1
2026-02-01,NT312,SPIRE ALEXANDRA HOSPITAL,NHS KENT AND MEDWAY INTEGRATED CARE BOARD,Independent sector / other,1241,1000,1241,1,80.6
2026-02-01,NT302,SPIRE BRISTOL HOSPITAL,"NHS BRISTOL, NORTH SOMERSET AND SOUTH GLOUCESTERSHIRE INTEGRATED CARE BOARD",Independent sector / other,843,495,843,12,58.7
2026-02-01,NT315,SPIRE BUSHEY HOSPITAL,NHS HERTFORDSHIRE AND WEST ESSEX INTEGRATED CARE BOARD,Independent sector / other,1132,1081,1132,0,95.5
2026-02-01,NT317,SPIRE CAMBRIDGE LEA HOSPITAL,NHS CAMBRIDGESHIRE AND PETERBOROUGH INTEGRATED CARE BOARD,Independent sector / other,260,165,260,3,63.5
2026-02-01,NT324,SPIRE CHESHIRE HOSPITAL,NHS CHESHIRE AND MERSEYSIDE INTEGRATED CARE BOARD,Independent sector / other,1338,1121,1338,1,83.8
2026-02-01,NT345,SPIRE CLARE PARK HOSPITAL,NHS FRIMLEY INTEGRATED CARE BOARD,Independent sector / other,488,220,488,13,45.1
2026-02-01,NT344,SPIRE DUNEDIN HOSPITAL,"NHS BUCKINGHAMSHIRE, OXFORDSHIRE AND BERKSHIRE WEST INTEGRATED CARE BOARD",Independent sector / other,340,283,340,1,83.2
2026-02-01,NT348,SPIRE ELLAND HOSPITAL,NHS WEST YORKSHIRE INTEGRATED CARE BOARD,Independent sector / other,1503,1136,1503,4,75.6
2026-02-01,NT347,SPIRE FYLDE COAST HOSPITAL,NHS LANCASHIRE AND SOUTH CUMBRIA INTEGRATED CARE BOARD,Independent sector / other,4981,3362,4981,7,67.5
2026-02-01,NT308,SPIRE GATWICK PARK HOSPITAL,NHS SURREY HEARTLANDS INTEGRATED CARE BOARD,Independent sector / other,1214,895,1214,7,73.7
2026-02-01,NT316,SPIRE HARPENDEN HOSPITAL,NHS HERTFORDSHIRE AND WEST ESSEX INTEGRATED CARE BOARD,Independent sector / other,779,693,779,0,89.0
2026-02-01,NT319,SPIRE HARTSWOOD HOSPITAL,NHS MID AND SOUTH ESSEX INTEGRATED CARE BOARD,Independent sector / other,1377,997,1377,6,72.4
2026-02-01,NT351,SPIRE HULL AND EAST RIDING HOSPITAL,NHS HUMBER AND NORTH YORKSHIRE INTEGRATED CARE BOARD,Independent sector / other,2635,1636,2635,0,62.1
2026-02-01,NT332,SPIRE LEEDS HOSPITAL,NHS WEST YORKSHIRE INTEGRATED CARE BOARD,Independent sector / other,925,775,925,2,83.8
2026-02-01,NT322,SPIRE LEICESTER HOSPITAL,"NHS LEICESTER, LEICESTERSHIRE AND RUTLAND INTEGRATED CARE BOARD",Independent sector / other,1317,870,1317,31,66.1
2026-02-01,NT321,SPIRE LITTLE ASTON HOSPITAL,NHS STAFFORDSHIRE AND STOKE-ON-TRENT INTEGRATED CARE BOARD,Independent sector / other,1474,1141,1474,8,77.4
2026-02-01,NT337,SPIRE LIVERPOOL HOSPITAL,NHS CHESHIRE AND MERSEYSIDE INTEGRATED CARE BOARD,Independent sector / other,2857,2192,2857,3,76.7
2026-02-01,NT314,SPIRE LONDON EAST,NHS NORTH EAST LONDON INTEGRATED CARE BOARD,Independent sector / other,2787,1563,2787,22,56.1
2026-02-01,NT327,SPIRE MANCHESTER HOSPITAL,NHS GREATER MANCHESTER INTEGRATED CARE BOARD,Independent sector / other,994,530,994,10,53.3
2026-02-01,NT350,SPIRE METHLEY PARK HOSPITAL,NHS WEST YORKSHIRE INTEGRATED CARE BOARD,Independent sector / other,994,824,994,2,82.9
2026-02-01,NT364,SPIRE MONTEFIORE HOSPITAL,NHS SUSSEX INTEGRATED CARE BOARD,Independent sector / other,751,400,751,30,53.3
2026-02-01,NT325,SPIRE MURRAYFIELD HOSPITAL,NHS CHESHIRE AND MERSEYSIDE INTEGRATED CARE BOARD,Independent sector / other,912,760,912,2,83.3
2026-02-01,NT318,SPIRE NORWICH HOSPITAL,NHS NORFOLK AND WAVENEY INTEGRATED CARE BOARD,Independent sector / other,639,612,639,0,95.8
2026-02-01,NT30A,SPIRE NOTTINGHAM HOSPITAL,NHS NOTTINGHAM AND NOTTINGHAMSHIRE INTEGRATED CARE BOARD,Independent sector / other,744,651,744,1,87.5
2026-02-01,NT320,SPIRE PARKWAY HOSPITAL,NHS BIRMINGHAM AND SOLIHULL INTEGRATED CARE BOARD,Independent sector / other,1435,999,1435,9,69.6
2026-02-01,NT305,SPIRE PORTSMOUTH HOSPITAL,NHS HAMPSHIRE AND ISLE OF WIGHT INTEGRATED CARE BOARD,Independent sector / other,478,251,478,0,52.5
2026-02-01,NT339,SPIRE REGENCY HOSPITAL,NHS CHESHIRE AND MERSEYSIDE INTEGRATED CARE BOARD,Independent sector / other,1967,1859,1967,0,94.5
2026-02-01,NT301,SPIRE SOUTH BANK HOSPITAL,NHS HEREFORDSHIRE AND WORCESTERSHIRE INTEGRATED CARE BOARD,Independent sector / other,925,732,925,3,79.1
2026-02-01,NT304,SPIRE SOUTHAMPTON HOSPITAL,NHS HAMPSHIRE AND ISLE OF WIGHT INTEGRATED CARE BOARD,Independent sector / other,358,132,358,5,36.9
2026-02-01,NT3X3,SPIRE ST ANTHONY'S HOSPITAL,NHS SOUTH WEST LONDON INTEGRATED CARE BOARD,Independent sector / other,930,861,930,3,92.6
2026-02-01,NT343,SPIRE THAMES VALLEY HOSPITAL,"NHS BUCKINGHAMSHIRE, OXFORDSHIRE AND BERKSHIRE WEST INTEGRATED CARE BOARD",Independent sector / other,462,250,462,11,54.1
2026-02-01,NT333,SPIRE WASHINGTON HOSPITAL,NHS NORTH EAST AND NORTH CUMBRIA INTEGRATED CARE BOARD,Independent sector / other,1596,1200,1596,11,75.2
2026-02-01,NT313,SPIRE WELLESLEY HOSPITAL,NHS MID AND SOUTH ESSEX INTEGRATED CARE BOARD,Independent sector / other,1347,789,1347,30,58.6
2026-02-01,NVC18,SPRINGFIELD HOSPITAL,NHS MID AND SOUTH ESSEX INTEGRATED CARE BOARD,Independent sector / other,5052,3688,5052,164,73.0
2026-02-01,NT446,ST EDMUNDS HOSPITAL,NHS SUFFOLK AND NORTH EAST ESSEX INTEGRATED CARE BOARD,Independent sector / other,579,308,579,7,53.2
2026-02-01,RJ7,ST GEORGE'S UNIVERSITY HOSPITALS NHS FOUNDATION TRUST,NHS SOUTH WEST LONDON INTEGRATED CARE BOARD,NHS trust,68072,42337,68072,728,62.2
2026-02-01,NTE02,ST HUGH'S HOSPITAL,NHS HUMBER AND NORTH YORKSHIRE INTEGRATED CARE BOARD,Independent sector / other,1983,1504,1983,5,75.8
2026-02-01,NQT5K,ST MARTINS HOSPITAL,"NHS BATH AND NORTH EAST SOMERSET, SWINDON AND WILTSHIRE INTEGRATED CARE BOARD",Independent sector / other,144,116,144,0,80.6
2026-02-01,AHP,ST MICHAEL'S CLINIC LIMITED,"NHS SHROPSHIRE, TELFORD AND WREKIN INTEGRATED CARE BOARD",Independent sector / other,1723,1117,1723,16,64.8
2026-02-01,NHW,STANDARD HEALTH LTD,NHS NORTH WEST LONDON INTEGRATED CARE BOARD,Independent sector / other,82,46,82,0,56.1
2026-02-01,RWJ,STOCKPORT NHS FOUNDATION TRUST,NHS GREATER MANCHESTER INTEGRATED CARE BOARD,NHS trust,34282,20611,34282,346,60.1
2026-02-01,NVC1H,STOURSIDE HOSPITAL,NHS BLACK COUNTRY INTEGRATED CARE BOARD,Independent sector / other,3316,2167,3316,17,65.3
2026-02-01,NDL01,SUFFOLK GP FEDERATION,NHS SUFFOLK AND NORTH EAST ESSEX INTEGRATED CARE BOARD,Independent sector / other,181,180,181,0,99.4
2026-02-01,G3Z1Q,SULIS HOSPITAL BATH (FOXCOTE AVENUE),"NHS BATH AND NORTH EAST SOMERSET, SWINDON AND WILTSHIRE INTEGRATED CARE BOARD",Independent sector / other,3726,2853,3726,15,76.6
2026-02-01,RTP,SURREY AND SUSSEX HEALTHCARE NHS TRUST,NHS SURREY HEARTLANDS INTEGRATED CARE BOARD,NHS trust,47465,30841,47465,696,65.0
2026-02-01,NYG,SUSSEX COMMUNITY DERMATOLOGY SERVICE,NHS SUSSEX INTEGRATED CARE BOARD,Independent sector / other,14455,10810,14455,2,74.8
2026-02-01,RDR,SUSSEX COMMUNITY NHS FOUNDATION TRUST,NHS SUSSEX INTEGRATED CARE BOARD,NHS trust,13002,7067,13002,288,54.4
2026-02-01,RMP,TAMESIDE AND GLOSSOP INTEGRATED CARE NHS FOUNDATION TRUST,NHS GREATER MANCHESTER INTEGRATED CARE BOARD,NHS trust,16406,12250,16406,0,74.7
2026-02-01,NVC0R,TEES VALLEY HOSPITAL,NHS NORTH EAST AND NORTH CUMBRIA INTEGRATED CARE BOARD,Independent sector / other,4254,3196,4254,0,75.1
2026-02-01,AAH,TETBURY HOSPITAL TRUST LTD,NHS GLOUCESTERSHIRE INTEGRATED CARE BOARD,Independent sector / other,306,278,306,0,90.8
2026-02-01,NVC02,THE BERKSHIRE INDEPENDENT HOSPITAL,"NHS BUCKINGHAMSHIRE, OXFORDSHIRE AND BERKSHIRE WEST INTEGRATED CARE BOARD",Independent sector / other,1012,759,1012,0,75.0
2026-02-01,NVC25,THE CHERWELL HOSPITAL,"NHS BUCKINGHAMSHIRE, OXFORDSHIRE AND BERKSHIRE WEST INTEGRATED CARE BOARD",Independent sector / other,2031,1323,2031,7,65.1
2026-02-01,RBV,THE CHRISTIE NHS FOUNDATION TRUST,NHS GREATER MANCHESTER INTEGRATED CARE BOARD,NHS trust,3304,3207,3304,0,97.1
2026-02-01,REN,THE CLATTERBRIDGE CANCER CENTRE NHS FOUNDATION TRUST,NHS CHESHIRE AND MERSEYSIDE INTEGRATED CARE BOARD,NHS trust,769,735,769,0,95.6
2026-02-01,RNA,THE DUDLEY GROUP NHS FOUNDATION TRUST,NHS BLACK COUNTRY INTEGRATED CARE BOARD,NHS trust,46879,28557,46879,32,60.9
2026-02-01,AJ8,THE GRANGE MEDICAL CENTRE HQ,NHS WEST YORKSHIRE INTEGRATED CARE BOARD,Independent sector / other,133,133,133,0,100.0
2026-02-01,S3H9L,THE HAMPTONS HOSPITAL LTD,NHS CAMBRIDGESHIRE AND PETERBOROUGH INTEGRATED CARE BOARD,Independent sector / other,1383,552,1383,61,39.9
2026-02-01,RAS,THE HILLINGDON HOSPITALS NHS FOUNDATION TRUST,NHS NORTH WEST LONDON INTEGRATED CARE BOARD,NHS trust,33399,20425,33399,203,61.2
2026-02-01,NXM01,THE HORDER CENTRE - ST JOHNS ROAD,NHS SUSSEX INTEGRATED CARE BOARD,Independent sector / other,1319,737,1319,7,55.9
2026-02-01,DX1,THE NEW FOSCOTE HOSPITAL LTD,NHS NORTH CENTRAL LONDON INTEGRATED CARE BOARD,Independent sector / other,302,282,302,0,93.4
2026-02-01,RTD,THE NEWCASTLE UPON TYNE HOSPITALS NHS FOUNDATION TRUST,NHS NORTH EAST AND NORTH CUMBRIA INTEGRATED CARE BOARD,NHS trust,82021,58218,82021,777,71.0
2026-02-01,NTX,THE ONE HEALTH GROUP PLC,NHS SOUTH YORKSHIRE INTEGRATED CARE BOARD,Independent sector / other,5498,3977,5498,21,72.3
2026-02-01,RQW,THE PRINCESS ALEXANDRA HOSPITAL NHS TRUST,NHS HERTFORDSHIRE AND WEST ESSEX INTEGRATED CARE BOARD,NHS trust,38734,22405,38734,1282,57.8
2026-02-01,RCX,"THE QUEEN ELIZABETH HOSPITAL, KING'S LYNN, NHS FOUNDATION TRUST",NHS NORFOLK AND WAVENEY INTEGRATED CARE BOARD,NHS trust,25345,13704,25345,346,54.1
2026-02-01,RL1,THE ROBERT JONES AND AGNES HUNT ORTHOPAEDIC HOSPITAL NHS FOUNDATION TRUST,"NHS SHROPSHIRE, TELFORD AND WREKIN INTEGRATED CARE BOARD",NHS trust,25250,12222,25250,3155,48.4
2026-02-01,RFR,THE ROTHERHAM NHS FOUNDATION TRUST,NHS SOUTH YORKSHIRE INTEGRATED CARE BOARD,NHS trust,29090,19701,29090,444,67.7
2026-02-01,DJH01,THE ROYAL BUCKINGHAMSHIRE HOSPITAL LTD,"NHS BUCKINGHAMSHIRE, OXFORDSHIRE AND BERKSHIRE WEST INTEGRATED CARE BOARD",Independent sector / other,41,38,41,0,92.7
2026-02-01,RPY,THE ROYAL MARSDEN NHS FOUNDATION TRUST,NHS NORTH WEST LONDON INTEGRATED CARE BOARD,NHS trust,1969,1858,1969,2,94.4
2026-02-01,RRJ,THE ROYAL ORTHOPAEDIC HOSPITAL NHS FOUNDATION TRUST,NHS BIRMINGHAM AND SOLIHULL INTEGRATED CARE BOARD,NHS trust,12876,8136,12876,104,63.2
2026-02-01,RL4,THE ROYAL WOLVERHAMPTON NHS TRUST,NHS BLACK COUNTRY INTEGRATED CARE BOARD,NHS trust,77741,44382,77741,2025,57.1
2026-02-01,RXW,THE SHREWSBURY AND TELFORD HOSPITAL NHS TRUST,"NHS SHROPSHIRE, TELFORD AND WREKIN INTEGRATED CARE BOARD",NHS trust,33359,21060,33359,47,63.1
2026-02-01,DPK,THE STONEYGATE EYE HOSPITAL,"NHS LEICESTER, LEICESTERSHIRE AND RUTLAND INTEGRATED CARE BOARD",Independent sector / other,641,612,641,0,95.5
2026-02-01,RET,THE WALTON CENTRE NHS FOUNDATION TRUST,NHS CHESHIRE AND MERSEYSIDE INTEGRATED CARE BOARD,NHS trust,16133,10121,16133,190,62.7
2026-02-01,NVC44,THE WESTBOURNE CENTRE,NHS BIRMINGHAM AND SOLIHULL INTEGRATED CARE BOARD,Independent sector / other,3541,1882,3541,14,53.1
2026-02-01,NVC20,THE YORKSHIRE CLINIC,NHS WEST YORKSHIRE INTEGRATED CARE BOARD,Independent sector / other,7190,5318,7190,25,74.0
2026-02-01,NT440,THORNBURY HOSPITAL,NHS SOUTH YORKSHIRE INTEGRATED CARE BOARD,Independent sector / other,662,481,662,3,72.7
2026-02-01,NT441,THREE SHIRES HOSPITAL,NHS NORTHAMPTONSHIRE INTEGRATED CARE BOARD,Independent sector / other,3537,2092,3537,74,59.1
2026-02-01,RA9,TORBAY AND SOUTH DEVON NHS FOUNDATION TRUST,NHS DEVON INTEGRATED CARE BOARD,NHS trust,33605,22442,33605,595,66.8
2026-02-01,NN4,TYNESIDE SURGICAL SERVICES LTD,NHS NORTH EAST AND NORTH CUMBRIA INTEGRATED CARE BOARD,Independent sector / other,1388,1094,1388,1,78.8
2026-02-01,RWD,UNITED LINCOLNSHIRE TEACHING HOSPITALS NHS TRUST,NHS LINCOLNSHIRE INTEGRATED CARE BOARD,NHS trust,69054,38901,69054,464,56.3
2026-02-01,RRV,UNIVERSITY COLLEGE LONDON HOSPITALS NHS FOUNDATION TRUST,NHS NORTH CENTRAL LONDON INTEGRATED CARE BOARD,NHS trust,75701,46773,75701,1051,61.8
2026-02-01,RHM,UNIVERSITY HOSPITAL SOUTHAMPTON NHS FOUNDATION TRUST,NHS HAMPSHIRE AND ISLE OF WIGHT INTEGRATED CARE BOARD,NHS trust,62707,38227,62707,1485,61.0
2026-02-01,RRK,UNIVERSITY HOSPITALS BIRMINGHAM NHS FOUNDATION TRUST,NHS BIRMINGHAM AND SOLIHULL INTEGRATED CARE BOARD,NHS trust,91407,57154,91407,671,62.5
2026-02-01,RA7,UNIVERSITY HOSPITALS BRISTOL AND WESTON NHS FOUNDATION TRUST,"NHS BRISTOL, NORTH SOMERSET AND SOUTH GLOUCESTERSHIRE INTEGRATED CARE BOARD",NHS trust,50142,33826,50142,390,67.5
2026-02-01,RKB,UNIVERSITY HOSPITALS COVENTRY AND WARWICKSHIRE NHS TRUST,NHS COVENTRY AND WARWICKSHIRE INTEGRATED CARE BOARD,NHS trust,70908,40966,70908,1839,57.8
2026-02-01,R0D,UNIVERSITY HOSPITALS DORSET NHS FOUNDATION TRUST,NHS DORSET INTEGRATED CARE BOARD,NHS trust,66134,42200,66134,1254,63.8
2026-02-01,RTG,UNIVERSITY HOSPITALS OF DERBY AND BURTON NHS FOUNDATION TRUST,NHS DERBY AND DERBYSHIRE INTEGRATED CARE BOARD,NHS trust,96841,55582,96841,1909,57.4
2026-02-01,RWE,UNIVERSITY HOSPITALS OF LEICESTER NHS TRUST,"NHS LEICESTER, LEICESTERSHIRE AND RUTLAND INTEGRATED CARE BOARD",NHS trust,117449,65380,117449,2503,55.7
2026-02-01,RTX,UNIVERSITY HOSPITALS OF MORECAMBE BAY NHS FOUNDATION TRUST,NHS LANCASHIRE AND SOUTH CUMBRIA INTEGRATED CARE BOARD,NHS trust,34786,23360,34786,570,67.2
2026-02-01,RJE,UNIVERSITY HOSPITALS OF NORTH MIDLANDS NHS TRUST,NHS STAFFORDSHIRE AND STOKE-ON-TRENT INTEGRATED CARE BOARD,NHS trust,64682,39873,64682,1370,61.6
2026-02-01,RK9,UNIVERSITY HOSPITALS PLYMOUTH NHS TRUST,NHS DEVON INTEGRATED CARE BOARD,NHS trust,47354,29654,47354,957,62.6
2026-02-01,RYR,UNIVERSITY HOSPITALS SUSSEX NHS FOUNDATION TRUST,NHS SUSSEX INTEGRATED CARE BOARD,NHS trust,114061,59530,114061,4753,52.2
2026-02-01,NRF,UNIVERSITY OF SOUTHAMPTON AUDITORY IMPLANT SERVICE,NHS HAMPSHIRE AND ISLE OF WIGHT INTEGRATED CARE BOARD,Independent sector / other,197,140,197,7,71.1
2026-02-01,AQK,VERNOVA HEALTHCARE COMMUNITY INTEREST COMPANY,NHS CHESHIRE AND MERSEYSIDE INTEGRATED CARE BOARD,Independent sector / other,271,214,271,0,79.0
2026-02-01,RBK,WALSALL HEALTHCARE NHS TRUST,NHS BLACK COUNTRY INTEGRATED CARE BOARD,NHS trust,28528,20205,28528,18,70.8
2026-02-01,RWW,WARRINGTON AND HALTON TEACHING HOSPITALS NHS FOUNDATION TRUST,NHS CHESHIRE AND MERSEYSIDE INTEGRATED CARE BOARD,NHS trust,33711,21243,33711,564,63.0
2026-02-01,RWG,WEST HERTFORDSHIRE TEACHING HOSPITALS NHS TRUST,NHS HERTFORDSHIRE AND WEST ESSEX INTEGRATED CARE BOARD,NHS trust,44704,29582,44704,708,66.2
2026-02-01,NVC21,WEST MIDLANDS HOSPITAL,NHS BLACK COUNTRY INTEGRATED CARE BOARD,Independent sector / other,479,281,479,9,58.7
2026-02-01,RGR,WEST SUFFOLK NHS FOUNDATION TRUST,NHS SUFFOLK AND NORTH EAST ESSEX INTEGRATED CARE BOARD,NHS trust,31094,19553,31094,609,62.9
2026-02-01,RKE,WHITTINGTON HEALTH NHS TRUST,NHS NORTH CENTRAL LONDON INTEGRATED CARE BOARD,NHS trust,25096,15442,25096,216,61.5
2026-02-01,NVC22,WINFIELD HOSPITAL,NHS GLOUCESTERSHIRE INTEGRATED CARE BOARD,Independent sector / other,1128,798,1128,6,70.7
2026-02-01,NT443,WINTERBOURNE HOSPITAL,NHS DORSET INTEGRATED CARE BOARD,Independent sector / other,423,357,423,0,84.4
2026-02-01,RBL,WIRRAL UNIVERSITY TEACHING HOSPITAL NHS FOUNDATION TRUST,NHS CHESHIRE AND MERSEYSIDE INTEGRATED CARE BOARD,NHS trust,46357,27689,46357,990,59.7
2026-02-01,NVC23,WOODLAND HOSPITAL,NHS NORTHAMPTONSHIRE INTEGRATED CARE BOARD,Independent sector / other,5164,3251,5164,23,63.0
2026-02-01,NT457,WOODLANDS HOSPITAL,NHS NORTH EAST AND NORTH CUMBRIA INTEGRATED CARE BOARD,Independent sector / other,2510,1944,2510,6,77.5
2026-02-01,NVC40,WOODTHORPE HOSPITAL,NHS NOTTINGHAM AND NOTTINGHAMSHIRE INTEGRATED CARE BOARD,Independent sector / other,3781,2660,3781,25,70.4
2026-02-01,RWP,WORCESTERSHIRE ACUTE HOSPITALS NHS TRUST,NHS HEREFORDSHIRE AND WORCESTERSHIRE INTEGRATED CARE BOARD,NHS trust,55698,32681,55698,791,58.7
2026-02-01,RRF,"WRIGHTINGTON, WIGAN AND LEIGH TEACHING HOSPITALS NHS FOUNDATION TRUST",NHS GREATER MANCHESTER INTEGRATED CARE BOARD,NHS trust,44410,26217,44410,1057,59.0
2026-02-01,RLQ,WYE VALLEY NHS TRUST,NHS HEREFORDSHIRE AND WORCESTERSHIRE INTEGRATED CARE BOARD,NHS trust,26034,16529,26034,733,63.5
2026-02-01,RCB,YORK AND SCARBOROUGH TEACHING HOSPITALS NHS FOUNDATION TRUST,NHS HUMBER AND NORTH YORKSHIRE INTEGRATED CARE BOARD,NHS trust,56641,30993,56641,1253,54.7
2026-03-01,NPR01,ABOUT HEALTH HQ,NHS SOMERSET INTEGRATED CARE BOARD,Independent sector / other,1635,1635,1635,0,100.0
2026-03-01,S0L9O,ACES BIRMINGHAM,NHS BIRMINGHAM AND SOLIHULL INTEGRATED CARE BOARD,Independent sector / other,17,12,17,0,70.6
2026-03-01,E6F9I,ACES BRADFORD,NHS WEST YORKSHIRE INTEGRATED CARE BOARD,Independent sector / other,1,1,1,0,100.0
2026-03-01,T1T4S,ACES BRISTOL,"NHS BRISTOL, NORTH SOMERSET AND SOUTH GLOUCESTERSHIRE INTEGRATED CARE BOARD",Independent sector / other,71,58,71,0,81.7
2026-03-01,H3W7Q,ACES CHELMSFORD,NHS MID AND SOUTH ESSEX INTEGRATED CARE BOARD,Independent sector / other,68,54,68,0,79.4
2026-03-01,U6A5N,ACES CHISWICK,NHS NORTH WEST LONDON INTEGRATED CARE BOARD,Independent sector / other,12,8,12,0,66.7
2026-03-01,Z4F8Y,ACES DARTFORD,NHS KENT AND MEDWAY INTEGRATED CARE BOARD,Independent sector / other,367,326,367,0,88.8
2026-03-01,N1M9Z,ACES EXETER,NHS DEVON INTEGRATED CARE BOARD,Independent sector / other,49,38,49,0,77.6
2026-03-01,F2C9F,ACES HARLEY STREET,NHS NORTH WEST LONDON INTEGRATED CARE BOARD,Independent sector / other,2,1,2,0,50.0
2026-03-01,X7M7U,ACES LAKESIDE,NHS MID AND SOUTH ESSEX INTEGRATED CARE BOARD,Independent sector / other,9,9,9,0,100.0
2026-03-01,X0R3Y,ACES LEEDS KING STREET,NHS WEST YORKSHIRE INTEGRATED CARE BOARD,Independent sector / other,28,20,28,0,71.4
2026-03-01,P1G3N,ACES LEEDS WHITE ROSE,NHS WEST YORKSHIRE INTEGRATED CARE BOARD,Independent sector / other,6,4,6,0,66.7
2026-03-01,T1I9W,ACES LINCOLN,NHS LINCOLNSHIRE INTEGRATED CARE BOARD,Independent sector / other,10,10,10,0,100.0
2026-03-01,D2L5T,ACES LIVERPOOL,NHS CHESHIRE AND MERSEYSIDE INTEGRATED CARE BOARD,Independent sector / other,72,59,72,0,81.9
2026-03-01,X1M4L,ACES MAIDSTONE,NHS KENT AND MEDWAY INTEGRATED CARE BOARD,Independent sector / other,5,4,5,0,80.0
2026-03-01,W7J4C,ACES MANCHESTER,NHS GREATER MANCHESTER INTEGRATED CARE BOARD,Independent sector / other,105,68,105,0,64.8
2026-03-01,N1L8R,ACES MANCHESTER ST JOHNS STREET,NHS GREATER MANCHESTER INTEGRATED CARE BOARD,Independent sector / other,13,11,13,0,84.6
2026-03-01,S8O6A,ACES MANCHESTER TRAFFORD,NHS GREATER MANCHESTER INTEGRATED CARE BOARD,Independent sector / other,3,1,3,0,33.3
2026-03-01,U1P4Z,ACES MILTON KEYNES,"NHS BEDFORDSHIRE, LUTON AND MILTON KEYNES INTEGRATED CARE BOARD",Independent sector / other,143,121,143,0,84.6
2026-03-01,I7G8X,ACES NEWCASTLE,NHS NORTH EAST AND NORTH CUMBRIA INTEGRATED CARE BOARD,Independent sector / other,31,28,31,0,90.3
2026-03-01,A4Y8X,ACES NOTTINGHAM,NHS NOTTINGHAM AND NOTTINGHAMSHIRE INTEGRATED CARE BOARD,Independent sector / other,28,24,28,0,85.7
2026-03-01,O1B1P,ACES PLYMOUTH,NHS DEVON INTEGRATED CARE BOARD,Independent sector / other,2,1,2,0,50.0
2026-03-01,Q4W9A,ACES SOUTHAMPTON,NHS HAMPSHIRE AND ISLE OF WIGHT INTEGRATED CARE BOARD,Independent sector / other,34,31,34,0,91.2
2026-03-01,Y7W8F,ACES SOUTHAMPTON - EAST ST,NHS HAMPSHIRE AND ISLE OF WIGHT INTEGRATED CARE BOARD,Independent sector / other,10,10,10,0,100.0
2026-03-01,N8Z8E,ACES TORQUAY,NHS DEVON INTEGRATED CARE BOARD,Independent sector / other,3,2,3,0,66.7
2026-03-01,A9P5F,ACES WHITE CITY,NHS NORTH WEST LONDON INTEGRATED CARE BOARD,Independent sector / other,107,91,107,0,85.0
2026-03-01,X7Y2H,ACES WILMSLOW,NHS CHESHIRE AND MERSEYSIDE INTEGRATED CARE BOARD,Independent sector / other,5,4,5,0,80.0
2026-03-01,RCF,AIREDALE NHS FOUNDATION TRUST,NHS WEST YORKSHIRE INTEGRATED CARE BOARD,NHS trust,14202,10420,14202,44,73.4
2026-03-01,RBS,ALDER HEY CHILDREN'S NHS FOUNDATION TRUST,NHS CHESHIRE AND MERSEYSIDE INTEGRATED CARE BOARD,NHS trust,16497,11294,16497,212,68.5
2026-03-01,NT401,ALEXANDRA HOSPITAL,NHS GREATER MANCHESTER INTEGRATED CARE BOARD,Independent sector / other,778,443,778,0,56.9
2026-03-01,F7B2B,ANGLIA COMMUNITY EYE SERVICE - BURY ST EDMUNDS,NHS SUFFOLK AND NORTH EAST ESSEX INTEGRATED CARE BOARD,Independent sector / other,13,12,13,0,92.3
2026-03-01,H7X1I,ANGLIA COMMUNITY EYE SERVICE - CAMBRIDGE,NHS CAMBRIDGESHIRE AND PETERBOROUGH INTEGRATED CARE BOARD,Independent sector / other,274,184,274,0,67.2
2026-03-01,K7J9E,ANGLIA COMMUNITY EYE SERVICE - NORWICH,NHS NORFOLK AND WAVENEY INTEGRATED CARE BOARD,Independent sector / other,15,14,15,0,93.3
2026-03-01,O9Q4E,ANGLIA COMMUNITY EYE SERVICE - PETERBOROUGH,NHS CAMBRIDGESHIRE AND PETERBOROUGH INTEGRATED CARE BOARD,Independent sector / other,446,292,446,2,65.5
2026-03-01,NX507,ANGLIA COMMUNITY EYE SERVICE - THETFORD HEALTHY LIVING CENTRE,NHS NORFOLK AND WAVENEY INTEGRATED CARE BOARD,Independent sector / other,179,160,179,0,89.4
2026-03-01,NX501,ANGLIA COMMUNITY EYE SERVICE LTD,NHS CAMBRIDGESHIRE AND PETERBOROUGH INTEGRATED CARE BOARD,Independent sector / other,680,545,680,0,80.1
2026-03-01,NX504,ANGLIA COMMUNITY EYE SERVICES FAKENHAM,NHS NORFOLK AND WAVENEY INTEGRATED CARE BOARD,Independent sector / other,224,210,224,0,93.8
2026-03-01,RTK,ASHFORD AND ST PETER'S HOSPITALS NHS FOUNDATION TRUST,NHS SURREY HEARTLANDS INTEGRATED CARE BOARD,NHS trust,50932,31529,50932,599,61.9
2026-03-01,NVC01,ASHTEAD HOSPITAL,NHS SURREY HEARTLANDS INTEGRATED CARE BOARD,Independent sector / other,1033,742,1033,4,71.8
2026-03-01,RF4,"BARKING, HAVERING AND REDBRIDGE UNIVERSITY HOSPITALS NHS TRUST",NHS NORTH EAST LONDON INTEGRATED CARE BOARD,NHS trust,68875,45464,68875,862,66.0
2026-03-01,RFF,BARNSLEY HOSPITAL NHS FOUNDATION TRUST,NHS SOUTH YORKSHIRE INTEGRATED CARE BOARD,NHS trust,21494,15263,21494,136,71.0
2026-03-01,R1H,BARTS HEALTH NHS TRUST,NHS NORTH EAST LONDON INTEGRATED CARE BOARD,NHS trust,121511,75842,121511,1008,62.4
2026-03-01,NT402,BATH CLINIC,"NHS BATH AND NORTH EAST SOMERSET, SWINDON AND WILTSHIRE INTEGRATED CARE BOARD",Independent sector / other,748,489,748,0,65.4
2026-03-01,NRP,BEACON MEDICAL SERVICES GROUP LIMITED,NHS GREATER MANCHESTER INTEGRATED CARE BOARD,Independent sector / other,4433,4221,4433,0,95.2
2026-03-01,NVC0I,BEACON PARK HOSPITAL,NHS STAFFORDSHIRE AND STOKE-ON-TRENT INTEGRATED CARE BOARD,Independent sector / other,1443,851,1443,1,59.0
2026-03-01,NT403,BEARDWOOD HOSPITAL,NHS LANCASHIRE AND SOUTH CUMBRIA INTEGRATED CARE BOARD,Independent sector / other,2362,1739,2362,0,73.6
2026-03-01,NT404,BEAUMONT HOSPITAL,NHS GREATER MANCHESTER INTEGRATED CARE BOARD,Independent sector / other,3115,2027,3115,0,65.1
2026-03-01,RC9,BEDFORDSHIRE HOSPITALS NHS FOUNDATION TRUST,"NHS BEDFORDSHIRE, LUTON AND MILTON KEYNES INTEGRATED CARE BOARD",NHS trust,84499,52454,84499,453,62.1
2026-03-01,NWF01,BENENDEN HOSPITAL,NHS KENT AND MEDWAY INTEGRATED CARE BOARD,Independent sector / other,1432,1183,1432,3,82.6
2026-03-01,RWX,BERKSHIRE HEALTHCARE NHS FOUNDATION TRUST,NHS FRIMLEY INTEGRATED CARE BOARD,NHS trust,100,100,100,0,100.0
2026-03-01,NP9,BESPOKE HEALTHCARE LTD,NHS LANCASHIRE AND SOUTH CUMBRIA INTEGRATED CARE BOARD,Independent sector / other,423,288,423,0,68.1
2026-03-01,RYW,BIRMINGHAM COMMUNITY HEALTHCARE NHS FOUNDATION TRUST,NHS BIRMINGHAM AND SOLIHULL INTEGRATED CARE BOARD,NHS trust,14919,11515,14919,2,77.2
2026-03-01,RQ3,BIRMINGHAM WOMEN'S AND CHILDREN'S NHS FOUNDATION TRUST,NHS BIRMINGHAM AND SOLIHULL INTEGRATED CARE BOARD,NHS trust,21841,13563,21841,132,62.1
2026-03-01,NT405,BISHOPS WOOD HOSPITAL,NHS NORTH WEST LONDON INTEGRATED CARE BOARD,Independent sector / other,521,423,521,0,81.2
2026-03-01,NT406,BLACKHEATH HOSPITAL,NHS SOUTH EAST LONDON INTEGRATED CARE BOARD,Independent sector / other,1510,1038,1510,23,68.7
2026-03-01,RXL,BLACKPOOL TEACHING HOSPITALS NHS FOUNDATION TRUST,NHS LANCASHIRE AND SOUTH CUMBRIA INTEGRATED CARE BOARD,NHS trust,40284,24793,40284,851,61.5
2026-03-01,NVC31,BLAKELANDS HOSPITAL,"NHS BEDFORDSHIRE, LUTON AND MILTON KEYNES INTEGRATED CARE BOARD",Independent sector / other,2318,1638,2318,8,70.7
2026-03-01,RMC,BOLTON NHS FOUNDATION TRUST,NHS GREATER MANCHESTER INTEGRATED CARE BOARD,NHS trust,37849,23514,37849,374,62.1
2026-03-01,R5J3Z,BORDER HEALTH ALLIANCE LIMITED,NHS HEREFORDSHIRE AND WORCESTERSHIRE INTEGRATED CARE BOARD,Independent sector / other,560,390,560,0,69.6
2026-03-01,NVC27,BOSTON WEST HOSPITAL,NHS LINCOLNSHIRE INTEGRATED CARE BOARD,Independent sector / other,2408,1457,2408,5,60.5
2026-03-01,TAD,BRADFORD DISTRICT CARE NHS FOUNDATION TRUST,NHS WEST YORKSHIRE INTEGRATED CARE BOARD,NHS trust,541,322,541,13,59.5
2026-03-01,RAE,BRADFORD TEACHING HOSPITALS NHS FOUNDATION TRUST,NHS WEST YORKSHIRE INTEGRATED CARE BOARD,NHS trust,31446,20810,31446,63,66.2
2026-03-01,RXQ,BUCKINGHAMSHIRE HEALTHCARE NHS TRUST,"NHS BUCKINGHAMSHIRE, OXFORDSHIRE AND BERKSHIRE WEST INTEGRATED CARE BOARD",NHS trust,45896,30098,45896,58,65.6
2026-03-01,A4M8P,BUCKSHAW HOSPITAL,NHS LANCASHIRE AND SOUTH CUMBRIA INTEGRATED CARE BOARD,Independent sector / other,2848,1995,2848,11,70.0
2026-03-01,RWY,CALDERDALE AND HUDDERSFIELD NHS FOUNDATION TRUST,NHS WEST YORKSHIRE INTEGRATED CARE BOARD,NHS trust,36307,27584,36307,6,76.0
2026-03-01,RGT,CAMBRIDGE UNIVERSITY HOSPITALS NHS FOUNDATION TRUST,NHS CAMBRIDGESHIRE AND PETERBOROUGH INTEGRATED CARE BOARD,NHS trust,58435,36772,58435,941,62.9
2026-03-01,RT1,CAMBRIDGESHIRE AND PETERBOROUGH NHS FOUNDATION TRUST,NHS CAMBRIDGESHIRE AND PETERBOROUGH INTEGRATED CARE BOARD,NHS trust,196,73,196,8,37.2
2026-03-01,NL3,CARE PLUS GROUP,NHS HUMBER AND NORTH YORKSHIRE INTEGRATED CARE BOARD,Independent sector / other,185,155,185,0,83.8
2026-03-01,NT451,CAVELL HOSPITAL,NHS NORTH CENTRAL LONDON INTEGRATED CARE BOARD,Independent sector / other,1348,984,1348,5,73.0
2026-03-01,U0K8N,CES MEDICAL,NHS KENT AND MEDWAY INTEGRATED CARE BOARD,Independent sector / other,69,63,69,0,91.3
2026-03-01,NT408,CHAUCER HOSPITAL,NHS KENT AND MEDWAY INTEGRATED CARE BOARD,Independent sector / other,921,708,921,1,76.9
2026-03-01,RQM,CHELSEA AND WESTMINSTER HOSPITAL NHS FOUNDATION TRUST,NHS NORTH WEST LONDON INTEGRATED CARE BOARD,NHS trust,75645,49923,75645,958,66.0
2026-03-01,NT409,CHELSFIELD PARK HOSPITAL,NHS SOUTH EAST LONDON INTEGRATED CARE BOARD,Independent sector / other,768,639,768,0,83.2
2026-03-01,RFS,CHESTERFIELD ROYAL HOSPITAL NHS FOUNDATION TRUST,NHS DERBY AND DERBYSHIRE INTEGRATED CARE BOARD,NHS trust,27038,16722,27038,703,61.8
2026-03-01,NT410,CHILTERN HOSPITAL,"NHS BUCKINGHAMSHIRE, OXFORDSHIRE AND BERKSHIRE WEST INTEGRATED CARE BOARD",Independent sector / other,421,340,421,1,80.8
2026-03-01,F9Z4V,CIRCLE READING HOSPITAL,"NHS BUCKINGHAMSHIRE, OXFORDSHIRE AND BERKSHIRE WEST INTEGRATED CARE BOARD",Independent sector / other,1817,1309,1817,0,72.0
2026-03-01,B3M1X,CLAREMONT PRIVATE HOSPITAL,NHS SOUTH YORKSHIRE INTEGRATED CARE BOARD,Independent sector / other,2748,1631,2748,5,59.4
2026-03-01,NT411,CLEMENTINE CHURCHILL HOSPITAL,NHS NORTH WEST LONDON INTEGRATED CARE BOARD,Independent sector / other,2005,1997,2005,0,99.6
2026-03-01,NVC28,CLIFTON PARK HOSPITAL,NHS HUMBER AND NORTH YORKSHIRE INTEGRATED CARE BOARD,Independent sector / other,1443,888,1443,2,61.5
2026-03-01,NVC29,COBALT HOSPITAL,NHS NORTH EAST AND NORTH CUMBRIA INTEGRATED CARE BOARD,Independent sector / other,1815,1158,1815,1,63.8
2026-03-01,NLG,COMMUNITAS CLINICS,NHS SOUTH WEST LONDON INTEGRATED CARE BOARD,Independent sector / other,4469,3053,4469,33,68.3
2026-03-01,AAV,COMMUNITY HEALTH AND EYECARE LIMITED,NHS LANCASHIRE AND SOUTH CUMBRIA INTEGRATED CARE BOARD,Independent sector / other,5310,4695,5310,0,88.4
2026-03-01,NMG,CORA HEALTH MSK (FORMERLY CONNECT HEALTH LTD),NHS NORTH EAST AND NORTH CUMBRIA INTEGRATED CARE BOARD,Independent sector / other,18453,16966,18453,8,91.9
2026-03-01,RJ8,CORNWALL PARTNERSHIP NHS FOUNDATION TRUST,NHS CORNWALL AND THE ISLES OF SCILLY INTEGRATED CARE BOARD,NHS trust,649,635,649,0,97.8
2026-03-01,DFY01,COTSWOLDS SURGICAL PARTNERS,"NHS BATH AND NORTH EAST SOMERSET, SWINDON AND WILTSHIRE INTEGRATED CARE BOARD",Independent sector / other,294,292,294,0,99.3
2026-03-01,RJR,COUNTESS OF CHESTER HOSPITAL NHS FOUNDATION TRUST,NHS CHESHIRE AND MERSEYSIDE INTEGRATED CARE BOARD,NHS trust,30603,19650,30603,272,64.2
2026-03-01,RXP,COUNTY DURHAM AND DARLINGTON NHS FOUNDATION TRUST,NHS NORTH EAST AND NORTH CUMBRIA INTEGRATED CARE BOARD,NHS trust,43027,28731,43027,415,66.8
2026-03-01,RJ6,CROYDON HEALTH SERVICES NHS TRUST,NHS SOUTH WEST LONDON INTEGRATED CARE BOARD,NHS trust,32341,22969,32341,280,71.0
2026-03-01,RX4,"CUMBRIA, NORTHUMBERLAND, TYNE AND WEAR NHS FOUNDATION TRUST",NHS NORTH EAST AND NORTH CUMBRIA INTEGRATED CARE BOARD,NHS trust,153,151,153,0,98.7
2026-03-01,RN7,DARTFORD AND GRAVESHAM NHS TRUST,NHS KENT AND MEDWAY INTEGRATED CARE BOARD,NHS trust,29571,18131,29571,349,61.3
2026-03-01,NCN,DMC HEALTHCARE,NHS SOUTH EAST LONDON INTEGRATED CARE BOARD,Independent sector / other,1227,1184,1227,1,96.5
2026-03-01,RP5,DONCASTER AND BASSETLAW TEACHING HOSPITALS NHS FOUNDATION TRUST,NHS SOUTH YORKSHIRE INTEGRATED CARE BOARD,NHS trust,52237,32308,52237,995,61.8
2026-03-01,NNE,DORKING HEALTHCARE LIMITED (DHC),NHS SURREY HEARTLANDS INTEGRATED CARE BOARD,Independent sector / other,6519,4974,6519,1,76.3
2026-03-01,RBD,DORSET COUNTY HOSPITAL NHS FOUNDATION TRUST,NHS DORSET INTEGRATED CARE BOARD,NHS trust,21497,13480,21497,243,62.7
2026-03-01,NT412,DROITWICH SPA HOSPITAL,NHS HEREFORDSHIRE AND WORCESTERSHIRE INTEGRATED CARE BOARD,Independent sector / other,1563,1097,1563,0,70.2
2026-03-01,NT447,DUCHY HOSPITAL,NHS HUMBER AND NORTH YORKSHIRE INTEGRATED CARE BOARD,Independent sector / other,289,236,289,0,81.7
2026-03-01,NVC04,DUCHY HOSPITAL,NHS CORNWALL AND THE ISLES OF SCILLY INTEGRATED CARE BOARD,Independent sector / other,1620,980,1620,23,60.5
2026-03-01,RWH,EAST AND NORTH HERTFORDSHIRE TEACHING NHS TRUST,NHS HERTFORDSHIRE AND WEST ESSEX INTEGRATED CARE BOARD,NHS trust,54332,37563,54332,340,69.1
2026-03-01,RJN,EAST CHESHIRE NHS TRUST,NHS CHESHIRE AND MERSEYSIDE INTEGRATED CARE BOARD,NHS trust,16269,9773,16269,343,60.1
2026-03-01,RVV,EAST KENT HOSPITALS UNIVERSITY NHS FOUNDATION TRUST,NHS KENT AND MEDWAY INTEGRATED CARE BOARD,NHS trust,79216,44742,79216,1848,56.5
2026-03-01,RXR,EAST LANCASHIRE HOSPITALS NHS TRUST,NHS LANCASHIRE AND SOUTH CUMBRIA INTEGRATED CARE BOARD,NHS trust,47723,33401,47723,329,70.0
2026-03-01,RDE,EAST SUFFOLK AND NORTH ESSEX NHS FOUNDATION TRUST,NHS SUFFOLK AND NORTH EAST ESSEX INTEGRATED CARE BOARD,NHS trust,88592,53279,88592,276,60.1
2026-03-01,RXC,EAST SUSSEX HEALTHCARE NHS TRUST,NHS SUSSEX INTEGRATED CARE BOARD,NHS trust,57467,38116,57467,463,66.3
2026-03-01,NT445,EDGBASTON HOSPITAL,NHS BIRMINGHAM AND SOLIHULL INTEGRATED CARE BOARD,Independent sector / other,1,1,1,0,100.0
2026-03-01,M9U8M,ENDOCARE DIAGNOSTICS LTD,NHS GREATER MANCHESTER INTEGRATED CARE BOARD,Independent sector / other,83,83,83,0,100.0
2026-03-01,RVR,EPSOM AND ST HELIER UNIVERSITY HOSPITALS NHS TRUST,NHS SOUTH WEST LONDON INTEGRATED CARE BOARD,NHS trust,58229,38735,58229,456,66.5
2026-03-01,NVM,EPSOMEDICAL GROUP,NHS SURREY HEARTLANDS INTEGRATED CARE BOARD,Independent sector / other,3130,2376,3130,58,75.9
2026-03-01,NVC05,EUXTON HALL HOSPITAL,NHS LANCASHIRE AND SOUTH CUMBRIA INTEGRATED CARE BOARD,Independent sector / other,3342,2294,3342,5,68.6
2026-03-01,NVC0Y,EXETER MEDICAL,NHS DEVON INTEGRATED CARE BOARD,Independent sector / other,256,219,256,1,85.5
2026-03-01,ACM,EYE CARE MEDICAL LTD,NHS CHESHIRE AND MERSEYSIDE INTEGRATED CARE BOARD,Independent sector / other,7,7,7,0,100.0
2026-03-01,Y9S1N,FAIRFIELD INDEPENDENT HOSPITAL,NHS CHESHIRE AND MERSEYSIDE INTEGRATED CARE BOARD,Independent sector / other,1625,1066,1625,29,65.6
2026-03-01,NDJ,FIRST COMMUNITY HEALTH AND CARE CIC,NHS SURREY HEARTLANDS INTEGRATED CARE BOARD,Independent sector / other,860,836,860,0,97.2
2026-03-01,NVC06,FITZWILLIAM HOSPITAL,NHS CAMBRIDGESHIRE AND PETERBOROUGH INTEGRATED CARE BOARD,Independent sector / other,6880,3045,6880,165,44.3
2026-03-01,RDU,FRIMLEY HEALTH NHS FOUNDATION TRUST,NHS FRIMLEY INTEGRATED CARE BOARD,NHS trust,66833,40877,66833,604,61.2
2026-03-01,NVC07,FULWOOD HALL HOSPITAL,NHS LANCASHIRE AND SOUTH CUMBRIA INTEGRATED CARE BOARD,Independent sector / other,4313,3079,4313,14,71.4
2026-03-01,RR7,GATESHEAD HEALTH NHS FOUNDATION TRUST,NHS NORTH EAST AND NORTH CUMBRIA INTEGRATED CARE BOARD,NHS trust,11572,8970,11572,17,77.5
2026-03-01,RLT,GEORGE ELIOT HOSPITAL NHS TRUST,NHS COVENTRY AND WARWICKSHIRE INTEGRATED CARE BOARD,NHS trust,19118,12770,19118,91,66.8
2026-03-01,K8I4X,GLENDON WOOD HOSPITAL,NHS NORTHAMPTONSHIRE INTEGRATED CARE BOARD,Independent sector / other,1341,1022,1341,0,76.2
2026-03-01,RTE,GLOUCESTERSHIRE HOSPITALS NHS FOUNDATION TRUST,NHS GLOUCESTERSHIRE INTEGRATED CARE BOARD,NHS trust,67612,50368,67612,6,74.5
2026-03-01,NT417,GORING HALL HOSPITAL,NHS SUSSEX INTEGRATED CARE BOARD,Independent sector / other,784,462,784,0,58.9
2026-03-01,NWV01,GP CARE UK,"NHS BRISTOL, NORTH SOMERSET AND SOUTH GLOUCESTERSHIRE INTEGRATED CARE BOARD",Independent sector / other,951,950,951,0,99.9
2026-03-01,RP4,GREAT ORMOND STREET HOSPITAL FOR CHILDREN NHS FOUNDATION TRUST,NHS NORTH CENTRAL LONDON INTEGRATED CARE BOARD,NHS trust,8547,6322,8547,197,74.0
2026-03-01,RN3,GREAT WESTERN HOSPITALS NHS FOUNDATION TRUST,"NHS BATH AND NORTH EAST SOMERSET, SWINDON AND WILTSHIRE INTEGRATED CARE BOARD",NHS trust,42670,24626,42670,788,57.7
2026-03-01,RJ1,GUY'S AND ST THOMAS' NHS FOUNDATION TRUST,NHS SOUTH EAST LONDON INTEGRATED CARE BOARD,NHS trust,105788,72418,105788,775,68.5
2026-03-01,RW1,HAMPSHIRE AND ISLE OF WIGHT HEALTHCARE NHS FOUNDATION TRUST,NHS HAMPSHIRE AND ISLE OF WIGHT INTEGRATED CARE BOARD,NHS trust,4364,3951,4364,0,90.5
2026-03-01,NT418,HAMPSHIRE CLINIC,NHS HAMPSHIRE AND ISLE OF WIGHT INTEGRATED CARE BOARD,Independent sector / other,319,154,319,3,48.3
2026-03-01,RN5,HAMPSHIRE HOSPITALS NHS FOUNDATION TRUST,NHS HAMPSHIRE AND ISLE OF WIGHT INTEGRATED CARE BOARD,NHS trust,48518,31279,48518,1248,64.5
2026-03-01,NT419,HARBOUR HOSPITAL,NHS DORSET INTEGRATED CARE BOARD,Independent sector / other,194,134,194,0,69.1
2026-03-01,RCD,HARROGATE AND DISTRICT NHS FOUNDATION TRUST,NHS HUMBER AND NORTH YORKSHIRE INTEGRATED CARE BOARD,NHS trust,20774,15838,20774,7,76.2
2026-03-01,S5E5Y,HCRG CARE DERMATOLOGY THE IRONSTONE CENTRE,NHS HUMBER AND NORTH YORKSHIRE INTEGRATED CARE BOARD,Independent sector / other,1209,1109,1209,1,91.7
2026-03-01,NYR,HEALTHSHARE DIAGNOSTICS,NHS KENT AND MEDWAY INTEGRATED CARE BOARD,Independent sector / other,1912,1114,1912,33,58.3
2026-03-01,NRL,HEART NETWORKS,NHS GREATER MANCHESTER INTEGRATED CARE BOARD,Independent sector / other,993,966,993,0,97.3
2026-03-01,NT416,HENDON HOSPITAL,NHS NORTH CENTRAL LONDON INTEGRATED CARE BOARD,Independent sector / other,1128,735,1128,5,65.2
2026-03-01,R1A,HEREFORDSHIRE AND WORCESTERSHIRE HEALTH AND CARE NHS TRUST,NHS HEREFORDSHIRE AND WORCESTERSHIRE INTEGRATED CARE BOARD,NHS trust,40,36,40,0,90.0
2026-03-01,NT420,HIGHFIELD HOSPITAL,NHS GREATER MANCHESTER INTEGRATED CARE BOARD,Independent sector / other,932,644,932,0,69.1
2026-03-01,RQX,HOMERTON HEALTHCARE NHS FOUNDATION TRUST,NHS NORTH EAST LONDON INTEGRATED CARE BOARD,NHS trust,26282,20121,26282,175,76.6
2026-03-01,NT448,HUDDERSFIELD PRIVATE HOSPITAL,NHS WEST YORKSHIRE INTEGRATED CARE BOARD,Independent sector / other,974,895,974,7,91.9
2026-03-01,RWA,HULL UNIVERSITY TEACHING HOSPITALS NHS TRUST,NHS HUMBER AND NORTH YORKSHIRE INTEGRATED CARE BOARD,NHS trust,80999,45611,80999,2796,56.3
2026-03-01,RYJ,IMPERIAL COLLEGE HEALTHCARE NHS TRUST,NHS NORTH WEST LONDON INTEGRATED CARE BOARD,NHS trust,83944,58011,83944,96,69.1
2026-03-01,NXP,INDEPENDENT HEALTH GROUP,"NHS BATH AND NORTH EAST SOMERSET, SWINDON AND WILTSHIRE INTEGRATED CARE BOARD",Independent sector / other,1091,1036,1091,0,95.0
2026-03-01,NV1,INHEALTH LIMITED,"NHS BUCKINGHAMSHIRE, OXFORDSHIRE AND BERKSHIRE WEST INTEGRATED CARE BOARD",Independent sector / other,1014,819,1014,0,80.8
2026-03-01,NCR,ISIGHT,NHS CHESHIRE AND MERSEYSIDE INTEGRATED CARE BOARD,Independent sector / other,1411,1211,1411,0,85.8
2026-03-01,R1F,ISLE OF WIGHT NHS TRUST,NHS HAMPSHIRE AND ISLE OF WIGHT INTEGRATED CARE BOARD,NHS trust,13219,8357,13219,46,63.2
2026-03-01,RGP,JAMES PAGET UNIVERSITY HOSPITALS NHS FOUNDATION TRUST,NHS NORFOLK AND WAVENEY INTEGRATED CARE BOARD,NHS trust,32827,18217,32827,1305,55.5
2026-03-01,RYY,KENT COMMUNITY HEALTH NHS FOUNDATION TRUST,NHS KENT AND MEDWAY INTEGRATED CARE BOARD,NHS trust,4391,4387,4391,0,99.9
2026-03-01,RNQ,KETTERING GENERAL HOSPITAL NHS FOUNDATION TRUST,NHS NORTHAMPTONSHIRE INTEGRATED CARE BOARD,NHS trust,23672,15215,23672,79,64.3
2026-03-01,ADP02,KIMS HOSPITAL (NEWNHAM COURT),NHS KENT AND MEDWAY INTEGRATED CARE BOARD,Independent sector / other,1377,1162,1377,7,84.4
2026-03-01,RJZ,KING'S COLLEGE HOSPITAL NHS FOUNDATION TRUST,NHS SOUTH EAST LONDON INTEGRATED CARE BOARD,NHS trust,83918,55710,83918,1127,66.4
2026-03-01,NT421,KINGS OAK HOSPITAL,NHS NORTH CENTRAL LONDON INTEGRATED CARE BOARD,Independent sector / other,1125,799,1125,2,71.0
2026-03-01,RAX,KINGSTON AND RICHMOND NHS FOUNDATION TRUST,NHS SOUTH WEST LONDON INTEGRATED CARE BOARD,NHS trust,43861,29863,43861,278,68.1
2026-03-01,RW5,LANCASHIRE & SOUTH CUMBRIA NHS FOUNDATION TRUST,NHS LANCASHIRE AND SOUTH CUMBRIA INTEGRATED CARE BOARD,NHS trust,4033,3800,4033,0,94.2
2026-03-01,RXN,LANCASHIRE TEACHING HOSPITALS NHS FOUNDATION TRUST,NHS LANCASHIRE AND SOUTH CUMBRIA INTEGRATED CARE BOARD,NHS trust,65167,38725,65167,896,59.4
2026-03-01,NLE01,LANCASTER HOUSE CONSULTING DIAGNOSTICS SURGICAL LTD HQ,NHS GREATER MANCHESTER INTEGRATED CARE BOARD,Independent sector / other,1200,1109,1200,0,92.4
2026-03-01,NT449,LANCASTER PRIVATE HOSPITAL,NHS LANCASHIRE AND SOUTH CUMBRIA INTEGRATED CARE BOARD,Independent sector / other,332,251,332,0,75.6
2026-03-01,RR8,LEEDS TEACHING HOSPITALS NHS TRUST,NHS WEST YORKSHIRE INTEGRATED CARE BOARD,NHS trust,85124,57226,85124,1294,67.2
2026-03-01,RJ2,LEWISHAM AND GREENWICH NHS TRUST,NHS SOUTH EAST LONDON INTEGRATED CARE BOARD,NHS trust,55317,35899,55317,839,64.9
2026-03-01,NT450,LINCOLN PRIVATE HOSPITAL,NHS LINCOLNSHIRE INTEGRATED CARE BOARD,Independent sector / other,1126,664,1126,0,59.0
2026-03-01,RP7,LINCOLNSHIRE PARTNERSHIP NHS FOUNDATION TRUST,NHS LINCOLNSHIRE INTEGRATED CARE BOARD,NHS trust,7,7,7,0,100.0
2026-03-01,RBQ,LIVERPOOL HEART AND CHEST HOSPITAL NHS FOUNDATION TRUST,NHS CHESHIRE AND MERSEYSIDE INTEGRATED CARE BOARD,NHS trust,6034,4794,6034,15,79.4
2026-03-01,REM,LIVERPOOL UNIVERSITY HOSPITALS NHS FOUNDATION TRUST,NHS CHESHIRE AND MERSEYSIDE INTEGRATED CARE BOARD,NHS trust,60650,37715,60650,560,62.2
2026-03-01,REP,LIVERPOOL WOMEN'S NHS FOUNDATION TRUST,NHS CHESHIRE AND MERSEYSIDE INTEGRATED CARE BOARD,NHS trust,11860,7127,11860,279,60.1
2026-03-01,NR5,LIVEWELL SOUTHWEST,NHS DEVON INTEGRATED CARE BOARD,Independent sector / other,68,64,68,0,94.1
2026-03-01,NL8,LOCALA COMMUNITY PARTNERSHIPS CIC,NHS WEST YORKSHIRE INTEGRATED CARE BOARD,Independent sector / other,1249,1088,1249,1,87.1
2026-03-01,NT422,LONDON INDEPENDENT HOSPITAL,NHS NORTH EAST LONDON INTEGRATED CARE BOARD,Independent sector / other,3735,2973,3735,1,79.6
2026-03-01,R1K,LONDON NORTH WEST UNIVERSITY HEALTHCARE NHS TRUST,NHS NORTH WEST LONDON INTEGRATED CARE BOARD,NHS trust,81787,52374,81787,778,64.0
2026-03-01,RWF,MAIDSTONE AND TUNBRIDGE WELLS NHS TRUST,NHS KENT AND MEDWAY INTEGRATED CARE BOARD,NHS trust,46181,35125,46181,24,76.1
2026-03-01,NN5,MANCHESTER SURGICAL SERVICES LTD,NHS GREATER MANCHESTER INTEGRATED CARE BOARD,Independent sector / other,380,314,380,0,82.6
2026-03-01,R0A,MANCHESTER UNIVERSITY NHS FOUNDATION TRUST,NHS GREATER MANCHESTER INTEGRATED CARE BOARD,NHS trust,166330,104780,166330,1534,63.0
2026-03-01,NT423,MANOR HOSPITAL,"NHS BEDFORDSHIRE, LUTON AND MILTON KEYNES INTEGRATED CARE BOARD",Independent sector / other,660,317,660,5,48.0
2026-03-01,AY1,MEDEFER,NHS NORTH CENTRAL LONDON INTEGRATED CARE BOARD,Independent sector / other,246,213,246,0,86.6
2026-03-01,RPA,MEDWAY NHS FOUNDATION TRUST,NHS KENT AND MEDWAY INTEGRATED CARE BOARD,NHS trust,34098,21151,34098,285,62.0
2026-03-01,NT424,MERIDEN HOSPITAL,NHS COVENTRY AND WARWICKSHIRE INTEGRATED CARE BOARD,Independent sector / other,1834,1510,1834,0,82.3
2026-03-01,RBN,MERSEY AND WEST LANCASHIRE TEACHING HOSPITALS NHS TRUST,NHS CHESHIRE AND MERSEYSIDE INTEGRATED CARE BOARD,NHS trust,77666,51495,77666,1069,66.3
2026-03-01,RW4,MERSEY CARE NHS FOUNDATION TRUST,NHS CHESHIRE AND MERSEYSIDE INTEGRATED CARE BOARD,NHS trust,53,53,53,0,100.0
2026-03-01,RAJ,MID AND SOUTH ESSEX NHS FOUNDATION TRUST,NHS MID AND SOUTH ESSEX INTEGRATED CARE BOARD,NHS trust,173977,88038,173977,12150,50.6
2026-03-01,RBT,MID CHESHIRE HOSPITALS NHS FOUNDATION TRUST,NHS CHESHIRE AND MERSEYSIDE INTEGRATED CARE BOARD,NHS trust,30585,19108,30585,409,62.5
2026-03-01,RXF,MID YORKSHIRE TEACHING NHS TRUST,NHS WEST YORKSHIRE INTEGRATED CARE BOARD,NHS trust,53908,36049,53908,231,66.9
2026-03-01,S4E3I,MIDLAND EYE (EYE-DOCS LTD),NHS BIRMINGHAM AND SOLIHULL INTEGRATED CARE BOARD,Independent sector / other,643,603,643,0,93.8
2026-03-01,RRE,MIDLANDS PARTNERSHIP UNIVERSITY NHS FOUNDATION TRUST,NHS STAFFORDSHIRE AND STOKE-ON-TRENT INTEGRATED CARE BOARD,NHS trust,8953,8310,8953,0,92.8
2026-03-01,RD8,MILTON KEYNES UNIVERSITY HOSPITAL NHS FOUNDATION TRUST,"NHS BEDFORDSHIRE, LUTON AND MILTON KEYNES INTEGRATED CARE BOARD",NHS trust,33448,20924,33448,878,62.6
2026-03-01,DXN,MODALITY LLP,NHS BLACK COUNTRY INTEGRATED CARE BOARD,Independent sector / other,264,96,264,0,36.4
2026-03-01,RP6,MOORFIELDS EYE HOSPITAL NHS FOUNDATION TRUST,NHS NORTH CENTRAL LONDON INTEGRATED CARE BOARD,NHS trust,37769,32406,37769,12,85.8
2026-03-01,NT455,MOUNT ALVERNIA HOSPITAL,NHS SURREY HEARTLANDS INTEGRATED CARE BOARD,Independent sector / other,223,155,223,1,69.5
2026-03-01,NVC08,MOUNT STUART HOSPITAL,NHS DEVON INTEGRATED CARE BOARD,Independent sector / other,2312,1354,2312,20,58.6
2026-03-01,NVC09,NEW HALL HOSPITAL,"NHS BATH AND NORTH EAST SOMERSET, SWINDON AND WILTSHIRE INTEGRATED CARE BOARD",Independent sector / other,3426,2457,3426,27,71.7
2026-03-01,R7W2O,NEWCASTLE NEWMEDICA LTD,NHS NORTH EAST AND NORTH CUMBRIA INTEGRATED CARE BOARD,Independent sector / other,895,857,895,0,95.8
2026-03-01,N8R1N,NEWMEDICA - BERKSHIRE,NHS FRIMLEY INTEGRATED CARE BOARD,Independent sector / other,1515,997,1515,14,65.8
2026-03-01,C5Y9L,NEWMEDICA - BERKSHIRE - BRACKNELL,NHS FRIMLEY INTEGRATED CARE BOARD,Independent sector / other,164,122,164,1,74.4
2026-03-01,S1Z4X,NEWMEDICA - BIRMINGHAM,NHS BIRMINGHAM AND SOLIHULL INTEGRATED CARE BOARD,Independent sector / other,949,884,949,0,93.2
2026-03-01,C9A7J,NEWMEDICA - BRADFORD & HUDDERSFIELD,NHS WEST YORKSHIRE INTEGRATED CARE BOARD,Independent sector / other,685,621,685,0,90.7
2026-03-01,ACG22,NEWMEDICA - BRIGG - RIVERSIDE SURGERY,NHS HUMBER AND NORTH YORKSHIRE INTEGRATED CARE BOARD,Independent sector / other,890,594,890,0,66.7
2026-03-01,ACG20,NEWMEDICA - BRISTOL - LITFIELD HOUSE,"NHS BRISTOL, NORTH SOMERSET AND SOUTH GLOUCESTERSHIRE INTEGRATED CARE BOARD",Independent sector / other,402,322,402,0,80.1
2026-03-01,H2K1G,NEWMEDICA - BROMSGROVE,NHS HEREFORDSHIRE AND WORCESTERSHIRE INTEGRATED CARE BOARD,Independent sector / other,390,350,390,0,89.7
2026-03-01,F1Y1H,NEWMEDICA - CHESHIRE OAKS,NHS CHESHIRE AND MERSEYSIDE INTEGRATED CARE BOARD,Independent sector / other,636,437,636,3,68.7
2026-03-01,F0R0W,NEWMEDICA - DARLINGTON,NHS NORTH EAST AND NORTH CUMBRIA INTEGRATED CARE BOARD,Independent sector / other,73,72,73,0,98.6
2026-03-01,ACG36,NEWMEDICA - EXETER - GLEN HOUSE,NHS DEVON INTEGRATED CARE BOARD,Independent sector / other,383,364,383,0,95.0
2026-03-01,ACG13,NEWMEDICA - GLOUCESTER (ASPEN MEDICAL CENTRE),NHS GLOUCESTERSHIRE INTEGRATED CARE BOARD,Independent sector / other,526,370,526,2,70.3
2026-03-01,L0D9W,NEWMEDICA - GLOUCESTER (BRIGHOUSE COURT),NHS GLOUCESTERSHIRE INTEGRATED CARE BOARD,Independent sector / other,1386,1079,1386,3,77.8
2026-03-01,L4R3R,NEWMEDICA - HAMPSHIRE,NHS HAMPSHIRE AND ISLE OF WIGHT INTEGRATED CARE BOARD,Independent sector / other,2322,1432,2322,6,61.7
2026-03-01,Z1E5F,NEWMEDICA - HARROGATE,NHS HUMBER AND NORTH YORKSHIRE INTEGRATED CARE BOARD,Independent sector / other,243,202,243,0,83.1
2026-03-01,F7F6D,NEWMEDICA - HERTFORSHIRE - WELWYN GARDEN CITY,NHS HERTFORDSHIRE AND WEST ESSEX INTEGRATED CARE BOARD,Independent sector / other,832,767,832,0,92.2
2026-03-01,ACG37,NEWMEDICA - IPSWICH,NHS SUFFOLK AND NORTH EAST ESSEX INTEGRATED CARE BOARD,Independent sector / other,1169,1062,1169,0,90.8
2026-03-01,ACG38,NEWMEDICA - LANGFORD,"NHS BRISTOL, NORTH SOMERSET AND SOUTH GLOUCESTERSHIRE INTEGRATED CARE BOARD",Independent sector / other,404,324,404,1,80.2
2026-03-01,N6Z0R,NEWMEDICA - LINCOLN,NHS LINCOLNSHIRE INTEGRATED CARE BOARD,Independent sector / other,33,28,33,0,84.8
2026-03-01,Z2L9B,NEWMEDICA - MANCHESTER WEST,NHS GREATER MANCHESTER INTEGRATED CARE BOARD,Independent sector / other,344,273,344,0,79.4
2026-03-01,ACG26,NEWMEDICA - NORTH DERBYSHIRE - MIDLAND COURT,NHS DERBY AND DERBYSHIRE INTEGRATED CARE BOARD,Independent sector / other,1241,1129,1241,0,91.0
2026-03-01,M4C5R,NEWMEDICA - NORTHAMPTON,NHS NORTHAMPTONSHIRE INTEGRATED CARE BOARD,Independent sector / other,1404,1207,1404,3,86.0
2026-03-01,B5M7B,NEWMEDICA - NORWICH,NHS NORFOLK AND WAVENEY INTEGRATED CARE BOARD,Independent sector / other,1611,1435,1611,1,89.1
2026-03-01,B1A5K,NEWMEDICA - NOTTINGHAM,NHS NOTTINGHAM AND NOTTINGHAMSHIRE INTEGRATED CARE BOARD,Independent sector / other,634,611,634,1,96.4
2026-03-01,M6L9D,NEWMEDICA - NOTTINGHAM - KEYWORTH,NHS NOTTINGHAM AND NOTTINGHAMSHIRE INTEGRATED CARE BOARD,Independent sector / other,6,6,6,0,100.0
2026-03-01,J3J8Z,NEWMEDICA - OXFORDSHIRE,"NHS BUCKINGHAMSHIRE, OXFORDSHIRE AND BERKSHIRE WEST INTEGRATED CARE BOARD",Independent sector / other,815,777,815,0,95.3
2026-03-01,P5Y6K,NEWMEDICA - SHREWSBURY,"NHS SHROPSHIRE, TELFORD AND WREKIN INTEGRATED CARE BOARD",Independent sector / other,466,446,466,2,95.7
2026-03-01,D0V5X,NEWMEDICA - SWINDON MURDOCK ROAD,"NHS BATH AND NORTH EAST SOMERSET, SWINDON AND WILTSHIRE INTEGRATED CARE BOARD",Independent sector / other,148,109,148,0,73.6
2026-03-01,ACG24,NEWMEDICA - TEESSIDE - NORTH ORMESBY,NHS NORTH EAST AND NORTH CUMBRIA INTEGRATED CARE BOARD,Independent sector / other,1369,1298,1369,0,94.8
2026-03-01,ACG40,NEWMEDICA - WAKEFIELD,NHS WEST YORKSHIRE INTEGRATED CARE BOARD,Independent sector / other,609,507,609,1,83.3
2026-03-01,ACG31,NEWMEDICA - WORCESTER,NHS HEREFORDSHIRE AND WORCESTERSHIRE INTEGRATED CARE BOARD,Independent sector / other,814,738,814,0,90.7
2026-03-01,ACG30,NEWMEDICA - WORKSOP - DUKERIES,NHS NOTTINGHAM AND NOTTINGHAMSHIRE INTEGRATED CARE BOARD,Independent sector / other,162,150,162,0,92.6
2026-03-01,H4J9P,NEWMEDICA AZTEC WEST,"NHS BRISTOL, NORTH SOMERSET AND SOUTH GLOUCESTERSHIRE INTEGRATED CARE BOARD",Independent sector / other,841,564,841,2,67.1
2026-03-01,ACG19,NEWMEDICA COMMUNITY OPHTHALMOLOGY - LEEDS,NHS WEST YORKSHIRE INTEGRATED CARE BOARD,Independent sector / other,645,573,645,0,88.8
2026-03-01,ACG12,NEWMEDICA COMMUNITY OPHTHALMOLOGY - NORTH EAST LINCOLNSHIRE - GRIMSBY,NHS HUMBER AND NORTH YORKSHIRE INTEGRATED CARE BOARD,Independent sector / other,1057,772,1057,1,73.0
2026-03-01,A4Q9X,NEWMEDICA LEICESTER,"NHS LEICESTER, LEICESTERSHIRE AND RUTLAND INTEGRATED CARE BOARD",Independent sector / other,871,780,871,0,89.6
2026-03-01,ACG08,NEWMEDICA OPHTHALMOLOGY - NUNEATON - CAMP HILL - GP LED HEALTH CENTRE,NHS COVENTRY AND WARWICKSHIRE INTEGRATED CARE BOARD,Independent sector / other,17,17,17,0,100.0
2026-03-01,G4H0I,NEWMEDICA SUFFOLK - BURY ST EDMUNDS - CLARITY HOUSE,NHS SUFFOLK AND NORTH EAST ESSEX INTEGRATED CARE BOARD,Independent sector / other,642,611,642,0,95.2
2026-03-01,RM1,NORFOLK AND NORWICH UNIVERSITY HOSPITALS NHS FOUNDATION TRUST,NHS NORFOLK AND WAVENEY INTEGRATED CARE BOARD,NHS trust,67127,42742,67127,1730,63.7
2026-03-01,RVJ,NORTH BRISTOL NHS TRUST,"NHS BRISTOL, NORTH SOMERSET AND SOUTH GLOUCESTERSHIRE INTEGRATED CARE BOARD",NHS trust,39487,27919,39487,38,70.7
2026-03-01,RNN,NORTH CUMBRIA INTEGRATED CARE NHS FOUNDATION TRUST,NHS NORTH EAST AND NORTH CUMBRIA INTEGRATED CARE BOARD,NHS trust,35302,22690,35302,579,64.3
2026-03-01,NVC11,NORTH DOWNS HOSPITAL,NHS SURREY HEARTLANDS INTEGRATED CARE BOARD,Independent sector / other,1514,996,1514,10,65.8
2026-03-01,RVW,NORTH TEES AND HARTLEPOOL NHS FOUNDATION TRUST,NHS NORTH EAST AND NORTH CUMBRIA INTEGRATED CARE BOARD,NHS trust,21534,15212,21534,212,70.6
2026-03-01,RGN,NORTH WEST ANGLIA NHS FOUNDATION TRUST,NHS CAMBRIDGESHIRE AND PETERBOROUGH INTEGRATED CARE BOARD,NHS trust,79184,48578,79184,408,61.3
2026-03-01,RNS,NORTHAMPTON GENERAL HOSPITAL NHS TRUST,NHS NORTHAMPTONSHIRE INTEGRATED CARE BOARD,NHS trust,39774,24310,39774,470,61.1
2026-03-01,RM3,NORTHERN CARE ALLIANCE NHS FOUNDATION TRUST,NHS GREATER MANCHESTER INTEGRATED CARE BOARD,NHS trust,129221,76279,129221,3696,59.0
2026-03-01,RJL,NORTHERN LINCOLNSHIRE AND GOOLE NHS FOUNDATION TRUST,NHS HUMBER AND NORTH YORKSHIRE INTEGRATED CARE BOARD,NHS trust,39516,24329,39516,811,61.6
2026-03-01,RTF,NORTHUMBRIA HEALTHCARE NHS FOUNDATION TRUST,NHS NORTH EAST AND NORTH CUMBRIA INTEGRATED CARE BOARD,NHS trust,37215,30796,37215,0,82.8
2026-03-01,DFQ,NORWICH & NORFOLK SURGICAL LTD (N2S),NHS NORFOLK AND WAVENEY INTEGRATED CARE BOARD,Independent sector / other,1127,921,1127,0,81.7
2026-03-01,RX1,NOTTINGHAM UNIVERSITY HOSPITALS NHS TRUST,NHS NOTTINGHAM AND NOTTINGHAMSHIRE INTEGRATED CARE BOARD,NHS trust,83187,52810,83187,1589,63.5
2026-03-01,NQH,NOVUS HEALTH LTD,NHS WEST YORKSHIRE INTEGRATED CARE BOARD,Independent sector / other,765,732,765,0,95.7
2026-03-01,G3Q3Z,NUFFIELD HEALTH HIGHGATE HOSPITAL,NHS NORTH CENTRAL LONDON INTEGRATED CARE BOARD,Independent sector / other,956,819,956,9,85.7
2026-03-01,R0F4N,NUFFIELD HEALTH PARKSIDE HOSPITAL,NHS SOUTH WEST LONDON INTEGRATED CARE BOARD,Independent sector / other,821,574,821,95,69.9
2026-03-01,H4I8B,NUFFIELD HEALTH THE HOLLY HOSPITAL,NHS HERTFORDSHIRE AND WEST ESSEX INTEGRATED CARE BOARD,Independent sector / other,4143,3241,4143,17,78.2
2026-03-01,NT202,"NUFFIELD HEALTH, BOURNEMOUTH HOSPITAL",NHS DORSET INTEGRATED CARE BOARD,Independent sector / other,560,313,560,2,55.9
2026-03-01,NT204,"NUFFIELD HEALTH, BRENTWOOD HOSPITAL",NHS MID AND SOUTH ESSEX INTEGRATED CARE BOARD,Independent sector / other,10,6,10,0,60.0
2026-03-01,NT205,"NUFFIELD HEALTH, BRIGHTON HOSPITAL",NHS SUSSEX INTEGRATED CARE BOARD,Independent sector / other,827,379,827,92,45.8
2026-03-01,NT206,"NUFFIELD HEALTH, BRISTOL HOSPITAL (CHESTERFIELD)","NHS BRISTOL, NORTH SOMERSET AND SOUTH GLOUCESTERSHIRE INTEGRATED CARE BOARD",Independent sector / other,758,463,758,4,61.1
2026-03-01,NT209,"NUFFIELD HEALTH, CAMBRIDGE HOSPITAL",NHS CAMBRIDGESHIRE AND PETERBOROUGH INTEGRATED CARE BOARD,Independent sector / other,207,107,207,0,51.7
2026-03-01,NT211,"NUFFIELD HEALTH, CHELTENHAM HOSPITAL",NHS GLOUCESTERSHIRE INTEGRATED CARE BOARD,Independent sector / other,30,18,30,0,60.0
2026-03-01,NT212,"NUFFIELD HEALTH, CHICHESTER HOSPITAL",NHS SUSSEX INTEGRATED CARE BOARD,Independent sector / other,427,330,427,1,77.3
2026-03-01,NT213,"NUFFIELD HEALTH, DERBY HOSPITAL",NHS DERBY AND DERBYSHIRE INTEGRATED CARE BOARD,Independent sector / other,1162,631,1162,24,54.3
2026-03-01,NT215,"NUFFIELD HEALTH, EXETER HOSPITAL",NHS DEVON INTEGRATED CARE BOARD,Independent sector / other,416,194,416,60,46.6
2026-03-01,NT216,"NUFFIELD HEALTH, GUILDFORD HOSPITAL",NHS SURREY HEARTLANDS INTEGRATED CARE BOARD,Independent sector / other,141,75,141,8,53.2
2026-03-01,NT218,"NUFFIELD HEALTH, HAYWARDS HEATH HOSPITAL",NHS SUSSEX INTEGRATED CARE BOARD,Independent sector / other,432,234,432,6,54.2
2026-03-01,NT219,"NUFFIELD HEALTH, HEREFORD HOSPITAL",NHS HEREFORDSHIRE AND WORCESTERSHIRE INTEGRATED CARE BOARD,Independent sector / other,488,345,488,0,70.7
2026-03-01,NT226,"NUFFIELD HEALTH, LEICESTER HOSPITAL","NHS LEICESTER, LEICESTERSHIRE AND RUTLAND INTEGRATED CARE BOARD",Independent sector / other,465,372,465,12,80.0
2026-03-01,NT229,"NUFFIELD HEALTH, NEWCASTLE UPON TYNE HOSPITAL",NHS NORTH EAST AND NORTH CUMBRIA INTEGRATED CARE BOARD,Independent sector / other,518,220,518,27,42.5
2026-03-01,NT230,"NUFFIELD HEALTH, NORTH STAFFORDSHIRE HOSPITAL",NHS STAFFORDSHIRE AND STOKE-ON-TRENT INTEGRATED CARE BOARD,Independent sector / other,1328,646,1328,10,48.6
2026-03-01,NT233,"NUFFIELD HEALTH, PLYMOUTH HOSPITAL",NHS DEVON INTEGRATED CARE BOARD,Independent sector / other,887,559,887,7,63.0
2026-03-01,NT235,"NUFFIELD HEALTH, SHREWSBURY HOSPITAL","NHS SHROPSHIRE, TELFORD AND WREKIN INTEGRATED CARE BOARD",Independent sector / other,462,385,462,0,83.3
2026-03-01,NT238,"NUFFIELD HEALTH, TAUNTON HOSPITAL",NHS SOMERSET INTEGRATED CARE BOARD,Independent sector / other,467,281,467,4,60.2
2026-03-01,NT237,"NUFFIELD HEALTH, TEES HOSPITAL",NHS NORTH EAST AND NORTH CUMBRIA INTEGRATED CARE BOARD,Independent sector / other,1642,1151,1642,2,70.1
2026-03-01,NT210,"NUFFIELD HEALTH, THE GROSVENOR HOSPITAL, CHESTER",NHS CHESHIRE AND MERSEYSIDE INTEGRATED CARE BOARD,Independent sector / other,409,259,409,0,63.3
2026-03-01,NT239,"NUFFIELD HEALTH, TUNBRIDGE WELLS HOSPITAL",NHS KENT AND MEDWAY INTEGRATED CARE BOARD,Independent sector / other,72,46,72,11,63.9
2026-03-01,NT224,"NUFFIELD HEALTH, WARWICKSHIRE HOSPITAL",NHS COVENTRY AND WARWICKSHIRE INTEGRATED CARE BOARD,Independent sector / other,399,308,399,4,77.2
2026-03-01,NT214,"NUFFIELD HEALTH, WESSEX HOSPITAL",NHS HAMPSHIRE AND ISLE OF WIGHT INTEGRATED CARE BOARD,Independent sector / other,610,172,610,3,28.2
2026-03-01,NT241,"NUFFIELD HEALTH, WOKING HOSPITAL",NHS SURREY HEARTLANDS INTEGRATED CARE BOARD,Independent sector / other,328,262,328,19,79.9
2026-03-01,NT242,"NUFFIELD HEALTH, WOLVERHAMPTON HOSPITAL",NHS BLACK COUNTRY INTEGRATED CARE BOARD,Independent sector / other,606,461,606,1,76.1
2026-03-01,NT245,"NUFFIELD HEALTH, YORK HOSPITAL",NHS HUMBER AND NORTH YORKSHIRE INTEGRATED CARE BOARD,Independent sector / other,1146,820,1146,0,71.6
2026-03-01,NT244,NUFFIELD HOSPITAL OXFORD (THE MANOR),"NHS BUCKINGHAMSHIRE, OXFORDSHIRE AND BERKSHIRE WEST INTEGRATED CARE BOARD",Independent sector / other,92,77,92,0,83.7
2026-03-01,NVC12,OAKLANDS HOSPITAL,NHS GREATER MANCHESTER INTEGRATED CARE BOARD,Independent sector / other,3807,2355,3807,0,61.9
2026-03-01,NVC13,OAKS HOSPITAL,NHS SUFFOLK AND NORTH EAST ESSEX INTEGRATED CARE BOARD,Independent sector / other,1147,658,1147,16,57.4
2026-03-01,DXV,OMNES HEALTHCARE LTD,NHS GREATER MANCHESTER INTEGRATED CARE BOARD,Independent sector / other,12475,7295,12475,184,58.5
2026-03-01,AVQ01,ONE ASHFORD HOSPITAL,NHS KENT AND MEDWAY INTEGRATED CARE BOARD,Independent sector / other,995,819,995,0,82.3
2026-03-01,AVQ03,ONE HATFIELD HOSPITAL,NHS HERTFORDSHIRE AND WEST ESSEX INTEGRATED CARE BOARD,Independent sector / other,212,152,212,7,71.7
2026-03-01,AWR,ONE STOP DOCTORS LIMITED,NHS HERTFORDSHIRE AND WEST ESSEX INTEGRATED CARE BOARD,Independent sector / other,521,402,521,1,77.2
2026-03-01,NNH05,OPTEGRA (BIRMINGHAM EYE HOSPITAL),NHS BIRMINGHAM AND SOLIHULL INTEGRATED CARE BOARD,Independent sector / other,682,654,682,0,95.9
2026-03-01,NNH04,OPTEGRA (MANCHESTER EYE HOSPITAL),NHS GREATER MANCHESTER INTEGRATED CARE BOARD,Independent sector / other,814,804,814,0,98.8
2026-03-01,NNH06,OPTEGRA (SOLENT EYE HOSPITAL),NHS HAMPSHIRE AND ISLE OF WIGHT INTEGRATED CARE BOARD,Independent sector / other,647,647,647,0,100.0
2026-03-01,NNH03,OPTEGRA (SURREY EYE HOSPITAL),NHS SURREY HEARTLANDS INTEGRATED CARE BOARD,Independent sector / other,859,859,859,0,100.0
2026-03-01,D0Y2J,OPTEGRA AT HAVANT HEALTH CENTRE (HAVANT),NHS HAMPSHIRE AND ISLE OF WIGHT INTEGRATED CARE BOARD,Independent sector / other,25,25,25,0,100.0
2026-03-01,D9E5L,OPTEGRA EYE HOSPITAL BRIGHTON,NHS SUSSEX INTEGRATED CARE BOARD,Independent sector / other,758,757,758,0,99.9
2026-03-01,M2O7D,OPTEGRA EYE HOSPITAL COLCHESTER,NHS SUFFOLK AND NORTH EAST ESSEX INTEGRATED CARE BOARD,Independent sector / other,339,265,339,0,78.2
2026-03-01,A8L1O,OPTEGRA EYE HOSPITAL LEICESTER,"NHS LEICESTER, LEICESTERSHIRE AND RUTLAND INTEGRATED CARE BOARD",Independent sector / other,121,116,121,0,95.9
2026-03-01,G3E7R,OPTEGRA EYE HOSPITAL MAIDSTONE,NHS KENT AND MEDWAY INTEGRATED CARE BOARD,Independent sector / other,472,472,472,0,100.0
2026-03-01,E4K5T,OPTEGRA EYE HOSPITAL NEWCASTLE,NHS NORTH EAST AND NORTH CUMBRIA INTEGRATED CARE BOARD,Independent sector / other,436,429,436,0,98.4
2026-03-01,A6U7U,OPTEGRA EYE HOSPITAL NOTTINGHAM,NHS NOTTINGHAM AND NOTTINGHAMSHIRE INTEGRATED CARE BOARD,Independent sector / other,75,75,75,0,100.0
2026-03-01,A5E1F,OPTEGRA EYE HOSPITAL PRESTON,NHS LANCASHIRE AND SOUTH CUMBRIA INTEGRATED CARE BOARD,Independent sector / other,233,231,233,0,99.1
2026-03-01,Q6V1S,OPTEGRA EYE HOSPITAL SHEFFIELD,NHS SOUTH YORKSHIRE INTEGRATED CARE BOARD,Independent sector / other,258,246,258,0,95.3
2026-03-01,B6Z0N,OPTEGRA EYE HOSPITAL UTTOXETER,NHS STAFFORDSHIRE AND STOKE-ON-TRENT INTEGRATED CARE BOARD,Independent sector / other,258,244,258,0,94.6
2026-03-01,I7Q4A,OPTEGRA EYE HOSPITAL WEST LONDON,NHS NORTH WEST LONDON INTEGRATED CARE BOARD,Independent sector / other,560,531,560,0,94.8
2026-03-01,A1S9E,OPTEGRA EYE HOSPITAL YORK,NHS HUMBER AND NORTH YORKSHIRE INTEGRATED CARE BOARD,Independent sector / other,472,463,472,0,98.1
2026-03-01,NNH07,OPTEGRA LONDON EYE HOSPITAL,NHS NORTH CENTRAL LONDON INTEGRATED CARE BOARD,Independent sector / other,874,836,874,0,95.7
2026-03-01,NNH02,OPTEGRA YORKSHIRE EYE HOSPITAL,NHS WEST YORKSHIRE INTEGRATED CARE BOARD,Independent sector / other,634,528,634,0,83.3
2026-03-01,NQM01,ORTHOPAEDICS & SPINE SPECIALIST HOSPITAL SITE,NHS CAMBRIDGESHIRE AND PETERBOROUGH INTEGRATED CARE BOARD,Independent sector / other,237,176,237,0,74.3
2026-03-01,Q2Y5H,OVIVA UK LTD,NHS SOUTH EAST LONDON INTEGRATED CARE BOARD,Independent sector / other,9856,5478,9856,170,55.6
2026-03-01,RTH,OXFORD UNIVERSITY HOSPITALS NHS FOUNDATION TRUST,"NHS BUCKINGHAMSHIRE, OXFORDSHIRE AND BERKSHIRE WEST INTEGRATED CARE BOARD",NHS trust,88213,55578,88213,1590,63.0
2026-03-01,RPG,OXLEAS NHS FOUNDATION TRUST,NHS SOUTH EAST LONDON INTEGRATED CARE BOARD,NHS trust,2079,1159,2079,312,55.7
2026-03-01,NVC14,PARK HILL HOSPITAL,NHS SOUTH YORKSHIRE INTEGRATED CARE BOARD,Independent sector / other,765,578,765,0,75.6
2026-03-01,NT427,PARK HOSPITAL,NHS NOTTINGHAM AND NOTTINGHAMSHIRE INTEGRATED CARE BOARD,Independent sector / other,1973,1337,1973,23,67.8
2026-03-01,V3J9W,PASTEL HEALTH,NHS NORTH EAST LONDON INTEGRATED CARE BOARD,Independent sector / other,39,39,39,0,100.0
2026-03-01,NEQ,PHOENIX HEALTH SOLUTIONS LIMITED HQ,NHS WEST YORKSHIRE INTEGRATED CARE BOARD,Independent sector / other,589,568,589,0,96.4
2026-03-01,DTT,PHOENIX PUBLIC HEALTH LTD,NHS CHESHIRE AND MERSEYSIDE INTEGRATED CARE BOARD,Independent sector / other,145,131,145,1,90.3
2026-03-01,NVC15,PINEHILL HOSPITAL,NHS HERTFORDSHIRE AND WEST ESSEX INTEGRATED CARE BOARD,Independent sector / other,1812,1145,1812,3,63.2
2026-03-01,NEY,PIONEER HEALTHCARE LIMITED,NHS SOUTH YORKSHIRE INTEGRATED CARE BOARD,Independent sector / other,715,80,715,209,11.2
2026-03-01,D3O0Z,PLYMOUTH NEWMEDICA LTD,NHS DEVON INTEGRATED CARE BOARD,Independent sector / other,537,496,537,1,92.4
2026-03-01,RHU,PORTSMOUTH HOSPITALS UNIVERSITY NHS TRUST,NHS HAMPSHIRE AND ISLE OF WIGHT INTEGRATED CARE BOARD,NHS trust,53437,32831,53437,1909,61.4
2026-03-01,NTP13,PRACTICE PLUS GROUP HOSPITAL - BARLBOROUGH,NHS DERBY AND DERBYSHIRE INTEGRATED CARE BOARD,Independent sector / other,1953,1495,1953,0,76.5
2026-03-01,NTPH2,PRACTICE PLUS GROUP HOSPITAL - EMERSONS GREEN,"NHS BRISTOL, NORTH SOMERSET AND SOUTH GLOUCESTERSHIRE INTEGRATED CARE BOARD",Independent sector / other,5173,4081,5173,0,78.9
2026-03-01,NTP15,PRACTICE PLUS GROUP HOSPITAL - ILFORD,NHS NORTH EAST LONDON INTEGRATED CARE BOARD,Independent sector / other,4719,3140,4719,16,66.5
2026-03-01,NTPH5,PRACTICE PLUS GROUP HOSPITAL - PLYMOUTH,NHS DEVON INTEGRATED CARE BOARD,Independent sector / other,1571,1332,1571,4,84.8
2026-03-01,NTPH1,PRACTICE PLUS GROUP HOSPITAL - SHEPTON MALLET,NHS SOMERSET INTEGRATED CARE BOARD,Independent sector / other,2705,1928,2705,31,71.3
2026-03-01,NTP11,PRACTICE PLUS GROUP HOSPITAL - SOUTHAMPTON,NHS HAMPSHIRE AND ISLE OF WIGHT INTEGRATED CARE BOARD,Independent sector / other,10619,6768,10619,13,63.7
2026-03-01,M2Y6D,PRACTICE PLUS GROUP HOSPITAL BIRMINGHAM,NHS BIRMINGHAM AND SOLIHULL INTEGRATED CARE BOARD,Independent sector / other,1404,1125,1404,0,80.1
2026-03-01,NTPAE,PRACTICE PLUS GROUP OPHTHALMOLOGY - NORTH WEST,NHS GREATER MANCHESTER INTEGRATED CARE BOARD,Independent sector / other,1585,1526,1585,0,96.3
2026-03-01,NTPH3,PRACTICE PLUS GROUP SURGICAL CENTRE - DEVIZES,"NHS BATH AND NORTH EAST SOMERSET, SWINDON AND WILTSHIRE INTEGRATED CARE BOARD",Independent sector / other,2913,2244,2913,5,77.0
2026-03-01,NTP16,PRACTICE PLUS GROUP SURGICAL CENTRE - GILLINGHAM,NHS KENT AND MEDWAY INTEGRATED CARE BOARD,Independent sector / other,1030,930,1030,8,90.3
2026-03-01,NTPAD,PRACTICE PLUS GROUP SURGICAL CENTRE - ST MARYS PORTSMOUTH,NHS HAMPSHIRE AND ISLE OF WIGHT INTEGRATED CARE BOARD,Independent sector / other,1863,1798,1863,0,96.5
2026-03-01,NT428,PRINCESS MARGARET HOSPITAL,NHS FRIMLEY INTEGRATED CARE BOARD,Independent sector / other,71,66,71,0,93.0
2026-03-01,NT429,PRIORY HOSPITAL,NHS BIRMINGHAM AND SOLIHULL INTEGRATED CARE BOARD,Independent sector / other,669,471,669,3,70.4
2026-03-01,NAM01,PROBUS SURGICAL CENTRE,NHS CORNWALL AND THE ISLES OF SCILLY INTEGRATED CARE BOARD,Independent sector / other,828,787,828,0,95.0
2026-03-01,NQX,PROVIDE ENTERPRISES,NHS SUFFOLK AND NORTH EAST ESSEX INTEGRATED CARE BOARD,Independent sector / other,152,152,152,0,100.0
2026-03-01,RPC,QUEEN VICTORIA HOSPITAL NHS FOUNDATION TRUST,NHS SUSSEX INTEGRATED CARE BOARD,NHS trust,20841,12890,20841,226,61.8
2026-03-01,GEC01,RAPID INVESTIGATION SERVICE,NHS HAMPSHIRE AND ISLE OF WIGHT INTEGRATED CARE BOARD,Independent sector / other,104,104,104,0,100.0
2026-03-01,NVC16,RENACRES HOSPITAL,NHS LANCASHIRE AND SOUTH CUMBRIA INTEGRATED CARE BOARD,Independent sector / other,5292,2657,5292,41,50.2
2026-03-01,NT430,RIDGEWAY HOSPITAL,"NHS BATH AND NORTH EAST SOMERSET, SWINDON AND WILTSHIRE INTEGRATED CARE BOARD",Independent sector / other,448,321,448,0,71.7
2026-03-01,NVC19,RIVERS HOSPITAL,NHS HERTFORDSHIRE AND WEST ESSEX INTEGRATED CARE BOARD,Independent sector / other,4766,3161,4766,24,66.3
2026-03-01,NVC17,ROWLEY HALL HOSPITAL,NHS STAFFORDSHIRE AND STOKE-ON-TRENT INTEGRATED CARE BOARD,Independent sector / other,2629,1541,2629,0,58.6
2026-03-01,RHW,ROYAL BERKSHIRE NHS FOUNDATION TRUST,"NHS BUCKINGHAMSHIRE, OXFORDSHIRE AND BERKSHIRE WEST INTEGRATED CARE BOARD",NHS trust,34676,29053,34676,36,83.8
2026-03-01,REF,ROYAL CORNWALL HOSPITALS NHS TRUST,NHS CORNWALL AND THE ISLES OF SCILLY INTEGRATED CARE BOARD,NHS trust,41862,30830,41862,250,73.6
2026-03-01,RH8,ROYAL DEVON UNIVERSITY HEALTHCARE NHS FOUNDATION TRUST,NHS DEVON INTEGRATED CARE BOARD,NHS trust,70725,44388,70725,1254,62.8
2026-03-01,RAL,ROYAL FREE LONDON NHS FOUNDATION TRUST,NHS NORTH CENTRAL LONDON INTEGRATED CARE BOARD,NHS trust,133390,86569,133390,1331,64.9
2026-03-01,RAN,ROYAL NATIONAL ORTHOPAEDIC HOSPITAL NHS TRUST,NHS NORTH WEST LONDON INTEGRATED CARE BOARD,NHS trust,9158,6593,9158,14,72.0
2026-03-01,RGM,ROYAL PAPWORTH HOSPITAL NHS FOUNDATION TRUST,NHS CAMBRIDGESHIRE AND PETERBOROUGH INTEGRATED CARE BOARD,NHS trust,5283,4162,5283,24,78.8
2026-03-01,RA2,ROYAL SURREY NHS FOUNDATION TRUST,NHS SURREY HEARTLANDS INTEGRATED CARE BOARD,NHS trust,30399,19603,30399,383,64.5
2026-03-01,RD1,ROYAL UNITED HOSPITALS BATH NHS FOUNDATION TRUST,"NHS BATH AND NORTH EAST SOMERSET, SWINDON AND WILTSHIRE INTEGRATED CARE BOARD",NHS trust,39105,27032,39105,215,69.1
2026-03-01,NT431,RUNNYMEDE HOSPITAL,NHS SURREY HEARTLANDS INTEGRATED CARE BOARD,Independent sector / other,182,149,182,1,81.9
2026-03-01,RNZ,SALISBURY NHS FOUNDATION TRUST,"NHS BATH AND NORTH EAST SOMERSET, SWINDON AND WILTSHIRE INTEGRATED CARE BOARD",NHS trust,30359,21751,30359,26,71.6
2026-03-01,RXK,SANDWELL AND WEST BIRMINGHAM HOSPITALS NHS TRUST,NHS BLACK COUNTRY INTEGRATED CARE BOARD,NHS trust,65757,41429,65757,346,63.0
2026-03-01,NT433,SARUM ROAD HOSPITAL,NHS HAMPSHIRE AND ISLE OF WIGHT INTEGRATED CARE BOARD,Independent sector / other,343,188,343,2,54.8
2026-03-01,NT434,SAXON CLINIC,"NHS BEDFORDSHIRE, LUTON AND MILTON KEYNES INTEGRATED CARE BOARD",Independent sector / other,688,384,688,6,55.8
2026-03-01,RCU,SHEFFIELD CHILDREN'S NHS FOUNDATION TRUST,NHS SOUTH YORKSHIRE INTEGRATED CARE BOARD,NHS trust,10811,7859,10811,150,72.7
2026-03-01,NT435,SHELBURNE HOSPITAL,"NHS BUCKINGHAMSHIRE, OXFORDSHIRE AND BERKSHIRE WEST INTEGRATED CARE BOARD",Independent sector / other,180,128,180,0,71.1
2026-03-01,RK5,SHERWOOD FOREST HOSPITALS NHS FOUNDATION TRUST,NHS NOTTINGHAM AND NOTTINGHAMSHIRE INTEGRATED CARE BOARD,NHS trust,33136,21085,33136,357,63.6
2026-03-01,NT436,SHIRLEY OAKS HOSPITAL,NHS SOUTH WEST LONDON INTEGRATED CARE BOARD,Independent sector / other,968,716,968,1,74.0
2026-03-01,R1D,SHROPSHIRE COMMUNITY HEALTH NHS TRUST,"NHS SHROPSHIRE, TELFORD AND WREKIN INTEGRATED CARE BOARD",NHS trust,8103,6574,8103,0,81.1
2026-03-01,NLX,SIRONA CARE & HEALTH,"NHS BRISTOL, NORTH SOMERSET AND SOUTH GLOUCESTERSHIRE INTEGRATED CARE BOARD",Independent sector / other,5776,4185,5776,0,72.5
2026-03-01,NT437,SLOANE HOSPITAL,NHS SOUTH EAST LONDON INTEGRATED CARE BOARD,Independent sector / other,863,635,863,11,73.6
2026-03-01,RH5,SOMERSET NHS FOUNDATION TRUST,NHS SOMERSET INTEGRATED CARE BOARD,NHS trust,52302,34209,52302,1028,65.4
2026-03-01,NFH,SOMERSET SURGICAL SERVICES HQ,"NHS BRISTOL, NORTH SOMERSET AND SOUTH GLOUCESTERSHIRE INTEGRATED CARE BOARD",Independent sector / other,1505,1333,1505,3,88.6
2026-03-01,RTR,SOUTH TEES HOSPITALS NHS FOUNDATION TRUST,NHS NORTH EAST AND NORTH CUMBRIA INTEGRATED CARE BOARD,NHS trust,54264,35385,54264,658,65.2
2026-03-01,R0B,SOUTH TYNESIDE AND SUNDERLAND NHS FOUNDATION TRUST,NHS NORTH EAST AND NORTH CUMBRIA INTEGRATED CARE BOARD,NHS trust,57899,44340,57899,5,76.6
2026-03-01,RJC,SOUTH WARWICKSHIRE UNIVERSITY NHS FOUNDATION TRUST,NHS COVENTRY AND WARWICKSHIRE INTEGRATED CARE BOARD,NHS trust,29705,20458,29705,172,68.9
2026-03-01,RXG,SOUTH WEST YORKSHIRE PARTNERSHIP NHS FOUNDATION TRUST,NHS WEST YORKSHIRE INTEGRATED CARE BOARD,NHS trust,4316,4162,4316,0,96.4
2026-03-01,NT490,SOUTHEND PRIVATE HOSPITAL,NHS MID AND SOUTH ESSEX INTEGRATED CARE BOARD,Independent sector / other,1038,905,1038,0,87.2
2026-03-01,NPG19,SPAMEDICA BEDFORD,"NHS BEDFORDSHIRE, LUTON AND MILTON KEYNES INTEGRATED CARE BOARD",Independent sector / other,251,237,251,0,94.4
2026-03-01,D5P5H,SPAMEDICA BEXHILL,NHS SUSSEX INTEGRATED CARE BOARD,Independent sector / other,175,164,175,0,93.7
2026-03-01,NPG11,SPAMEDICA BIRMINGHAM,NHS BIRMINGHAM AND SOLIHULL INTEGRATED CARE BOARD,Independent sector / other,785,682,785,0,86.9
2026-03-01,C3Y0A,SPAMEDICA BLACKPOOL,NHS LANCASHIRE AND SOUTH CUMBRIA INTEGRATED CARE BOARD,Independent sector / other,171,148,171,0,86.5
2026-03-01,NPG08,SPAMEDICA BOLTON,NHS GREATER MANCHESTER INTEGRATED CARE BOARD,Independent sector / other,698,670,698,1,96.0
2026-03-01,I2C7H,SPAMEDICA BRADFORD,NHS WEST YORKSHIRE INTEGRATED CARE BOARD,Independent sector / other,179,166,179,0,92.7
2026-03-01,I9A4A,SPAMEDICA BRIGHTON,NHS SUSSEX INTEGRATED CARE BOARD,Independent sector / other,215,195,215,0,90.7
2026-03-01,P1B7M,SPAMEDICA BRISTOL,"NHS BRISTOL, NORTH SOMERSET AND SOUTH GLOUCESTERSHIRE INTEGRATED CARE BOARD",Independent sector / other,156,144,156,1,92.3
2026-03-01,Y8L9S,SPAMEDICA BROMLEY,NHS SOUTH EAST LONDON INTEGRATED CARE BOARD,Independent sector / other,595,540,595,1,90.8
2026-03-01,O6X7Z,SPAMEDICA CAMBRIDGE,NHS CAMBRIDGESHIRE AND PETERBOROUGH INTEGRATED CARE BOARD,Independent sector / other,524,486,524,0,92.7
2026-03-01,E1U4T,SPAMEDICA CARLISLE,NHS NORTH EAST AND NORTH CUMBRIA INTEGRATED CARE BOARD,Independent sector / other,738,696,738,0,94.3
2026-03-01,NPG16,SPAMEDICA CHELMSFORD,NHS MID AND SOUTH ESSEX INTEGRATED CARE BOARD,Independent sector / other,801,735,801,0,91.8
2026-03-01,V4U1Y,SPAMEDICA CHESTER,NHS CHESHIRE AND MERSEYSIDE INTEGRATED CARE BOARD,Independent sector / other,206,191,206,0,92.7
2026-03-01,T4I8V,SPAMEDICA CHESTERFIELD,NHS DERBY AND DERBYSHIRE INTEGRATED CARE BOARD,Independent sector / other,178,173,178,0,97.2
2026-03-01,J2H6H,SPAMEDICA COLCHESTER,NHS SUFFOLK AND NORTH EAST ESSEX INTEGRATED CARE BOARD,Independent sector / other,150,135,150,0,90.0
2026-03-01,NPG21,SPAMEDICA COVENTRY,NHS COVENTRY AND WARWICKSHIRE INTEGRATED CARE BOARD,Independent sector / other,507,466,507,0,91.9
2026-03-01,N1N0Y,SPAMEDICA CROYDON,NHS SOUTH WEST LONDON INTEGRATED CARE BOARD,Independent sector / other,157,150,157,0,95.5
2026-03-01,V8N5R,SPAMEDICA DALSTON,NHS NORTH EAST LONDON INTEGRATED CARE BOARD,Independent sector / other,397,356,397,0,89.7
2026-03-01,NPG23,SPAMEDICA DERBY,NHS DERBY AND DERBYSHIRE INTEGRATED CARE BOARD,Independent sector / other,476,453,476,0,95.2
2026-03-01,T8V3L,SPAMEDICA DONCASTER,NHS SOUTH YORKSHIRE INTEGRATED CARE BOARD,Independent sector / other,253,242,253,0,95.7
2026-03-01,H4Y7F,SPAMEDICA DORCHESTER,NHS DORSET INTEGRATED CARE BOARD,Independent sector / other,494,473,494,0,95.7
2026-03-01,M7C9Q,SPAMEDICA EPSOM,NHS SURREY HEARTLANDS INTEGRATED CARE BOARD,Independent sector / other,336,325,336,0,96.7
2026-03-01,M5E1S,SPAMEDICA EXETER,NHS DEVON INTEGRATED CARE BOARD,Independent sector / other,328,290,328,0,88.4
2026-03-01,NPG07,SPAMEDICA EYE HOSPITAL (WAKEFIELD),NHS WEST YORKSHIRE INTEGRATED CARE BOARD,Independent sector / other,561,526,561,0,93.8
2026-03-01,Z9Z1G,SPAMEDICA GATESHEAD,NHS NORTH EAST AND NORTH CUMBRIA INTEGRATED CARE BOARD,Independent sector / other,509,483,509,0,94.9
2026-03-01,A0C5S,SPAMEDICA GLOUCESTER,NHS GLOUCESTERSHIRE INTEGRATED CARE BOARD,Independent sector / other,64,56,64,0,87.5
2026-03-01,F4B0R,SPAMEDICA GUILDFORD,NHS SURREY HEARTLANDS INTEGRATED CARE BOARD,Independent sector / other,19,18,19,0,94.7
2026-03-01,Z5J5V,SPAMEDICA HAYDOCK,NHS CHESHIRE AND MERSEYSIDE INTEGRATED CARE BOARD,Independent sector / other,296,271,296,1,91.6
2026-03-01,J0M7P,SPAMEDICA HEREFORD DIAGNOSTIC AND TREATMENT CENTRE,NHS HEREFORDSHIRE AND WORCESTERSHIRE INTEGRATED CARE BOARD,Independent sector / other,25,25,25,0,100.0
2026-03-01,NPG18,SPAMEDICA HULL,NHS HUMBER AND NORTH YORKSHIRE INTEGRATED CARE BOARD,Independent sector / other,327,306,327,0,93.6
2026-03-01,Q8X0X,SPAMEDICA ISLE OF WIGHT COMMUNITY DIAGNOSTIC & TREATMENT CENTRE,NHS HAMPSHIRE AND ISLE OF WIGHT INTEGRATED CARE BOARD,Independent sector / other,23,22,23,0,95.7
2026-03-01,R1G7E,SPAMEDICA KENDAL,NHS LANCASHIRE AND SOUTH CUMBRIA INTEGRATED CARE BOARD,Independent sector / other,447,426,447,0,95.3
2026-03-01,P0C3F,SPAMEDICA LEEDS,NHS WEST YORKSHIRE INTEGRATED CARE BOARD,Independent sector / other,271,254,271,0,93.7
2026-03-01,L9D3Z,SPAMEDICA LEICESTER,"NHS LEICESTER, LEICESTERSHIRE AND RUTLAND INTEGRATED CARE BOARD",Independent sector / other,340,330,340,0,97.1
2026-03-01,NPG06,SPAMEDICA LIVERPOOL,NHS CHESHIRE AND MERSEYSIDE INTEGRATED CARE BOARD,Independent sector / other,393,358,393,0,91.1
2026-03-01,K9J3O,SPAMEDICA LUTON,"NHS BEDFORDSHIRE, LUTON AND MILTON KEYNES INTEGRATED CARE BOARD",Independent sector / other,158,138,158,0,87.3
2026-03-01,R6X7C,SPAMEDICA MACCLESFIELD COMMUNITY DIAGNOSTIC & TREATMENT CENTRE,NHS CHESHIRE AND MERSEYSIDE INTEGRATED CARE BOARD,Independent sector / other,49,49,49,0,100.0
2026-03-01,NPG01,SPAMEDICA MANCHESTER,NHS GREATER MANCHESTER INTEGRATED CARE BOARD,Independent sector / other,357,323,357,0,90.5
2026-03-01,G3O5P,SPAMEDICA NEWARK,NHS NOTTINGHAM AND NOTTINGHAMSHIRE INTEGRATED CARE BOARD,Independent sector / other,540,502,540,5,93.0
2026-03-01,NPG15,SPAMEDICA NEWCASTLE-UNDER-LYME,NHS STAFFORDSHIRE AND STOKE-ON-TRENT INTEGRATED CARE BOARD,Independent sector / other,315,308,315,0,97.8
2026-03-01,G5X2Q,SPAMEDICA NORTH TYNESIDE,NHS NORTH EAST AND NORTH CUMBRIA INTEGRATED CARE BOARD,Independent sector / other,425,409,425,0,96.2
2026-03-01,M3R0W,SPAMEDICA NORWICH,NHS NORFOLK AND WAVENEY INTEGRATED CARE BOARD,Independent sector / other,346,313,346,0,90.5
2026-03-01,O1P6X,SPAMEDICA OLDHAM,NHS GREATER MANCHESTER INTEGRATED CARE BOARD,Independent sector / other,628,589,628,0,93.8
2026-03-01,O5Y9D,SPAMEDICA OXFORD,"NHS BUCKINGHAMSHIRE, OXFORDSHIRE AND BERKSHIRE WEST INTEGRATED CARE BOARD",Independent sector / other,177,163,177,0,92.1
2026-03-01,B9J4U,SPAMEDICA PETERBOROUGH,NHS CAMBRIDGESHIRE AND PETERBOROUGH INTEGRATED CARE BOARD,Independent sector / other,504,473,504,0,93.8
2026-03-01,L6O7H,SPAMEDICA POOLE,NHS DORSET INTEGRATED CARE BOARD,Independent sector / other,998,946,998,0,94.8
2026-03-01,A1U4J,SPAMEDICA PORTSMOUTH,NHS HAMPSHIRE AND ISLE OF WIGHT INTEGRATED CARE BOARD,Independent sector / other,196,174,196,0,88.8
2026-03-01,NPG17,SPAMEDICA PRESTON,NHS LANCASHIRE AND SOUTH CUMBRIA INTEGRATED CARE BOARD,Independent sector / other,299,279,299,0,93.3
2026-03-01,B4N1U,SPAMEDICA ROMFORD,NHS NORTH EAST LONDON INTEGRATED CARE BOARD,Independent sector / other,793,740,793,0,93.3
2026-03-01,I1H7K,SPAMEDICA SALE,NHS GREATER MANCHESTER INTEGRATED CARE BOARD,Independent sector / other,203,192,203,0,94.6
2026-03-01,NPG10,SPAMEDICA SHEFFIELD,NHS SOUTH YORKSHIRE INTEGRATED CARE BOARD,Independent sector / other,379,360,379,0,95.0
2026-03-01,V8A3H,SPAMEDICA SHEFFIELD COMMUNITY DIAGNOSTIC & TREATMENT CENTRE,NHS SOUTH YORKSHIRE INTEGRATED CARE BOARD,Independent sector / other,11,11,11,0,100.0
2026-03-01,M0N7E,SPAMEDICA SITTINGBOURNE,NHS KENT AND MEDWAY INTEGRATED CARE BOARD,Independent sector / other,189,171,189,0,90.5
2026-03-01,NPG13,SPAMEDICA SKELMERSDALE,NHS LANCASHIRE AND SOUTH CUMBRIA INTEGRATED CARE BOARD,Independent sector / other,86,77,86,0,89.5
2026-03-01,J7V1N,SPAMEDICA SOLIHULL,NHS BIRMINGHAM AND SOLIHULL INTEGRATED CARE BOARD,Independent sector / other,466,389,466,1,83.5
2026-03-01,B9M3W,SPAMEDICA SOUTHAMPTON,NHS HAMPSHIRE AND ISLE OF WIGHT INTEGRATED CARE BOARD,Independent sector / other,454,318,454,0,70.0
2026-03-01,K3V9U,SPAMEDICA STEVENAGE COMMUNITY DIAGNOSTIC & TREATMENT CENTRE,NHS HERTFORDSHIRE AND WEST ESSEX INTEGRATED CARE BOARD,Independent sector / other,5,5,5,0,100.0
2026-03-01,NPG22,SPAMEDICA STOCKTON-ON-TEES,NHS NORTH EAST AND NORTH CUMBRIA INTEGRATED CARE BOARD,Independent sector / other,462,427,462,0,92.4
2026-03-01,H1T2P,SPAMEDICA SWINDON,"NHS BATH AND NORTH EAST SOMERSET, SWINDON AND WILTSHIRE INTEGRATED CARE BOARD",Independent sector / other,83,79,83,0,95.2
2026-03-01,G6S7A,SPAMEDICA TAUNTON,NHS SOMERSET INTEGRATED CARE BOARD,Independent sector / other,788,640,788,0,81.2
2026-03-01,V5F1D,SPAMEDICA TELFORD,"NHS SHROPSHIRE, TELFORD AND WREKIN INTEGRATED CARE BOARD",Independent sector / other,384,338,384,0,88.0
2026-03-01,E3D4A,SPAMEDICA TRURO,NHS CORNWALL AND THE ISLES OF SCILLY INTEGRATED CARE BOARD,Independent sector / other,308,294,308,0,95.5
2026-03-01,Q1W6P,SPAMEDICA WATFORD,NHS HERTFORDSHIRE AND WEST ESSEX INTEGRATED CARE BOARD,Independent sector / other,380,362,380,0,95.3
2026-03-01,A1D1B,SPAMEDICA WEMBLEY,NHS NORTH WEST LONDON INTEGRATED CARE BOARD,Independent sector / other,391,363,391,0,92.8
2026-03-01,NPG14,SPAMEDICA WIDNES,NHS CHESHIRE AND MERSEYSIDE INTEGRATED CARE BOARD,Independent sector / other,283,270,283,0,95.4
2026-03-01,NPG02,SPAMEDICA WIRRAL,NHS CHESHIRE AND MERSEYSIDE INTEGRATED CARE BOARD,Independent sector / other,358,340,358,0,95.0
2026-03-01,T8R5I,SPAMEDICA WOKINGHAM,"NHS BUCKINGHAMSHIRE, OXFORDSHIRE AND BERKSHIRE WEST INTEGRATED CARE BOARD",Independent sector / other,236,213,236,1,90.3
2026-03-01,NPG20,SPAMEDICA WOLVERHAMPTON,NHS BLACK COUNTRY INTEGRATED CARE BOARD,Independent sector / other,661,612,661,0,92.6
2026-03-01,J3X4C,SPAMEDICA WORCESTER,NHS HEREFORDSHIRE AND WORCESTERSHIRE INTEGRATED CARE BOARD,Independent sector / other,370,318,370,0,85.9
2026-03-01,NN8,SPENCER PRIVATE HOSPITALS LTD,NHS KENT AND MEDWAY INTEGRATED CARE BOARD,Independent sector / other,3581,2228,3581,33,62.2
2026-03-01,NT312,SPIRE ALEXANDRA HOSPITAL,NHS KENT AND MEDWAY INTEGRATED CARE BOARD,Independent sector / other,1107,866,1107,1,78.2
2026-03-01,NT302,SPIRE BRISTOL HOSPITAL,"NHS BRISTOL, NORTH SOMERSET AND SOUTH GLOUCESTERSHIRE INTEGRATED CARE BOARD",Independent sector / other,755,411,755,8,54.4
2026-03-01,NT315,SPIRE BUSHEY HOSPITAL,NHS HERTFORDSHIRE AND WEST ESSEX INTEGRATED CARE BOARD,Independent sector / other,1249,1111,1249,0,89.0
2026-03-01,NT317,SPIRE CAMBRIDGE LEA HOSPITAL,NHS CAMBRIDGESHIRE AND PETERBOROUGH INTEGRATED CARE BOARD,Independent sector / other,316,181,316,5,57.3
2026-03-01,NT324,SPIRE CHESHIRE HOSPITAL,NHS CHESHIRE AND MERSEYSIDE INTEGRATED CARE BOARD,Independent sector / other,1111,927,1111,0,83.4
2026-03-01,NT345,SPIRE CLARE PARK HOSPITAL,NHS FRIMLEY INTEGRATED CARE BOARD,Independent sector / other,454,227,454,3,50.0
2026-03-01,NT344,SPIRE DUNEDIN HOSPITAL,"NHS BUCKINGHAMSHIRE, OXFORDSHIRE AND BERKSHIRE WEST INTEGRATED CARE BOARD",Independent sector / other,303,246,303,1,81.2
2026-03-01,NT348,SPIRE ELLAND HOSPITAL,NHS WEST YORKSHIRE INTEGRATED CARE BOARD,Independent sector / other,1282,944,1282,2,73.6
2026-03-01,NT347,SPIRE FYLDE COAST HOSPITAL,NHS LANCASHIRE AND SOUTH CUMBRIA INTEGRATED CARE BOARD,Independent sector / other,3347,2788,3347,1,83.3
2026-03-01,NT308,SPIRE GATWICK PARK HOSPITAL,NHS SURREY HEARTLANDS INTEGRATED CARE BOARD,Independent sector / other,1274,964,1274,9,75.7
2026-03-01,NT316,SPIRE HARPENDEN HOSPITAL,NHS HERTFORDSHIRE AND WEST ESSEX INTEGRATED CARE BOARD,Independent sector / other,907,767,907,0,84.6
2026-03-01,NT319,SPIRE HARTSWOOD HOSPITAL,NHS MID AND SOUTH ESSEX INTEGRATED CARE BOARD,Independent sector / other,1175,854,1175,2,72.7
2026-03-01,NT351,SPIRE HULL AND EAST RIDING HOSPITAL,NHS HUMBER AND NORTH YORKSHIRE INTEGRATED CARE BOARD,Independent sector / other,2525,1512,2525,0,59.9
2026-03-01,NT332,SPIRE LEEDS HOSPITAL,NHS WEST YORKSHIRE INTEGRATED CARE BOARD,Independent sector / other,787,642,787,0,81.6
2026-03-01,NT322,SPIRE LEICESTER HOSPITAL,"NHS LEICESTER, LEICESTERSHIRE AND RUTLAND INTEGRATED CARE BOARD",Independent sector / other,1240,736,1240,32,59.4
2026-03-01,NT321,SPIRE LITTLE ASTON HOSPITAL,NHS STAFFORDSHIRE AND STOKE-ON-TRENT INTEGRATED CARE BOARD,Independent sector / other,1339,947,1339,6,70.7
2026-03-01,NT337,SPIRE LIVERPOOL HOSPITAL,NHS CHESHIRE AND MERSEYSIDE INTEGRATED CARE BOARD,Independent sector / other,2578,1842,2578,7,71.5
2026-03-01,NT314,SPIRE LONDON EAST,NHS NORTH EAST LONDON INTEGRATED CARE BOARD,Independent sector / other,3296,1991,3296,36,60.4
2026-03-01,NT327,SPIRE MANCHESTER HOSPITAL,NHS GREATER MANCHESTER INTEGRATED CARE BOARD,Independent sector / other,894,498,894,0,55.7
2026-03-01,NT350,SPIRE METHLEY PARK HOSPITAL,NHS WEST YORKSHIRE INTEGRATED CARE BOARD,Independent sector / other,917,753,917,1,82.1
2026-03-01,NT364,SPIRE MONTEFIORE HOSPITAL,NHS SUSSEX INTEGRATED CARE BOARD,Independent sector / other,610,322,610,10,52.8
2026-03-01,NT325,SPIRE MURRAYFIELD HOSPITAL,NHS CHESHIRE AND MERSEYSIDE INTEGRATED CARE BOARD,Independent sector / other,829,602,829,3,72.6
2026-03-01,NT318,SPIRE NORWICH HOSPITAL,NHS NORFOLK AND WAVENEY INTEGRATED CARE BOARD,Independent sector / other,957,750,957,1,78.4
2026-03-01,NT30A,SPIRE NOTTINGHAM HOSPITAL,NHS NOTTINGHAM AND NOTTINGHAMSHIRE INTEGRATED CARE BOARD,Independent sector / other,695,560,695,1,80.6
2026-03-01,NT320,SPIRE PARKWAY HOSPITAL,NHS BIRMINGHAM AND SOLIHULL INTEGRATED CARE BOARD,Independent sector / other,1476,1011,1476,16,68.5
2026-03-01,NT305,SPIRE PORTSMOUTH HOSPITAL,NHS HAMPSHIRE AND ISLE OF WIGHT INTEGRATED CARE BOARD,Independent sector / other,460,202,460,0,43.9
2026-03-01,NT339,SPIRE REGENCY HOSPITAL,NHS CHESHIRE AND MERSEYSIDE INTEGRATED CARE BOARD,Independent sector / other,2057,1953,2057,0,94.9
2026-03-01,NT301,SPIRE SOUTH BANK HOSPITAL,NHS HEREFORDSHIRE AND WORCESTERSHIRE INTEGRATED CARE BOARD,Independent sector / other,842,643,842,3,76.4
2026-03-01,NT304,SPIRE SOUTHAMPTON HOSPITAL,NHS HAMPSHIRE AND ISLE OF WIGHT INTEGRATED CARE BOARD,Independent sector / other,352,84,352,11,23.9
2026-03-01,NT3X3,SPIRE ST ANTHONY'S HOSPITAL,NHS SOUTH WEST LONDON INTEGRATED CARE BOARD,Independent sector / other,1064,981,1064,3,92.2
2026-03-01,NT343,SPIRE THAMES VALLEY HOSPITAL,"NHS BUCKINGHAMSHIRE, OXFORDSHIRE AND BERKSHIRE WEST INTEGRATED CARE BOARD",Independent sector / other,493,229,493,9,46.5
2026-03-01,NT333,SPIRE WASHINGTON HOSPITAL,NHS NORTH EAST AND NORTH CUMBRIA INTEGRATED CARE BOARD,Independent sector / other,1642,1249,1642,12,76.1
2026-03-01,NT313,SPIRE WELLESLEY HOSPITAL,NHS MID AND SOUTH ESSEX INTEGRATED CARE BOARD,Independent sector / other,1170,718,1170,27,61.4
2026-03-01,NVC18,SPRINGFIELD HOSPITAL,NHS MID AND SOUTH ESSEX INTEGRATED CARE BOARD,Independent sector / other,4975,3573,4975,141,71.8
2026-03-01,NT446,ST EDMUNDS HOSPITAL,NHS SUFFOLK AND NORTH EAST ESSEX INTEGRATED CARE BOARD,Independent sector / other,545,265,545,1,48.6
2026-03-01,RJ7,ST GEORGE'S UNIVERSITY HOSPITALS NHS FOUNDATION TRUST,NHS SOUTH WEST LONDON INTEGRATED CARE BOARD,NHS trust,66997,42462,66997,427,63.4
2026-03-01,NTE02,ST HUGH'S HOSPITAL,NHS HUMBER AND NORTH YORKSHIRE INTEGRATED CARE BOARD,Independent sector / other,1941,1497,1941,12,77.1
2026-03-01,NQT5K,ST MARTINS HOSPITAL,"NHS BATH AND NORTH EAST SOMERSET, SWINDON AND WILTSHIRE INTEGRATED CARE BOARD",Independent sector / other,149,126,149,1,84.6
2026-03-01,AHP,ST MICHAEL'S CLINIC LIMITED,"NHS SHROPSHIRE, TELFORD AND WREKIN INTEGRATED CARE BOARD",Independent sector / other,1716,1103,1716,26,64.3
2026-03-01,NHW,STANDARD HEALTH LTD,NHS NORTH WEST LONDON INTEGRATED CARE BOARD,Independent sector / other,120,78,120,0,65.0
2026-03-01,RWJ,STOCKPORT NHS FOUNDATION TRUST,NHS GREATER MANCHESTER INTEGRATED CARE BOARD,NHS trust,33996,21127,33996,232,62.1
2026-03-01,NVC1H,STOURSIDE HOSPITAL,NHS BLACK COUNTRY INTEGRATED CARE BOARD,Independent sector / other,2961,2082,2961,17,70.3
2026-03-01,NDL01,SUFFOLK GP FEDERATION,NHS SUFFOLK AND NORTH EAST ESSEX INTEGRATED CARE BOARD,Independent sector / other,66,65,66,0,98.5
2026-03-01,G3Z1Q,SULIS HOSPITAL BATH (FOXCOTE AVENUE),"NHS BATH AND NORTH EAST SOMERSET, SWINDON AND WILTSHIRE INTEGRATED CARE BOARD",Independent sector / other,3640,2733,3640,5,75.1
2026-03-01,RTP,SURREY AND SUSSEX HEALTHCARE NHS TRUST,NHS SURREY HEARTLANDS INTEGRATED CARE BOARD,NHS trust,47269,31686,47269,621,67.0
2026-03-01,NYG,SUSSEX COMMUNITY DERMATOLOGY SERVICE,NHS SUSSEX INTEGRATED CARE BOARD,Independent sector / other,13362,10237,13362,1,76.6
2026-03-01,RDR,SUSSEX COMMUNITY NHS FOUNDATION TRUST,NHS SUSSEX INTEGRATED CARE BOARD,NHS trust,13174,7315,13174,119,55.5
2026-03-01,RMP,TAMESIDE AND GLOSSOP INTEGRATED CARE NHS FOUNDATION TRUST,NHS GREATER MANCHESTER INTEGRATED CARE BOARD,NHS trust,16401,12536,16401,0,76.4
2026-03-01,NVC0R,TEES VALLEY HOSPITAL,NHS NORTH EAST AND NORTH CUMBRIA INTEGRATED CARE BOARD,Independent sector / other,4304,3245,4304,0,75.4
2026-03-01,AAH,TETBURY HOSPITAL TRUST LTD,NHS GLOUCESTERSHIRE INTEGRATED CARE BOARD,Independent sector / other,257,241,257,0,93.8
2026-03-01,NVC02,THE BERKSHIRE INDEPENDENT HOSPITAL,"NHS BUCKINGHAMSHIRE, OXFORDSHIRE AND BERKSHIRE WEST INTEGRATED CARE BOARD",Independent sector / other,1095,844,1095,1,77.1
2026-03-01,NVC25,THE CHERWELL HOSPITAL,"NHS BUCKINGHAMSHIRE, OXFORDSHIRE AND BERKSHIRE WEST INTEGRATED CARE BOARD",Independent sector / other,2059,1340,2059,8,65.1
2026-03-01,RBV,THE CHRISTIE NHS FOUNDATION TRUST,NHS GREATER MANCHESTER INTEGRATED CARE BOARD,NHS trust,3066,2976,3066,0,97.1
2026-03-01,REN,THE CLATTERBRIDGE CANCER CENTRE NHS FOUNDATION TRUST,NHS CHESHIRE AND MERSEYSIDE INTEGRATED CARE BOARD,NHS trust,727,701,727,0,96.4
2026-03-01,RNA,THE DUDLEY GROUP NHS FOUNDATION TRUST,NHS BLACK COUNTRY INTEGRATED CARE BOARD,NHS trust,45663,29234,45663,19,64.0
2026-03-01,AJ8,THE GRANGE MEDICAL CENTRE HQ,NHS WEST YORKSHIRE INTEGRATED CARE BOARD,Independent sector / other,237,237,237,0,100.0
2026-03-01,S3H9L,THE HAMPTONS HOSPITAL LTD,NHS CAMBRIDGESHIRE AND PETERBOROUGH INTEGRATED CARE BOARD,Independent sector / other,914,427,914,41,46.7
2026-03-01,RAS,THE HILLINGDON HOSPITALS NHS FOUNDATION TRUST,NHS NORTH WEST LONDON INTEGRATED CARE BOARD,NHS trust,32993,21024,32993,101,63.7
2026-03-01,NXM01,THE HORDER CENTRE - ST JOHNS ROAD,NHS SUSSEX INTEGRATED CARE BOARD,Independent sector / other,1247,677,1247,6,54.3
2026-03-01,NID,THE LIVING CARE GROUP,NHS WEST YORKSHIRE INTEGRATED CARE BOARD,Independent sector / other,232,232,232,0,100.0
2026-03-01,DX1,THE NEW FOSCOTE HOSPITAL LTD,NHS NORTH CENTRAL LONDON INTEGRATED CARE BOARD,Independent sector / other,342,321,342,0,93.9
2026-03-01,RTD,THE NEWCASTLE UPON TYNE HOSPITALS NHS FOUNDATION TRUST,NHS NORTH EAST AND NORTH CUMBRIA INTEGRATED CARE BOARD,NHS trust,81301,58961,81301,579,72.5
2026-03-01,NTX,THE ONE HEALTH GROUP PLC,NHS SOUTH YORKSHIRE INTEGRATED CARE BOARD,Independent sector / other,5728,4153,5728,6,72.5
2026-03-01,RQW,THE PRINCESS ALEXANDRA HOSPITAL NHS TRUST,NHS HERTFORDSHIRE AND WEST ESSEX INTEGRATED CARE BOARD,NHS trust,39762,25493,39762,569,64.1
2026-03-01,RCX,"THE QUEEN ELIZABETH HOSPITAL, KING'S LYNN, NHS FOUNDATION TRUST",NHS NORFOLK AND WAVENEY INTEGRATED CARE BOARD,NHS trust,25029,14633,25029,326,58.5
2026-03-01,RL1,THE ROBERT JONES AND AGNES HUNT ORTHOPAEDIC HOSPITAL NHS FOUNDATION TRUST,"NHS SHROPSHIRE, TELFORD AND WREKIN INTEGRATED CARE BOARD",NHS trust,23933,12533,23933,2814,52.4
2026-03-01,RFR,THE ROTHERHAM NHS FOUNDATION TRUST,NHS SOUTH YORKSHIRE INTEGRATED CARE BOARD,NHS trust,28274,19586,28274,334,69.3
2026-03-01,DJH01,THE ROYAL BUCKINGHAMSHIRE HOSPITAL LTD,"NHS BUCKINGHAMSHIRE, OXFORDSHIRE AND BERKSHIRE WEST INTEGRATED CARE BOARD",Independent sector / other,35,31,35,0,88.6
2026-03-01,RPY,THE ROYAL MARSDEN NHS FOUNDATION TRUST,NHS NORTH WEST LONDON INTEGRATED CARE BOARD,NHS trust,1962,1858,1962,2,94.7
2026-03-01,RRJ,THE ROYAL ORTHOPAEDIC HOSPITAL NHS FOUNDATION TRUST,NHS BIRMINGHAM AND SOLIHULL INTEGRATED CARE BOARD,NHS trust,12591,8256,12591,97,65.6
2026-03-01,RL4,THE ROYAL WOLVERHAMPTON NHS TRUST,NHS BLACK COUNTRY INTEGRATED CARE BOARD,NHS trust,72443,43911,72443,1642,60.6
2026-03-01,RXW,THE SHREWSBURY AND TELFORD HOSPITAL NHS TRUST,"NHS SHROPSHIRE, TELFORD AND WREKIN INTEGRATED CARE BOARD",NHS trust,34275,23616,34275,0,68.9
2026-03-01,DPK,THE STONEYGATE EYE HOSPITAL,"NHS LEICESTER, LEICESTERSHIRE AND RUTLAND INTEGRATED CARE BOARD",Independent sector / other,674,622,674,0,92.3
2026-03-01,RET,THE WALTON CENTRE NHS FOUNDATION TRUST,NHS CHESHIRE AND MERSEYSIDE INTEGRATED CARE BOARD,NHS trust,15460,9917,15460,160,64.1
2026-03-01,NVC44,THE WESTBOURNE CENTRE,NHS BIRMINGHAM AND SOLIHULL INTEGRATED CARE BOARD,Independent sector / other,3666,1992,3666,23,54.3
2026-03-01,NVC20,THE YORKSHIRE CLINIC,NHS WEST YORKSHIRE INTEGRATED CARE BOARD,Independent sector / other,7414,5519,7414,24,74.4
2026-03-01,NT440,THORNBURY HOSPITAL,NHS SOUTH YORKSHIRE INTEGRATED CARE BOARD,Independent sector / other,712,508,712,4,71.3
2026-03-01,NT441,THREE SHIRES HOSPITAL,NHS NORTHAMPTONSHIRE INTEGRATED CARE BOARD,Independent sector / other,3631,2190,3631,56,60.3
2026-03-01,RA9,TORBAY AND SOUTH DEVON NHS FOUNDATION TRUST,NHS DEVON INTEGRATED CARE BOARD,NHS trust,33478,22225,33478,596,66.4
2026-03-01,NN4,TYNESIDE SURGICAL SERVICES LTD,NHS NORTH EAST AND NORTH CUMBRIA INTEGRATED CARE BOARD,Independent sector / other,1417,1130,1417,1,79.7
2026-03-01,RWD,UNITED LINCOLNSHIRE TEACHING HOSPITALS NHS TRUST,NHS LINCOLNSHIRE INTEGRATED CARE BOARD,NHS trust,67753,41212,67753,426,60.8
2026-03-01,RRV,UNIVERSITY COLLEGE LONDON HOSPITALS NHS FOUNDATION TRUST,NHS NORTH CENTRAL LONDON INTEGRATED CARE BOARD,NHS trust,74668,47227,74668,1123,63.2
2026-03-01,RHM,UNIVERSITY HOSPITAL SOUTHAMPTON NHS FOUNDATION TRUST,NHS HAMPSHIRE AND ISLE OF WIGHT INTEGRATED CARE BOARD,NHS trust,59683,37901,59683,1166,63.5
2026-03-01,RRK,UNIVERSITY HOSPITALS BIRMINGHAM NHS FOUNDATION TRUST,NHS BIRMINGHAM AND SOLIHULL INTEGRATED CARE BOARD,NHS trust,89544,61429,89544,397,68.6
2026-03-01,RA7,UNIVERSITY HOSPITALS BRISTOL AND WESTON NHS FOUNDATION TRUST,"NHS BRISTOL, NORTH SOMERSET AND SOUTH GLOUCESTERSHIRE INTEGRATED CARE BOARD",NHS trust,49924,33957,49924,312,68.0
2026-03-01,RKB,UNIVERSITY HOSPITALS COVENTRY AND WARWICKSHIRE NHS TRUST,NHS COVENTRY AND WARWICKSHIRE INTEGRATED CARE BOARD,NHS trust,71049,42074,71049,1623,59.2
2026-03-01,R0D,UNIVERSITY HOSPITALS DORSET NHS FOUNDATION TRUST,NHS DORSET INTEGRATED CARE BOARD,NHS trust,66516,44911,66516,631,67.5
2026-03-01,RTG,UNIVERSITY HOSPITALS OF DERBY AND BURTON NHS FOUNDATION TRUST,NHS DERBY AND DERBYSHIRE INTEGRATED CARE BOARD,NHS trust,93272,57689,93272,1511,61.9
2026-03-01,RWE,UNIVERSITY HOSPITALS OF LEICESTER NHS TRUST,"NHS LEICESTER, LEICESTERSHIRE AND RUTLAND INTEGRATED CARE BOARD",NHS trust,113973,67347,113973,2293,59.1
2026-03-01,RTX,UNIVERSITY HOSPITALS OF MORECAMBE BAY NHS FOUNDATION TRUST,NHS LANCASHIRE AND SOUTH CUMBRIA INTEGRATED CARE BOARD,NHS trust,33941,24278,33941,545,71.5
2026-03-01,RJE,UNIVERSITY HOSPITALS OF NORTH MIDLANDS NHS TRUST,NHS STAFFORDSHIRE AND STOKE-ON-TRENT INTEGRATED CARE BOARD,NHS trust,65401,42333,65401,1197,64.7
2026-03-01,RK9,UNIVERSITY HOSPITALS PLYMOUTH NHS TRUST,NHS DEVON INTEGRATED CARE BOARD,NHS trust,45707,29977,45707,630,65.6
2026-03-01,RYR,UNIVERSITY HOSPITALS SUSSEX NHS FOUNDATION TRUST,NHS SUSSEX INTEGRATED CARE BOARD,NHS trust,112535,62009,112535,3580,55.1
2026-03-01,NRF,UNIVERSITY OF SOUTHAMPTON AUDITORY IMPLANT SERVICE,NHS HAMPSHIRE AND ISLE OF WIGHT INTEGRATED CARE BOARD,Independent sector / other,191,128,191,7,67.0
2026-03-01,AQK,VERNOVA HEALTHCARE COMMUNITY INTEREST COMPANY,NHS CHESHIRE AND MERSEYSIDE INTEGRATED CARE BOARD,Independent sector / other,293,225,293,4,76.8
2026-03-01,RBK,WALSALL HEALTHCARE NHS TRUST,NHS BLACK COUNTRY INTEGRATED CARE BOARD,NHS trust,27304,19985,27304,2,73.2
2026-03-01,RWW,WARRINGTON AND HALTON TEACHING HOSPITALS NHS FOUNDATION TRUST,NHS CHESHIRE AND MERSEYSIDE INTEGRATED CARE BOARD,NHS trust,33132,21626,33132,244,65.3
2026-03-01,RWG,WEST HERTFORDSHIRE TEACHING HOSPITALS NHS TRUST,NHS HERTFORDSHIRE AND WEST ESSEX INTEGRATED CARE BOARD,NHS trust,45394,30867,45394,310,68.0
2026-03-01,NVC21,WEST MIDLANDS HOSPITAL,NHS BLACK COUNTRY INTEGRATED CARE BOARD,Independent sector / other,439,284,439,8,64.7
2026-03-01,RGR,WEST SUFFOLK NHS FOUNDATION TRUST,NHS SUFFOLK AND NORTH EAST ESSEX INTEGRATED CARE BOARD,NHS trust,29130,19228,29130,414,66.0
2026-03-01,RKE,WHITTINGTON HEALTH NHS TRUST,NHS NORTH CENTRAL LONDON INTEGRATED CARE BOARD,NHS trust,21820,15582,21820,76,71.4
2026-03-01,NVC22,WINFIELD HOSPITAL,NHS GLOUCESTERSHIRE INTEGRATED CARE BOARD,Independent sector / other,1115,831,1115,0,74.5
2026-03-01,NT443,WINTERBOURNE HOSPITAL,NHS DORSET INTEGRATED CARE BOARD,Independent sector / other,402,304,402,0,75.6
2026-03-01,RBL,WIRRAL UNIVERSITY TEACHING HOSPITAL NHS FOUNDATION TRUST,NHS CHESHIRE AND MERSEYSIDE INTEGRATED CARE BOARD,NHS trust,43666,28254,43666,355,64.7
2026-03-01,NVC23,WOODLAND HOSPITAL,NHS NORTHAMPTONSHIRE INTEGRATED CARE BOARD,Independent sector / other,5086,3159,5086,4,62.1
2026-03-01,NT457,WOODLANDS HOSPITAL,NHS NORTH EAST AND NORTH CUMBRIA INTEGRATED CARE BOARD,Independent sector / other,2661,2082,2661,0,78.2
2026-03-01,NVC40,WOODTHORPE HOSPITAL,NHS NOTTINGHAM AND NOTTINGHAMSHIRE INTEGRATED CARE BOARD,Independent sector / other,3599,2526,3599,7,70.2
2026-03-01,RWP,WORCESTERSHIRE ACUTE HOSPITALS NHS TRUST,NHS HEREFORDSHIRE AND WORCESTERSHIRE INTEGRATED CARE BOARD,NHS trust,55602,34808,55602,759,62.6
2026-03-01,RRF,"WRIGHTINGTON, WIGAN AND LEIGH TEACHING HOSPITALS NHS FOUNDATION TRUST",NHS GREATER MANCHESTER INTEGRATED CARE BOARD,NHS trust,44374,27160,44374,887,61.2
2026-03-01,RLQ,WYE VALLEY NHS TRUST,NHS HEREFORDSHIRE AND WORCESTERSHIRE INTEGRATED CARE BOARD,NHS trust,26031,16989,26031,546,65.3
2026-03-01,RCB,YORK AND SCARBOROUGH TEACHING HOSPITALS NHS FOUNDATION TRUST,NHS HUMBER AND NORTH YORKSHIRE INTEGRATED CARE BOARD,NHS trust,54965,31097,54965,986,56.6
